/* auto-generated on 2026-10-09 11:29:39 -0400. Do not edit! */
/* begin file src/idna.cpp */
/* begin file src/unicode_transcoding.cpp */
/* begin file include/ada/idna/unicode_transcoding.h */
#ifndef ADA_IDNA_UNICODE_TRANSCODING_H
#define ADA_IDNA_UNICODE_TRANSCODING_H

#include <string>
#include <string_view>

namespace ada::idna {

size_t utf8_to_utf32(const char* buf, size_t len, char32_t* utf32_output);

size_t utf8_length_from_utf32(const char32_t* buf, size_t len);

size_t utf32_length_from_utf8(const char* buf, size_t len);

size_t utf32_to_utf8(const char32_t* buf, size_t len, char* utf8_output);

}  // namespace ada::idna

#endif  // ADA_IDNA_UNICODE_TRANSCODING_H
/* end file include/ada/idna/unicode_transcoding.h */

#include <algorithm>
#include <cstdint>
#include <cstring>

namespace ada::idna {

size_t utf8_to_utf32(const char* buf, size_t len, char32_t* utf32_output) {
  const uint8_t* data = reinterpret_cast<const uint8_t*>(buf);
  size_t pos = 0;
  const char32_t* start{utf32_output};
  while (pos < len) {
    // try to convert the next block of 16 ASCII bytes
    if (pos + 16 <= len) {  // if it is safe to read 16 more
                            // bytes, check that they are ascii
      uint64_t v1;
      std::memcpy(&v1, data + pos, sizeof(uint64_t));
      uint64_t v2;
      std::memcpy(&v2, data + pos + sizeof(uint64_t), sizeof(uint64_t));
      uint64_t v{v1 | v2};
      if ((v & 0x8080808080808080) == 0) {
        size_t final_pos = pos + 16;
        while (pos < final_pos) {
          *utf32_output++ = char32_t(buf[pos]);
          pos++;
        }
        continue;
      }
    }
    uint8_t leading_byte = data[pos];  // leading byte
    if (leading_byte < 0b10000000) {
      // converting one ASCII byte !!!
      *utf32_output++ = char32_t(leading_byte);
      pos++;
    } else if ((leading_byte & 0b11100000) == 0b11000000) {
      // We have a two-byte UTF-8
      if (pos + 1 >= len) {
        return 0;
      }  // minimal bound checking
      if ((data[pos + 1] & 0b11000000) != 0b10000000) {
        return 0;
      }
      // range check
      uint32_t code_point =
          (leading_byte & 0b00011111) << 6 | (data[pos + 1] & 0b00111111);
      if (code_point < 0x80 || 0x7ff < code_point) {
        return 0;
      }
      *utf32_output++ = char32_t(code_point);
      pos += 2;
    } else if ((leading_byte & 0b11110000) == 0b11100000) {
      // We have a three-byte UTF-8
      if (pos + 2 >= len) {
        return 0;
      }  // minimal bound checking

      if ((data[pos + 1] & 0b11000000) != 0b10000000) {
        return 0;
      }
      if ((data[pos + 2] & 0b11000000) != 0b10000000) {
        return 0;
      }
      // range check
      uint32_t code_point = (leading_byte & 0b00001111) << 12 |
                            (data[pos + 1] & 0b00111111) << 6 |
                            (data[pos + 2] & 0b00111111);
      if (code_point < 0x800 || 0xffff < code_point ||
          (0xd7ff < code_point && code_point < 0xe000)) {
        return 0;
      }
      *utf32_output++ = char32_t(code_point);
      pos += 3;
    } else if ((leading_byte & 0b11111000) == 0b11110000) {  // 0b11110000
      // we have a 4-byte UTF-8 word.
      if (pos + 3 >= len) {
        return 0;
      }  // minimal bound checking
      if ((data[pos + 1] & 0b11000000) != 0b10000000) {
        return 0;
      }
      if ((data[pos + 2] & 0b11000000) != 0b10000000) {
        return 0;
      }
      if ((data[pos + 3] & 0b11000000) != 0b10000000) {
        return 0;
      }

      // range check
      uint32_t code_point = (leading_byte & 0b00000111) << 18 |
                            (data[pos + 1] & 0b00111111) << 12 |
                            (data[pos + 2] & 0b00111111) << 6 |
                            (data[pos + 3] & 0b00111111);
      if (code_point <= 0xffff || 0x10ffff < code_point) {
        return 0;
      }
      *utf32_output++ = char32_t(code_point);
      pos += 4;
    } else {
      return 0;
    }
  }
  return utf32_output - start;
}

size_t utf8_length_from_utf32(const char32_t* buf, size_t len) {
  // We are not BOM aware.
  const uint32_t* p = reinterpret_cast<const uint32_t*>(buf);
  size_t counter{0};
  for (size_t i = 0; i != len; ++i) {
    ++counter;                                      // ASCII
    counter += static_cast<size_t>(p[i] > 0x7F);    // two-byte
    counter += static_cast<size_t>(p[i] > 0x7FF);   // three-byte
    counter += static_cast<size_t>(p[i] > 0xFFFF);  // four-bytes
  }
  return counter;
}

size_t utf32_length_from_utf8(const char* buf, size_t len) {
  const int8_t* p = reinterpret_cast<const int8_t*>(buf);
  return std::count_if(p, std::next(p, len), [](int8_t c) {
    // -65 is 0b10111111, anything larger in two-complement's
    // should start a new code point.
    return c > -65;
  });
}

size_t utf32_to_utf8(const char32_t* buf, size_t len, char* utf8_output) {
  const uint32_t* data = reinterpret_cast<const uint32_t*>(buf);
  size_t pos = 0;
  const char* start{utf8_output};
  while (pos < len) {
    // try to convert the next block of 2 ASCII characters
    if (pos + 2 <= len) {  // if it is safe to read 8 more
                           // bytes, check that they are ascii
      uint64_t v;
      std::memcpy(&v, data + pos, sizeof(uint64_t));
      if ((v & 0xFFFFFF80FFFFFF80) == 0) {
        *utf8_output++ = char(buf[pos]);
        *utf8_output++ = char(buf[pos + 1]);
        pos += 2;
        continue;
      }
    }
    uint32_t word = data[pos];
    if ((word & 0xFFFFFF80) == 0) {
      // will generate one UTF-8 bytes
      *utf8_output++ = char(word);
      pos++;
    } else if ((word & 0xFFFFF800) == 0) {
      // will generate two UTF-8 bytes
      // we have 0b110XXXXX 0b10XXXXXX
      *utf8_output++ = char((word >> 6) | 0b11000000);
      *utf8_output++ = char((word & 0b111111) | 0b10000000);
      pos++;
    } else if ((word & 0xFFFF0000) == 0) {
      // will generate three UTF-8 bytes
      // we have 0b1110XXXX 0b10XXXXXX 0b10XXXXXX
      if (word >= 0xD800 && word <= 0xDFFF) {
        return 0;
      }
      *utf8_output++ = char((word >> 12) | 0b11100000);
      *utf8_output++ = char(((word >> 6) & 0b111111) | 0b10000000);
      *utf8_output++ = char((word & 0b111111) | 0b10000000);
      pos++;
    } else {
      // will generate four UTF-8 bytes
      // we have 0b11110XXX 0b10XXXXXX 0b10XXXXXX
      // 0b10XXXXXX
      if (word > 0x10FFFF) {
        return 0;
      }
      *utf8_output++ = char((word >> 18) | 0b11110000);
      *utf8_output++ = char(((word >> 12) & 0b111111) | 0b10000000);
      *utf8_output++ = char(((word >> 6) & 0b111111) | 0b10000000);
      *utf8_output++ = char((word & 0b111111) | 0b10000000);
      pos++;
    }
  }
  return utf8_output - start;
}
}  // namespace ada::idna
/* end file src/unicode_transcoding.cpp */
/* begin file src/mapping.cpp */
/* begin file include/ada/idna/mapping.h */
#ifndef ADA_IDNA_MAPPING_H
#define ADA_IDNA_MAPPING_H

#include <string>
#include <string_view>

namespace ada::idna {

// If the input is ascii, then the mapping is just -> lower case.
void ascii_map(char* input, size_t length);
// Map the characters according to IDNA, returning the empty string on error.
std::u32string map(std::u32string_view input);
// Map into an existing buffer (cleared on entry). Returns false if any code
// point is disallowed. Reusing the buffer avoids repeated heap allocations
// when called in a loop over multiple labels.
bool map(std::u32string_view input, std::u32string& out);

}  // namespace ada::idna

#endif
/* end file include/ada/idna/mapping.h */

#include <array>
#include <cstring>
#include <cstdint>
#include <string>

/* begin file src/table_store.hpp */
// Runtime store for compressed Unicode/IDNA tables.
// Large tables are DEFLATE-compressed (read-only) and expanded once on first
// use into a heap buffer so the working set does not bloat the on-disk binary.
// Hot-path lookups use the same O(1) multi-stage layout as the pre-compression
// code; compression only affects on-disk size and one-time init.
//
// Thread-safe without mutex: atomic CAS + spin-wait. ensure_tables() returns
// false if initialization fails (OOM, corrupt blob); callers must treat that
// as a hard error and not touch table pointers.

/* begin file src/raw_inflate.hpp */
// Minimal raw DEFLATE inflater (RFC 1951), enough for zlib raw streams.
// Returns number of output bytes written, or 0 on failure.
#include <cstdint>
#include <cstring>

namespace ada::idna::deflate {

struct BitReader {
  const uint8_t* p;
  const uint8_t* end;
  uint32_t acc = 0;
  int bits = 0;

  explicit BitReader(const uint8_t* data, size_t len)
      : p(data), end(data + len) {}

  bool ensure(int n) {
    while (bits < n) {
      if (p >= end) return false;
      acc |= uint32_t(*p++) << bits;
      bits += 8;
    }
    return true;
  }
  uint32_t get(int n) {
    if (!ensure(n)) return UINT32_MAX;
    uint32_t v = acc & ((1u << n) - 1);
    acc >>= n;
    bits -= n;
    return v;
  }
  void align_byte() {
    acc >>= (bits & 7);
    bits -= (bits & 7);
  }
};

struct Huff {
  // canonical codes: for each length, list of symbols
  // Fast path: table for codes up to max_bits
  static constexpr int MAXBITS = 15;
  uint8_t lengths[288]{};
  int counts[MAXBITS + 1]{};
  int first_code[MAXBITS + 1]{};
  int16_t symbols[288]{};
  int nsymbols = 0;
  int max_bits = 0;

  // Base index into symbols[] for each code length (used by decode).
  int base_idx[MAXBITS + 1]{};

  bool build(const uint8_t* lens, int n) {
    std::memset(counts, 0, sizeof(counts));
    std::memset(first_code, 0, sizeof(first_code));
    std::memset(base_idx, 0, sizeof(base_idx));
    nsymbols = n;
    max_bits = 0;
    for (int i = 0; i < n; i++) {
      lengths[i] = lens[i];
      if (lens[i]) {
        counts[lens[i]]++;
        if (lens[i] > max_bits) max_bits = lens[i];
      }
    }
    // Canonical first code for each bit length (RFC 1951).
    int code = 0;
    for (int bits = 1; bits <= MAXBITS; bits++) {
      code = (code + counts[bits - 1]) << 1;
      first_code[bits] = code;
    }
    int idx = 0;
    for (int bits = 1; bits <= max_bits; bits++) {
      base_idx[bits] = idx;
      // assign symbols in symbol order for codes of this length
      for (int sym = 0; sym < n; sym++) {
        if (lengths[sym] == bits) {
          symbols[idx++] = static_cast<int16_t>(sym);
        }
      }
    }
    return true;
  }

  int decode(BitReader& br) const {
    if (max_bits == 0) return -1;
    int code = 0;
    for (int len = 1; len <= max_bits; len++) {
      uint32_t b = br.get(1);
      if (b == UINT32_MAX) return -1;
      code = (code << 1) | int(b);
      int first = first_code[len];
      int cnt = counts[len];
      if (cnt && code - first < cnt) {
        return symbols[base_idx[len] + (code - first)];
      }
    }
    return -1;
  }
};

// Fixed Huffman tables are built once at dynamic initialization (before main /
// single-threaded), so concurrent first-use of inflate cannot race.
inline Huff make_fixed_litlen_huff() {
  Huff h;
  uint8_t lens[288];
  // Fixed Huffman: 0-143:8, 144-255:9, 256-279:7, 280-287:8
  for (int i = 0; i <= 143; i++) lens[i] = 8;
  for (int i = 144; i <= 255; i++) lens[i] = 9;
  for (int i = 256; i <= 279; i++) lens[i] = 7;
  for (int i = 280; i <= 287; i++) lens[i] = 8;
  h.build(lens, 288);
  return h;
}

inline Huff make_fixed_dist_huff() {
  Huff h;
  uint8_t lens[32];
  for (int i = 0; i < 32; i++) lens[i] = 5;
  h.build(lens, 32);
  return h;
}

// NOLINTNEXTLINE(cert-err58-cpp) -- intentional process-lifetime tables
inline const Huff kFixedLitLenHuff = make_fixed_litlen_huff();
// NOLINTNEXTLINE(cert-err58-cpp)
inline const Huff kFixedDistHuff = make_fixed_dist_huff();

inline int fixed_litlen(BitReader& br) { return kFixedLitLenHuff.decode(br); }

inline int fixed_dist(BitReader& br) { return kFixedDistHuff.decode(br); }

// length and distance base tables
static const uint16_t len_base[29] = {
    3,  4,  5,  6,  7,  8,  9,  10, 11,  13,  15,  17,  19,  23, 27,
    31, 35, 43, 51, 59, 67, 83, 99, 115, 131, 163, 195, 227, 258};
static const uint8_t len_extra[29] = {0, 0, 0, 0, 0, 0, 0, 0, 1, 1,
                                      1, 1, 2, 2, 2, 2, 3, 3, 3, 3,
                                      4, 4, 4, 4, 5, 5, 5, 5, 0};
static const uint16_t dist_base[30] = {
    1,    2,    3,    4,    5,    7,    9,    13,    17,    25,
    33,   49,   65,   97,   129,  193,  257,  385,   513,   769,
    1025, 1537, 2049, 3073, 4097, 6145, 8193, 12289, 16385, 24577};
static const uint8_t dist_extra[30] = {0, 0, 0,  0,  1,  1,  2,  2,  3,  3,
                                       4, 4, 5,  5,  6,  6,  7,  7,  8,  8,
                                       9, 9, 10, 10, 11, 11, 12, 12, 13, 13};

inline size_t inflate_raw(const uint8_t* src, size_t src_len, uint8_t* dst,
                          size_t dst_cap) {
  BitReader br(src, src_len);
  size_t out = 0;
  for (;;) {
    uint32_t bfinal = br.get(1);
    uint32_t btype = br.get(2);
    if (bfinal == UINT32_MAX || btype == UINT32_MAX) return 0;
    if (btype == 0) {
      // stored
      br.align_byte();
      if (!br.ensure(16)) return 0;
      // read 16+16 from bit buffer awkwardly - use byte path
      // Align: bits is multiple of 8
      // Get len from remaining bits then bytes
      uint32_t len = br.get(16);
      uint32_t nlen = br.get(16);
      if (len == UINT32_MAX || nlen == UINT32_MAX) return 0;
      if ((len ^ 0xFFFF) != nlen) return 0;
      // After get, may have bits in acc from previous - for stored, should be
      // byte aligned Copy len bytes from p
      if (br.bits != 0) {
        // leftover bits should be 0 if aligned
      }
      if (size_t(br.end - br.p) < len) return 0;
      if (out + len > dst_cap) return 0;
      std::memcpy(dst + out, br.p, len);
      br.p += len;
      out += len;
    } else if (btype == 1 || btype == 2) {
      Huff lit, dist;
      if (btype == 1) {
        // use fixed via functions
      } else {
        // dynamic
        uint32_t hlit = br.get(5);
        if (hlit == UINT32_MAX) return 0;
        hlit += 257;
        uint32_t hdist = br.get(5);
        if (hdist == UINT32_MAX) return 0;
        hdist += 1;
        uint32_t hclen = br.get(4);
        if (hclen == UINT32_MAX) return 0;
        hclen += 4;
        static const int order[19] = {16, 17, 18, 0, 8,  7, 9,  6, 10, 5,
                                      11, 4,  12, 3, 13, 2, 14, 1, 15};
        uint8_t clen[19]{};
        for (uint32_t i = 0; i < hclen; i++) {
          uint32_t v = br.get(3);
          if (v == UINT32_MAX) return 0;
          clen[order[i]] = uint8_t(v);
        }
        Huff cl;
        if (!cl.build(clen, 19)) return 0;
        uint8_t lens[288 + 32]{};
        uint32_t n = hlit + hdist;
        for (uint32_t i = 0; i < n;) {
          int sym = cl.decode(br);
          if (sym < 0) return 0;
          if (sym < 16) {
            lens[i++] = uint8_t(sym);
          } else if (sym == 16) {
            uint32_t rep = br.get(2);
            if (rep == UINT32_MAX) return 0;
            rep += 3;
            if (i == 0) return 0;
            uint8_t v = lens[i - 1];
            while (rep--) lens[i++] = v;
          } else if (sym == 17) {
            uint32_t rep = br.get(3);
            if (rep == UINT32_MAX) return 0;
            rep += 3;
            while (rep--) lens[i++] = 0;
          } else if (sym == 18) {
            uint32_t rep = br.get(7);
            if (rep == UINT32_MAX) return 0;
            rep += 11;
            while (rep--) lens[i++] = 0;
          } else
            return 0;
        }
        if (!lit.build(lens, int(hlit))) return 0;
        if (!dist.build(lens + hlit, int(hdist))) return 0;
      }
      for (;;) {
        int sym;
        if (btype == 1)
          sym = fixed_litlen(br);
        else
          sym = lit.decode(br);
        if (sym < 0) return 0;
        if (sym < 256) {
          if (out >= dst_cap) return 0;
          dst[out++] = uint8_t(sym);
        } else if (sym == 256) {
          break;
        } else {
          int len_code = sym - 257;
          if (len_code < 0 || len_code > 28) return 0;
          uint32_t extra = br.get(len_extra[len_code]);
          if (len_extra[len_code] && extra == UINT32_MAX) return 0;
          uint32_t length =
              len_base[len_code] + (len_extra[len_code] ? extra : 0);
          int dsym;
          if (btype == 1)
            dsym = fixed_dist(br);
          else
            dsym = dist.decode(br);
          if (dsym < 0 || dsym > 29) return 0;
          uint32_t dextra = br.get(dist_extra[dsym]);
          if (dist_extra[dsym] && dextra == UINT32_MAX) return 0;
          uint32_t distance = dist_base[dsym] + (dist_extra[dsym] ? dextra : 0);
          if (distance > out || out + length > dst_cap) return 0;
          for (uint32_t k = 0; k < length; k++) {
            dst[out] = dst[out - distance];
            out++;
          }
        }
      }
    } else {
      return 0;  // reserved
    }
    if (bfinal) break;
  }
  return out;
}

}  // namespace ada::idna::deflate
/* end file src/raw_inflate.hpp */
/* begin file src/table_blob.inc */
// Auto-generated by scripts/pack_tables.py - do not edit.
// Compressed Unicode/IDNA tables (raw DEFLATE).
// clang-format off
#ifndef ADA_IDNA_TABLE_BLOB_H
#define ADA_IDNA_TABLE_BLOB_H
#include <cstdint>
#include <cstddef>
namespace ada::idna::table_blob {
constexpr size_t uncompressed_size = 216077;
constexpr size_t compressed_size = 65331;
constexpr uint32_t uncompressed_crc32 = 0xC16EA7DEu;
constexpr size_t decomposition_block_rows = 70;
constexpr size_t decomposition_block_cols = 257;
constexpr size_t ccc_block_rows = 69;
constexpr size_t ccc_block_cols = 256;
constexpr size_t composition_block_rows = 27;
constexpr size_t composition_block_cols = 257;
constexpr size_t id_continue_count = 1437;
constexpr size_t id_start_count = 789;
constexpr size_t dir_table_count = 1608;
constexpr size_t combining_range_count = 333;
constexpr size_t joining_table_count = 533;
// Offsets into the decompressed buffer:
constexpr size_t off_idna_stage1 = 0;
constexpr size_t count_idna_stage1 = 4081;
constexpr size_t off_idna_stage2 = 8162;
constexpr size_t count_idna_stage2 = 11712;
constexpr size_t off_idna_bool_blocks = 31592;
constexpr size_t count_idna_bool_blocks = 225;
constexpr size_t off_idna_utf8_mappings = 33392;
constexpr size_t count_idna_utf8_mappings = 17651;
constexpr size_t off_decomposition_index = 51043;
constexpr size_t count_decomposition_index = 4352;
constexpr size_t off_decomposition_block = 55396;
constexpr size_t count_decomposition_block = 17990;
constexpr size_t off_decomposition_data = 91376;
constexpr size_t count_decomposition_data = 9255;
constexpr size_t off_ccc_index = 128396;
constexpr size_t count_ccc_index = 4352;
constexpr size_t off_ccc_block = 132748;
constexpr size_t count_ccc_block = 17664;
constexpr size_t off_composition_index = 150412;
constexpr size_t count_composition_index = 4352;
constexpr size_t off_composition_block = 154764;
constexpr size_t count_composition_block = 6939;
constexpr size_t off_composition_data = 168644;
constexpr size_t count_composition_data = 1923;
constexpr size_t off_id_continue_flat = 176336;
constexpr size_t count_id_continue_flat = 2874;
constexpr size_t off_id_start_flat = 187832;
constexpr size_t count_id_start_flat = 1578;
constexpr size_t off_dir_start = 194144;
constexpr size_t count_dir_start = 1608;
constexpr size_t off_dir_final = 200576;
constexpr size_t count_dir_final = 1608;
constexpr size_t off_dir_value = 207008;
constexpr size_t count_dir_value = 1608;
constexpr size_t off_combining_flat = 208616;
constexpr size_t count_combining_flat = 666;
constexpr size_t off_joining_start = 211280;
constexpr size_t count_joining_start = 533;
constexpr size_t off_joining_final = 213412;
constexpr size_t count_joining_final = 533;
constexpr size_t off_joining_value = 215544;
constexpr size_t count_joining_value = 533;
alignas(8) inline constexpr uint8_t compressed[] = {
0xec,0x9c,0x09,0x40,0x54,0x55,0xfb,0xff,0x1f,0x18,0x59,0x94,0x65,0x9c,0x19,0xb6,
0x51,0x61,0x10,0x18,0x98,0x61,0x9f,0x19,0x18,0x76,0x66,0x58,0xda,0xcb,0xb6,0xb7,
0x3d,0x2b,0xf7,0xdc,0xb7,0xb4,0xb4,0xd2,0xcb,0x2e,0x28,0xe0,0x86,0x0a,0xb2,0x08,
0x8a,0x1b,0xa2,0x02,0xa2,0xec,0x60,0x88,0x8a,0xa5,0x88,0x88,0x65,0x6f,0x96,0x9a,
0x20,0x58,0x5a,0x56,0xb6,0x58,0x32,0xff,0xef,0xbd,0x33,0xa0,0x99,0xbd,0xf5,0x96,
0xbd,0xbf,0xdf,0xfb,0xfb,0x37,0x0f,0x9f,0x73,0xce,0x3d,0xf7,0x9c,0xf3,0x3c,0xe7,
0xb9,0xe7,0x9e,0x7b,0xce,0x1d,0x80,0x18,0x22,0x2d,0x31,0xd4,0x44,0x64,0xa4,0x35,
0x62,0x8c,0x9a,0x8c,0xc8,0x58,0x6b,0xcc,0x18,0x13,0xd3,0x64,0x4c,0x3c,0x2d,0x8f,
0xe1,0x35,0xf1,0x68,0x90,0x76,0x10,0x33,0xa8,0x69,0x10,0x99,0x18,0x31,0xc6,0x8c,
0xd6,0x84,0x18,0x1e,0x33,0x88,0x31,0x61,0x4c,0x19,0x33,0xc6,0x9c,0x19,0xcc,0x0c,
0x61,0x2c,0x18,0x62,0x18,0x13,0x4b,0xa6,0xc9,0x84,0x4c,0xb5,0xa6,0x56,0x8c,0x35,
0xc3,0x67,0x18,0xd3,0xa1,0x8c,0x80,0x11,0x32,0x22,0xc6,0x86,0xb1,0x65,0xec,0x18,
0x7b,0xc6,0x81,0x11,0x33,0x4d,0xa6,0xc3,0x18,0x32,0xd3,0x9a,0x31,0x66,0x4d,0x66,
0x64,0x3e,0x1c,0xf5,0x88,0xd1,0x9a,0x33,0xe6,0xd0,0x67,0x4e,0xdc,0xd1,0x08,0xc6,
0x91,0x71,0x62,0x24,0x8c,0x33,0x33,0x92,0xa1,0xc1,0xfa,0xbc,0x9f,0x8b,0x0b,0xe3,
0xca,0xb8,0x31,0x52,0x46,0x3b,0xd8,0x9d,0x61,0x06,0xbb,0x32,0x1e,0x8c,0x8c,0x91,
0x33,0x9e,0x8c,0x17,0xe3,0xcd,0xf8,0x30,0xbe,0x8c,0x1f,0xe3,0x8f,0x52,0x0a,0xa0,
0x64,0x54,0x4c,0x00,0xd3,0x34,0x38,0x90,0xa1,0x21,0xda,0x21,0xcc,0x10,0x68,0x19,
0x42,0x16,0x5a,0x0b,0xc6,0xa2,0xc9,0x82,0x2c,0xb5,0x96,0x8c,0x65,0x93,0x25,0x59,
0x69,0xad,0xd4,0x0c,0x63,0xd5,0x64,0x45,0xd6,0xb0,0xc5,0x5a,0xaf,0x83,0x31,0xc4,
0x41,0x4c,0x93,0x35,0xf1,0xb5,0xfc,0x3b,0xd9,0x71,0x27,0x61,0xf8,0x4d,0x6c,0xd9,
0xa1,0xc4,0x04,0xeb,0xfb,0x36,0x94,0x19,0xda,0x34,0x94,0x04,0x21,0x8c,0x56,0x10,
0xca,0x84,0x21,0x27,0x9c,0x61,0x04,0x4d,0x02,0x12,0x6a,0x85,0x8c,0xb0,0x49,0x48,
0xa2,0x08,0x46,0x2b,0x62,0x44,0x4d,0x22,0xb2,0xd1,0xda,0x44,0x32,0x8c,0x4d,0x93,
0x0d,0xd9,0x6a,0x6d,0x19,0xdb,0x26,0x5b,0xb2,0xd3,0xda,0xfd,0x5e,0xbd,0x7f,0xcb,
0xdf,0xf2,0xb7,0xfc,0x35,0xa2,0x61,0xb4,0x03,0xe9,0x28,0x86,0xb1,0x6b,0xb2,0x8b,
0x66,0xc8,0x5e,0x6b,0xcf,0xd8,0x37,0xd9,0xc7,0x30,0x48,0x33,0xb1,0xe0,0x1e,0x70,
0x2f,0x73,0x1f,0x73,0x3f,0xe2,0x07,0x98,0x07,0x19,0x72,0xd0,0x3a,0x3c,0xf4,0xb7,
0xf7,0xfe,0x42,0x79,0x98,0x79,0x84,0x19,0xf5,0xb7,0x70,0xc2,0x38,0x34,0x39,0x90,
0x58,0x2b,0x66,0xc4,0x4d,0x62,0x1a,0xa6,0x1d,0xc6,0x0c,0x6b,0x1a,0x46,0xc3,0xb5,
0xc3,0x99,0xe1,0x4d,0xc3,0x69,0x84,0x76,0x04,0x33,0xa2,0x69,0x04,0x39,0x6a,0x1d,
0x19,0xc7,0x26,0x47,0x72,0xd2,0x3a,0x31,0x4e,0x4d,0x4e,0x24,0xd1,0x4a,0x1e,0x65,
0x1e,0x83,0x27,0x1f,0x67,0x9e,0x40,0xf8,0x24,0xf3,0x0f,0xae,0xad,0xa7,0x98,0xa7,
0x99,0x67,0x98,0x67,0x99,0xe7,0x98,0xe7,0x19,0x46,0x82,0x67,0xa6,0x84,0x9c,0x5f,
0x60,0xb4,0xce,0x8c,0xf3,0x8b,0x03,0xbe,0xbf,0x8f,0x19,0xcd,0x34,0x39,0x8f,0x62,
0x5e,0x62,0x5e,0x66,0x5e,0x61,0xc6,0x30,0x63,0x99,0x71,0xcc,0x78,0x66,0x02,0x33,
0x91,0x99,0xc4,0xbc,0xca,0x4c,0x66,0xa6,0x30,0x53,0x99,0x69,0x68,0x8b,0x98,0xe9,
0x0c,0x8d,0x9c,0xc1,0xcc,0x64,0xb4,0x23,0x67,0x71,0xad,0xcf,0x66,0xe6,0x30,0x73,
0x99,0x17,0x98,0xd7,0x98,0x79,0xcc,0x7c,0x9c,0x7f,0x9d,0x79,0x83,0x59,0xc0,0x2c,
0x64,0xde,0x44,0xfa,0x2d,0xe6,0x6d,0x66,0x11,0xb3,0x98,0x61,0x98,0x38,0x26,0x9e,
0x49,0x60,0x12,0x91,0x97,0x04,0x92,0xb9,0x9a,0x29,0xcc,0x12,0xa4,0x53,0x99,0x34,
0x66,0x29,0xb3,0x8c,0x49,0xe7,0xf2,0x32,0xd8,0xbe,0x8f,0xcc,0x64,0x96,0x33,0x2b,
0x98,0x95,0xcc,0x2a,0x9c,0x5f,0xcd,0x64,0x61,0x7d,0xb0,0x86,0x59,0x8b,0x33,0xeb,
0x98,0x6c,0x26,0x87,0x59,0x8f,0x54,0x2e,0x93,0xc7,0xe4,0x33,0x05,0x06,0x6f,0x6d,
0x60,0x0a,0x99,0x22,0x66,0x23,0xb3,0xe9,0x5f,0x8e,0xaf,0x71,0x9c,0xfd,0xfd,0x52,
0x3c,0x90,0x4a,0xbf,0x4b,0xd7,0x6c,0x33,0xb3,0xe5,0x37,0xc7,0xf8,0x56,0x66,0xdb,
0xff,0xe0,0x1d,0xf6,0xf8,0x1d,0xf2,0xd2,0xff,0x4f,0xde,0x3f,0x69,0x7f,0xb0,0xde,
0xed,0xde,0x71,0x65,0xb6,0x33,0x25,0xcc,0x0e,0xa4,0x4a,0x99,0x9d,0x77,0xd4,0xd0,
0x34,0x92,0x5c,0x76,0xe1,0xfc,0x6e,0xa6,0x8c,0x29,0xff,0xff,0x64,0xa6,0xae,0x60,
0xf6,0x70,0xbe,0xfa,0xd7,0xe3,0xbd,0x92,0xd9,0xfb,0xff,0xd9,0xac,0xbd,0x6f,0xa0,
0xef,0x5a,0x97,0xaa,0x5b,0x3c,0x91,0x71,0xd7,0x34,0x10,0x53,0xcd,0x30,0x2e,0xff,
0x73,0x3d,0xd4,0xf7,0xa7,0xc9,0xe5,0xd6,0xeb,0x5c,0xc3,0xd4,0x32,0x75,0xdc,0x9a,
0xaa,0xde,0x90,0x23,0x63,0x43,0x57,0xad,0x2b,0xe3,0x4a,0x4c,0x03,0x9e,0x00,0x8d,
0x6c,0x1d,0xfd,0xdd,0xe2,0x4a,0x6e,0x5a,0x37,0xc6,0xad,0xc9,0x8d,0xa4,0x5a,0x29,
0x23,0x6d,0x92,0x92,0xbb,0xd6,0x9d,0x71,0x6f,0x72,0x27,0x0f,0xad,0x07,0xe3,0x71,
0xa7,0x71,0xb4,0x1f,0xf5,0xde,0xf9,0x4d,0xbb,0x9a,0x3c,0x48,0xa6,0x95,0x31,0xb2,
0x26,0x59,0x33,0x8e,0x0f,0x30,0x2d,0x03,0xe7,0x0e,0x32,0x87,0x6e,0x2b,0x7d,0xd8,
0x10,0xb7,0x1a,0xe2,0x23,0x86,0xf8,0x5d,0x83,0xc6,0xf7,0x18,0x92,0x1f,0xfd,0x15,
0x4d,0xc7,0x98,0x36,0x84,0xc7,0x0d,0x47,0x5a,0x39,0x23,0x6f,0x92,0xb7,0x0f,0x9c,
0xf5,0x42,0xed,0x13,0x4c,0x07,0x43,0x9e,0x5a,0x4f,0xc6,0xf3,0x24,0xd3,0xe4,0x49,
0x5e,0x77,0x9a,0x57,0x7e,0x2e,0x9d,0x86,0xf8,0x14,0xf3,0x3e,0xf3,0x01,0x73,0x9a,
0xf9,0xf0,0x96,0x73,0xff,0x04,0x1f,0x71,0xa9,0x33,0x8c,0xd6,0xeb,0xdf,0x9d,0xbf,
0xfe,0x96,0xbf,0xe5,0x6f,0xf9,0x5b,0xfe,0x96,0x7f,0x25,0xaf,0xfe,0xaf,0xb1,0xe4,
0xe3,0xff,0x42,0xef,0xd5,0xfd,0x7f,0x33,0x4e,0x3e,0xb9,0x43,0xde,0x92,0xbb,0xbb,
0xef,0xf7,0x6a,0xf2,0x22,0x6f,0xad,0x37,0xe3,0xdd,0xe4,0x4d,0x3e,0x5a,0x1f,0xc6,
0xe7,0xcf,0xed,0x5f,0xfe,0xf7,0xc8,0xd9,0xbf,0xe7,0x19,0x4e,0xd2,0xfe,0x7e,0xbb,
0xf5,0xb7,0xfc,0x2d,0x7f,0xcb,0xff,0x49,0xf9,0x7b,0x7e,0xff,0xab,0x45,0xa7,0x33,
0x22,0x1e,0x99,0x90,0x19,0x0d,0x26,0x0b,0xb2,0x22,0x3e,0x09,0x48,0x44,0xb6,0x64,
0x4f,0x62,0x1a,0x4e,0x8e,0x24,0xa1,0x91,0xe4,0x4a,0x52,0xf2,0x20,0x39,0x79,0x91,
0x0f,0xf9,0x91,0x82,0x54,0xa4,0xbb,0x6b,0x9f,0xbe,0x3f,0x29,0x81,0xb7,0xd9,0x12,
0x44,0x6c,0x8f,0xd8,0x14,0x21,0x0c,0xe3,0x52,0x1a,0x8a,0xa2,0x18,0xba,0x8f,0x4b,
0x3f,0x48,0xa3,0xd0,0x2b,0x9d,0xee,0x31,0x7a,0x9a,0x5e,0x44,0x3c,0x96,0x26,0xd0,
0xab,0x34,0x95,0x66,0xd0,0x6c,0x7a,0x8d,0x5e,0xa7,0x85,0xf4,0x36,0xdc,0x92,0x40,
0xc9,0x94,0x4a,0xcb,0x28,0x93,0x56,0x52,0x16,0xad,0xa3,0xf5,0x94,0x4f,0x85,0xb4,
0x09,0xe5,0xb7,0xd0,0x76,0x2a,0xa5,0xdd,0x54,0x41,0x7b,0xa9,0xfa,0x2e,0xf8,0xa1,
0x0e,0x6d,0x34,0x82,0x77,0x40,0x0b,0x38,0x0c,0xde,0x05,0xc7,0x40,0x3b,0x38,0x09,
0xde,0x07,0x1f,0x82,0x33,0xe0,0x2c,0xf8,0x14,0x74,0x83,0x5e,0xf0,0x39,0xf8,0x02,
0x7c,0x05,0xae,0x81,0xef,0xc1,0x8f,0xa0,0x8f,0xf5,0x83,0x91,0x4e,0x37,0x08,0x98,
0x1b,0x99,0x1b,0x59,0x20,0xb6,0x36,0x62,0x35,0x0a,0x10,0xda,0x00,0x7b,0x30,0xcc,
0x68,0x98,0x91,0x13,0xe2,0x91,0xc0,0x0d,0x78,0x00,0x4f,0x23,0x5f,0x84,0x0a,0x10,
0x00,0x82,0x40,0x28,0x88,0x00,0x5a,0x10,0x03,0xee,0x05,0x0f,0x80,0x87,0xc1,0xa3,
0xe0,0x09,0xf0,0x14,0x78,0x16,0xbc,0x00,0x5e,0x02,0x63,0xc0,0x78,0x30,0x09,0x4c,
0x01,0xd3,0xc1,0x2c,0x30,0xd7,0x68,0x3e,0xc2,0x05,0xe0,0x2d,0x20,0x85,0x95,0x8b,
0x8d,0xe2,0x91,0x4a,0x02,0x4b,0x8c,0x96,0x22,0xcc,0x30,0x5a,0x61,0xb4,0x9a,0xb3,
0x74,0xad,0x51,0x8e,0x51,0x9e,0xd1,0x06,0xa4,0x37,0x1a,0x6d,0x46,0xb8,0xcd,0x68,
0x87,0xd1,0x2e,0x23,0xbd,0xdf,0xca,0x8d,0x2a,0x91,0xaa,0x32,0xaa,0x45,0xd8,0x00,
0xf6,0x83,0x03,0x46,0x87,0x10,0x1e,0xe1,0x4a,0x1c,0x45,0x78,0xdc,0xa8,0x03,0xe1,
0x29,0xa3,0xd3,0x46,0x1f,0x21,0xfe,0x04,0x9c,0x37,0xea,0x32,0xd4,0xef,0x31,0xfa,
0xf9,0x75,0xf8,0xcc,0x88,0x95,0x2f,0x38,0xf9,0x8a,0x93,0x6b,0x28,0xf1,0x3d,0xf8,
0x11,0xf4,0x01,0x23,0x63,0x78,0x13,0x98,0x81,0x21,0xc6,0x6c,0x1d,0x2b,0x84,0x43,
0x81,0x08,0xd8,0x01,0x31,0x18,0x01,0x24,0xc0,0x05,0x48,0xb9,0x52,0x32,0x63,0x56,
0xbc,0x90,0xf6,0x35,0x56,0x18,0x07,0x20,0x0e,0x02,0xa1,0x20,0x02,0x68,0x41,0x0c,
0xb8,0x17,0x3c,0x00,0x1e,0x06,0x8f,0x82,0x27,0xc0,0x53,0xe0,0x59,0xf0,0x02,0x78,
0x09,0x8c,0x01,0xe3,0xc1,0x24,0x30,0x05,0x4c,0x07,0xb3,0xc0,0x5c,0x30,0x1f,0x2c,
0x00,0x6f,0x81,0xc5,0x20,0x1e,0x24,0x81,0x25,0x60,0xa9,0xf1,0xcf,0xfb,0x9a,0x61,
0xbc,0x12,0x39,0x59,0xc6,0xeb,0xb8,0xfc,0x5c,0x84,0x05,0xc6,0x45,0xc6,0xc5,0xc6,
0x5b,0x91,0x2a,0x01,0x3b,0x41,0x19,0xd8,0x63,0xac,0xfb,0xaf,0xff,0xf0,0x69,0x9f,
0xb1,0x08,0x33,0x58,0x8d,0x71,0xbd,0x71,0x93,0xb1,0x0f,0x66,0xaf,0x3f,0xd7,0x5e,
0xb3,0xf1,0x21,0xe3,0x77,0x8d,0xdb,0x8c,0x3b,0x8c,0xdf,0xe7,0xbc,0xb3,0xd9,0xc8,
0x1e,0xb3,0xa3,0x1f,0xfd,0xf3,0x0f,0xfa,0xea,0x63,0xe3,0x73,0xa8,0x79,0xc1,0xf8,
0xa2,0xf1,0xe7,0x77,0x68,0x81,0xfe,0xf4,0x0c,0xf3,0x05,0x5a,0xfd,0x0a,0x5c,0x03,
0xdf,0x1b,0xeb,0xe7,0xdb,0x1f,0xfb,0x35,0x19,0x1b,0xf1,0xfa,0xe7,0xd1,0x18,0x1a,
0xc4,0x1b,0xc2,0xb3,0xe2,0x0d,0xe5,0x89,0x78,0x76,0xc8,0x15,0x83,0x11,0x3c,0x09,
0x0f,0x23,0x99,0x27,0xe5,0xc9,0x78,0x5e,0x3c,0x5f,0x9e,0x82,0x17,0xc0,0x0b,0xe2,
0x7d,0x6e,0x1c,0xca,0x8b,0xe0,0xdd,0x47,0x5a,0x5e,0x0c,0xef,0x5e,0xde,0x03,0xbc,
0x87,0x51,0xf2,0x51,0xde,0x13,0xbc,0xa7,0x78,0xcf,0xf2,0x5e,0xe0,0xbd,0xc4,0x1b,
0xc3,0x1b,0xcf,0x9b,0xc4,0xbb,0x3b,0x57,0x6f,0x0a,0x74,0x07,0xa1,0xe5,0x11,0x68,
0xf1,0x59,0xe8,0xc2,0x98,0x07,0xb3,0xc0,0x5c,0x30,0x1f,0x2c,0x00,0x6f,0x81,0xc5,
0x20,0x1e,0x24,0x81,0x25,0x60,0x29,0xc8,0x00,0xa1,0xb0,0xef,0x51,0xc4,0x41,0xb0,
0x5f,0xa7,0x5b,0x01,0x1e,0xe5,0xad,0xe6,0xac,0x5b,0xcb,0xcb,0xe1,0xe5,0xf1,0x36,
0xf0,0x36,0xf2,0x36,0xf3,0xb6,0xf1,0x76,0xf0,0x76,0xf1,0xca,0x79,0x95,0xbc,0x2a,
0x5e,0x2d,0xaf,0x81,0xb7,0x9f,0x77,0x80,0x77,0x88,0x77,0x84,0x77,0x94,0x77,0x9c,
0xd7,0xc1,0x3b,0xc5,0x3b,0xcd,0xfb,0x88,0xf7,0x09,0xef,0x3c,0xaf,0x8b,0xd7,0xc3,
0xfb,0x8c,0x77,0x85,0x77,0x95,0xf7,0x0d,0xef,0x3b,0xde,0x75,0xde,0x0d,0x1e,0xdc,
0x36,0xc8,0x74,0xd0,0xe0,0x41,0x96,0x83,0xf8,0x83,0x84,0x83,0x6c,0x07,0x39,0x0c,
0x1a,0x3e,0xc8,0x69,0xd0,0xc8,0x41,0x6e,0x83,0x3c,0x06,0x79,0x0e,0xf2,0x19,0xf4,
0x57,0x8f,0x6f,0x7f,0x68,0x50,0x01,0x35,0x08,0x01,0xe1,0x40,0x03,0xa2,0xc1,0x3d,
0xe0,0x7e,0xf0,0x10,0x18,0x05,0x1e,0x07,0xff,0x00,0xcf,0x80,0xe7,0xc1,0x68,0xf0,
0xca,0x1d,0x2c,0x1c,0x87,0xbc,0x89,0x60,0x32,0x98,0x06,0x66,0x82,0x39,0x60,0x1e,
0x78,0x03,0xbc,0x09,0x16,0x81,0x38,0x90,0x08,0x52,0x40,0x1a,0x48,0x07,0xcb,0xc1,
0x2a,0xb0,0x06,0x64,0x83,0x5c,0x50,0x00,0x8a,0x40,0x31,0xd8,0x0a,0x4a,0xc0,0x4e,
0x50,0x06,0xf6,0x0c,0xda,0x87,0xb0,0x06,0xd4,0x83,0x26,0xd0,0x0c,0x0e,0x82,0x56,
0xce,0xb2,0xf7,0x10,0xb6,0x81,0x13,0xa0,0x13,0x7c,0x00,0xfe,0x09,0x3e,0x06,0xe7,
0xc0,0x05,0x70,0x11,0x5c,0x02,0x97,0xc1,0x97,0xe0,0x6b,0xf0,0x2d,0xf8,0x01,0xfc,
0xc4,0xb6,0x02,0x8c,0x4d,0x74,0x3a,0x13,0x60,0x0e,0x2c,0x80,0x35,0x10,0x00,0x1b,
0x60,0x0f,0x86,0x01,0x47,0xe0,0x0c,0x5c,0x81,0x3b,0x90,0x03,0x6f,0xe0,0x07,0x94,
0x20,0x10,0x04,0x83,0x30,0x10,0x09,0xa2,0x40,0x2c,0xb8,0x0f,0x3c,0x08,0x1e,0x01,
0x8f,0x81,0x27,0xc1,0xd3,0xe0,0x39,0x13,0xf6,0x7e,0x7b,0xd1,0xe4,0x65,0x93,0xb1,
0x26,0x13,0x4c,0x5e,0x35,0x99,0x6a,0x32,0xc3,0x64,0xb6,0xc9,0x6b,0x26,0xaf,0x9b,
0x2c,0x34,0x79,0xdb,0x84,0x31,0x49,0x30,0x49,0x36,0x49,0x35,0x59,0x66,0x92,0x69,
0xb2,0xd2,0x24,0xcb,0x64,0x9d,0xc9,0x7a,0x93,0x7c,0x93,0x42,0x93,0x4d,0x26,0x5b,
0x4c,0xb6,0x9b,0x94,0x9a,0xec,0x36,0xa9,0x30,0xd9,0x6b,0x52,0x6d,0x52,0x67,0xd2,
0x68,0xf2,0x8e,0x49,0x8b,0xc9,0x61,0x93,0x77,0x4d,0xfa,0x74,0x33,0x4c,0xfe,0xca,
0xd1,0x74,0xcc,0xd0,0xfa,0x42,0x58,0xd3,0xbf,0x3e,0xfb,0xbf,0xf2,0xe9,0x30,0xf9,
0xc0,0xe4,0x8c,0xc9,0xf9,0x3f,0xe9,0xbf,0x8b,0x26,0x57,0x4c,0xae,0x99,0xfc,0x64,
0xc2,0x33,0x1d,0x62,0x2a,0x30,0x75,0x30,0xbd,0xbb,0x2b,0xe1,0x5b,0xe3,0x3b,0xad,
0x8e,0x6f,0xe6,0x48,0x4c,0xdd,0x4d,0xfb,0x74,0x3e,0xa6,0xb7,0xd7,0xfe,0x63,0x3a,
0x6f,0xbf,0xce,0x37,0xf5,0xfd,0xfb,0x2d,0xf7,0xdd,0xe1,0x38,0xc0,0x94,0x0d,0xc3,
0x4c,0x6f,0x6d,0xb1,0xef,0x37,0xf5,0xdd,0xde,0x67,0xbd,0x44,0x9b,0x3e,0x60,0xfa,
0x98,0x29,0x9b,0xfb,0x8c,0xe9,0xed,0xde,0xf9,0xf7,0x77,0x1b,0xff,0xca,0xff,0xbf,
0x56,0x8a,0x95,0x97,0x4c,0x27,0x98,0xf6,0xdd,0xd1,0x93,0x7f,0xdc,0x82,0xbf,0xee,
0x33,0xcd,0x54,0xf7,0x2b,0xd7,0xb7,0x6f,0xe0,0x1a,0xf5,0xfd,0x8b,0x6b,0xf8,0xfb,
0xae,0xfa,0xaf,0xd7,0x9a,0x6b,0xfa,0xaf,0x47,0xdf,0xaf,0xb5,0xd0,0xf7,0xab,0x3e,
0x5c,0x68,0x1a,0x67,0x7a,0x37,0xf6,0x8f,0xbf,0xf6,0x59,0x62,0xfa,0x9f,0x9c,0x9b,
0x96,0x99,0xfe,0xb2,0xc7,0xab,0x06,0xf2,0x72,0x06,0x52,0x85,0x03,0xa9,0xad,0xbf,
0x6a,0xdf,0x2e,0xd3,0x5f,0xde,0x53,0x7b,0x91,0x57,0x6f,0x7a,0xc0,0xf4,0x5d,0xd3,
0x4e,0xd3,0x8f,0x6e,0xab,0xd9,0xfd,0x3b,0x7a,0x7a,0xf9,0x0e,0xf6,0x7d,0x33,0x90,
0xf7,0xe3,0x40,0xca,0xd8,0xac,0x3f,0x35,0xd8,0xec,0xd7,0xda,0x1a,0x6a,0x76,0x37,
0x9f,0x2c,0xf6,0x66,0xc3,0xcd,0x24,0x66,0xae,0x66,0x1e,0x66,0x5e,0x66,0x7e,0x66,
0x2a,0xb3,0x20,0xb3,0x30,0x33,0x8d,0x59,0x8c,0xd9,0x7d,0x66,0x0f,0x99,0x3d,0x6a,
0xf6,0xa4,0xd9,0x33,0x66,0x2f,0x98,0xbd,0x6c,0x36,0xce,0x6c,0x92,0xd9,0x54,0xb3,
0x99,0x66,0x73,0xcd,0x5e,0x37,0x7b,0xd3,0x6c,0xb1,0x59,0x82,0x59,0x8a,0xd9,0x52,
0xb3,0x4c,0xb3,0x55,0x66,0x6b,0xcd,0xd6,0x9b,0x15,0x98,0x6d,0x34,0xdb,0x62,0x56,
0x62,0xd6,0xa7,0xdb,0x65,0x76,0x73,0x64,0x54,0x98,0xfd,0x95,0x77,0xe7,0x3e,0xb3,
0xbb,0xd1,0x0a,0x11,0x91,0xee,0xbf,0xe6,0xc3,0xfa,0xb3,0xd6,0xac,0xd1,0xac,0xd9,
0xec,0x90,0xd9,0xbb,0x66,0x6d,0x66,0x7d,0xff,0xc1,0xd5,0xc5,0xbf,0xe7,0x29,0x1a,
0xf8,0xfc,0xd6,0x1c,0xfe,0x67,0x3f,0xa7,0xb0,0xb3,0xb8,0xce,0x63,0xf7,0x10,0xa6,
0xd8,0x37,0xa8,0x06,0x75,0x98,0xbd,0x6f,0x76,0xab,0x86,0x7f,0x9a,0x7d,0x62,0xf6,
0xa9,0xd9,0x45,0xb3,0xcf,0xcc,0xbe,0x30,0xfb,0xda,0xec,0x3b,0xb3,0x1f,0xcd,0x74,
0x66,0x3c,0x73,0x33,0xf3,0x7d,0x66,0x16,0xe6,0x7c,0x73,0x91,0xb9,0xbd,0xf9,0x70,
0x73,0x89,0xb9,0xab,0xb9,0x87,0xb9,0x97,0xb9,0x9f,0xb9,0xca,0x3c,0xc8,0x3c,0xcc,
0x5c,0x63,0x1e,0x63,0x7e,0x9f,0xf9,0x43,0xe6,0x8f,0x9a,0x3f,0x69,0xfe,0x8c,0xf9,
0x0b,0xe6,0x2f,0x9b,0x8f,0x33,0x9f,0x64,0x3e,0xd5,0x7c,0xa6,0xf9,0x5c,0xf3,0xd7,
0xcd,0xdf,0x34,0x5f,0x6c,0xce,0xb6,0x9c,0x60,0x9e,0x62,0xbe,0xd4,0xfc,0xaf,0xf2,
0xb7,0x11,0xbd,0x46,0x3c,0x78,0x8f,0x7d,0xaf,0xb8,0xd6,0xe8,0xf6,0xf7,0x8a,0x58,
0x6b,0xd3,0x5c,0x63,0x09,0xf6,0xe5,0xec,0x7b,0x45,0x1f,0x32,0xa2,0x4c,0xf3,0x95,
0xe6,0x59,0xe6,0x3c,0xee,0x3d,0x24,0xfb,0xd6,0x27,0xdb,0xdc,0x0a,0xa5,0x6c,0x51,
0xda,0xd7,0xc8,0x91,0x96,0x18,0xe5,0x9a,0x6f,0x30,0x97,0x70,0xa5,0x37,0x99,0x97,
0x1b,0x79,0xd1,0x56,0x73,0xfd,0xae,0x94,0xdd,0x73,0x0a,0xd0,0x0e,0xfb,0x76,0x92,
0xcd,0x79,0x98,0xcb,0xf9,0x75,0xbb,0xbe,0xbb,0x2b,0x3b,0xd3,0x1d,0xe6,0x26,0xb4,
0xcb,0x7c,0x25,0x65,0x9b,0x5b,0x50,0xb9,0x79,0xa5,0x79,0x95,0xf9,0x0e,0xa3,0x6d,
0x46,0xb5,0xe6,0x0d,0xe6,0xef,0x98,0xb7,0x98,0x1f,0x36,0x7f,0xcf,0xbc,0xcd,0xfc,
0x84,0x79,0xa5,0x51,0xa7,0xf9,0x07,0xe6,0x55,0x46,0xff,0x34,0xff,0xd8,0xfc,0x88,
0xd1,0x39,0xf3,0x22,0xe3,0x53,0x46,0x17,0xcc,0x4f,0x1b,0x15,0x1b,0xab,0xa8,0xc7,
0xfc,0x33,0xf3,0xf3,0x46,0x41,0xbc,0x2b,0xb8,0x02,0x5f,0x81,0x6f,0xc1,0x75,0xd0,
0x07,0x8c,0x07,0xeb,0x74,0xa6,0x60,0x08,0xb0,0x06,0x42,0x60,0x07,0x86,0x01,0x27,
0xe0,0x02,0xdc,0x81,0x27,0xf0,0x05,0x4a,0xa0,0x06,0xa1,0x20,0x12,0x44,0x83,0x7b,
0xc1,0x83,0x60,0x14,0x78,0x02,0x3c,0x0d,0x9e,0x07,0x2f,0x81,0xb1,0x60,0x22,0x98,
0x02,0x66,0x80,0x39,0x60,0x3e,0x58,0x08,0x16,0x81,0x78,0x90,0x0c,0xd2,0x40,0x06,
0x58,0x09,0xd6,0x80,0x1c,0x90,0x0f,0x8a,0xc0,0x66,0xb0,0x1d,0xec,0x04,0xe5,0x60,
0x2f,0xa8,0x01,0x0d,0xe0,0x1d,0x70,0x10,0x1c,0x01,0xc7,0xc0,0x09,0x70,0x0a,0x7c,
0x08,0x3e,0x06,0xe7,0x41,0x37,0xb8,0x04,0xae,0x80,0xaf,0xc0,0xb7,0xe0,0x3a,0xe8,
0x03,0xc6,0x43,0xd0,0x7f,0x30,0x04,0x58,0x03,0x21,0xb0,0x1b,0x72,0xd3,0xfb,0xc3,
0x86,0xb0,0x5a,0xe1,0x0b,0xe4,0x8d,0x04,0x52,0x20,0x07,0x3e,0x40,0x01,0x02,0x41,
0x08,0x88,0x00,0x51,0xe0,0x1e,0xf0,0x00,0x78,0x04,0x3c,0x0e,0x9e,0x02,0xcf,0x81,
0xd1,0x60,0x0c,0x98,0x00,0x26,0x83,0xe9,0x60,0x36,0x98,0x07,0x16,0x80,0xb7,0x41,
0x1c,0x48,0x02,0xa9,0x20,0x1d,0xac,0x00,0x59,0x20,0x1b,0xe4,0x81,0x42,0x50,0x0c,
0xb6,0x81,0x52,0x50,0x06,0x2a,0x41,0x35,0xa8,0x07,0xfb,0x41,0x0b,0x68,0x05,0x47,
0x41,0x3b,0xe8,0x04,0xa7,0xc1,0x99,0x21,0xbf,0x1c,0x59,0xe7,0x86,0x74,0x0d,0xe9,
0x1d,0x72,0x79,0xc8,0xd5,0x21,0xd7,0x86,0xfc,0x30,0xe4,0xc6,0x90,0xdb,0xe7,0x1d,
0x23,0x0b,0x13,0x8b,0xc1,0x16,0x56,0x16,0x02,0x0b,0x5b,0x8b,0x3b,0xcd,0x3f,0x62,
0x0b,0x47,0x8b,0x91,0x16,0x52,0x0b,0xb9,0x85,0x8f,0x85,0xc2,0x22,0xd0,0xe2,0xf6,
0xf3,0x21,0x16,0x11,0x16,0x51,0x16,0xf7,0x58,0x3c,0x60,0xf1,0x88,0xc5,0xe3,0x16,
0x4f,0x59,0xdc,0xde,0xfe,0x73,0x16,0xa3,0x2d,0xc6,0x58,0x4c,0xb0,0x98,0x6c,0x31,
0xfd,0x8e,0xed,0xf7,0xe9,0x66,0x23,0x7f,0x1e,0x58,0x00,0xde,0xfe,0x45,0xfb,0x71,
0x16,0x49,0x16,0xa9,0x16,0xe9,0x16,0x2b,0x2c,0xb2,0x2c,0xb2,0x2d,0xf2,0x70,0x7e,
0x08,0xee,0xb8,0xa1,0x40,0x04,0xec,0x80,0x18,0x8c,0x00,0x12,0xee,0xdd,0x53,0xa1,
0xc5,0x16,0x8b,0x52,0x8b,0x0a,0x8b,0x6a,0x8b,0x46,0x8b,0x16,0x8b,0x77,0x2d,0x6e,
0x3f,0x6e,0xb7,0x78,0xdf,0xe2,0x8c,0xc5,0xa7,0x16,0xbd,0x16,0x5f,0x58,0x5c,0xb3,
0xf8,0xf1,0x17,0xc7,0x46,0x96,0x66,0x96,0x56,0x96,0x22,0x4b,0xb1,0xa5,0xc4,0x52,
0x6a,0xe9,0x65,0x79,0xfb,0x31,0x6b,0x93,0xc2,0x32,0xc8,0x32,0xdc,0x92,0xed,0x4b,
0x94,0xe5,0x7d,0x96,0x0f,0x59,0x3e,0x6a,0x39,0x84,0x17,0x64,0xf9,0xa4,0xe5,0xe7,
0xc6,0x4f,0x5a,0x3e,0x63,0xf9,0x82,0xe5,0x18,0xcb,0x49,0x96,0xd3,0xb8,0xf3,0xb3,
0x2d,0x5f,0xb7,0x1c,0xca,0x7b,0xd3,0x52,0xc4,0x9b,0x64,0xb9,0xd8,0x32,0xc9,0x72,
0xa9,0xa5,0xbe,0x57,0x2b,0x2c,0xfb,0x7d,0xb1,0xda,0x72,0x9d,0x65,0xae,0x25,0xfb,
0x86,0x6c,0x83,0xe5,0x66,0xcb,0x1d,0x86,0xf3,0xe5,0x96,0xfd,0xfd,0xaf,0xb4,0xac,
0xb6,0xac,0xb7,0x1c,0xc1,0xdb,0x6f,0xd9,0x62,0x39,0x88,0xf7,0x2e,0x57,0xef,0xa8,
0x65,0x87,0xe5,0x07,0x5c,0xfb,0x67,0x2c,0x3f,0xb5,0x14,0xf3,0x2e,0x5a,0x4a,0x78,
0x1d,0x96,0x31,0xf4,0x99,0x25,0xfb,0xfd,0xc5,0x9d,0x44,0xff,0xdc,0xd1,0xeb,0xfc,
0xc2,0xf2,0xa6,0x77,0xbf,0xb6,0xfc,0xd7,0xfb,0x0a,0xdd,0xaf,0x7c,0x3b,0xf2,0x9d,
0x65,0x1f,0x6a,0x9a,0x5b,0xf1,0xad,0x06,0xc6,0x09,0x52,0x23,0xac,0x6e,0x6f,0xc5,
0xd9,0xca,0xd5,0xca,0xdd,0xea,0xd7,0xe7,0x3d,0xf9,0x6d,0xe7,0x02,0x6f,0x3e,0x28,
0xe9,0xa6,0xd6,0x5b,0x32,0x49,0x6d,0x25,0xe0,0xce,0x04,0x5b,0x85,0x5a,0x85,0x5b,
0x45,0x5a,0x69,0xad,0xa2,0xad,0x62,0xad,0xee,0xb5,0x7a,0xd0,0xea,0x61,0xab,0x51,
0x56,0xc3,0x71,0x7e,0x14,0xb1,0xdf,0xcf,0xdc,0xf9,0x3c,0xfb,0x1c,0x19,0x4c,0x8e,
0xe4,0x87,0x67,0x02,0x7f,0xe0,0xe9,0x21,0xe1,0xbe,0x8f,0xf2,0xb9,0xe3,0x37,0x51,
0x8f,0x59,0xfd,0x7b,0x33,0xf9,0x93,0x56,0xcf,0x58,0x99,0xd0,0x0b,0xa8,0xf5,0xb2,
0xd5,0x38,0xab,0x3c,0xf6,0x1b,0x0b,0x2b,0xf6,0x69,0xa5,0x97,0x6b,0x78,0x6a,0x09,
0xa0,0xd5,0x1e,0x7a,0x86,0xd3,0x54,0xae,0x6d,0xfd,0x37,0x62,0xac,0xb0,0x47,0x33,
0xac,0x66,0x5b,0xcd,0x43,0x3e,0x6b,0xc9,0x18,0x9e,0x3e,0xb6,0xa5,0xd9,0xdc,0x77,
0x6a,0x58,0x05,0x73,0xdf,0xaa,0xbd,0x61,0x25,0x46,0x1f,0xde,0xb2,0x5a,0x6c,0x15,
0x6f,0x95,0x04,0x7f,0x60,0x77,0x61,0xf5,0x00,0x9e,0x55,0x32,0xde,0x03,0xbc,0x65,
0x03,0xf6,0x9a,0x71,0xcf,0x3e,0xf6,0x29,0x79,0xab,0x7d,0xcb,0xad,0xd6,0x58,0xe5,
0x5a,0x6d,0xb4,0xda,0x66,0xb5,0xcb,0xaa,0xd2,0xaa,0xd6,0x6a,0xbf,0xd5,0x21,0xab,
0xa3,0x56,0x1d,0x56,0xa7,0xad,0x3e,0xb1,0xea,0xb2,0xfa,0x0c,0xad,0x7d,0x69,0xf5,
0xb5,0xd5,0x77,0x56,0x5e,0x74,0xdd,0xea,0x86,0x95,0x91,0xb5,0xa9,0xb5,0x1f,0x0d,
0xb6,0xb6,0xb4,0xb6,0xe7,0xbe,0xd3,0x13,0xd3,0x6f,0x9d,0x37,0xac,0xc9,0xad,0x6f,
0x6a,0xb4,0xb1,0xbe,0x7d,0xf7,0xf0,0xdf,0xf8,0x19,0x66,0x3d,0x12,0xfd,0xf0,0xb2,
0x56,0x5a,0xff,0xa7,0x35,0x87,0x5b,0x6b,0xff,0xb4,0xce,0xdf,0xbf,0x7f,0xbd,0xc3,
0xdd,0x63,0x7d,0x9f,0xf5,0x83,0xd6,0x8f,0x58,0x3f,0x66,0xfd,0xa4,0xf5,0xd3,0xd6,
0xcf,0x59,0xbf,0x68,0xfd,0xb2,0xf5,0x58,0xeb,0x09,0xd6,0x93,0xad,0xa7,0x5b,0xcf,
0xb6,0x9e,0x67,0xbd,0xc0,0xfa,0x6d,0xeb,0x38,0xeb,0x24,0xeb,0x54,0xeb,0x0c,0xeb,
0x55,0xd6,0xeb,0xac,0xf3,0xac,0x8b,0xac,0xb7,0x58,0xef,0xb0,0x2e,0xb3,0xde,0x6b,
0x5d,0x6b,0xfd,0x7b,0xf5,0x36,0x59,0x1f,0xb0,0x3e,0x6c,0xfd,0x9e,0xf5,0x71,0xeb,
0x93,0xd6,0x1f,0x58,0x7f,0x64,0x7d,0xd6,0xfa,0x82,0x75,0x8f,0xf5,0xe7,0xd6,0x5f,
0x5a,0x7f,0x63,0xfd,0xbd,0xf5,0x4f,0xd6,0xc4,0x1f,0xc4,0x37,0xe7,0x5b,0xf2,0x87,
0xf2,0x6d,0xf8,0x0e,0xfc,0x11,0x7c,0x67,0xbe,0x1b,0xff,0x8f,0x7c,0xd3,0xfc,0x47,
0xea,0xa8,0xad,0xfe,0xfc,0x55,0x94,0xf1,0x75,0xff,0xa7,0x3e,0x81,0xfc,0x10,0x7e,
0xf8,0x5d,0xec,0x93,0xf6,0x2e,0xb5,0x75,0x2f,0xff,0x41,0xfe,0x28,0xfe,0x13,0xfc,
0xa7,0xf9,0xcf,0xf3,0x5f,0xe2,0x8f,0xe5,0x4f,0xe4,0x4f,0xe1,0xcf,0xe0,0xcf,0xe1,
0xcf,0xe7,0x2f,0xe4,0x2f,0xe2,0xc7,0xf3,0x93,0xf9,0x69,0xfc,0x0c,0xfe,0x4a,0xfe,
0x1a,0x7e,0x0e,0x3f,0x9f,0x5f,0xc4,0xdf,0xcc,0xdf,0xce,0xdf,0xc9,0x2f,0xe7,0xef,
0xe5,0xd7,0xf0,0x1b,0xf8,0xef,0xf0,0x0f,0xf2,0x8f,0xf0,0x8f,0xf1,0x4f,0xf0,0x4f,
0xf1,0x3f,0xe4,0x7f,0xcc,0x3f,0xcf,0xef,0xe6,0x5f,0xe2,0x5f,0xe1,0x7f,0xc5,0xff,
0x96,0x7f,0x9d,0xdf,0xc7,0x37,0x1e,0xfa,0x57,0xfb,0xd5,0x14,0x1a,0x86,0x0c,0xb5,
0x1a,0x2a,0xe0,0x34,0xd9,0x20,0x74,0x00,0x23,0xc0,0x4a,0xec,0x01,0x32,0xcd,0x77,
0x60,0x3d,0xef,0xcc,0x9d,0x73,0xfb,0x99,0x2d,0x22,0x8c,0x57,0xd9,0x50,0xaf,0xa1,
0xbe,0xc8,0x55,0x02,0x35,0x08,0x05,0x91,0x20,0x1a,0xdc,0x0b,0x1e,0x04,0xa3,0xc0,
0x13,0xe0,0x69,0xf0,0x3c,0x78,0x09,0x8c,0x05,0x13,0xc1,0x14,0x30,0x03,0xcc,0x01,
0xf3,0xc1,0x42,0xb0,0x08,0xc4,0x83,0x64,0x90,0x06,0x32,0x58,0x4b,0xc0,0x1a,0x90,
0x03,0xf2,0x41,0x11,0xd8,0x0c,0xb6,0x83,0x9d,0xa0,0x1c,0xec,0x05,0x35,0xa0,0x01,
0xbc,0x03,0x0e,0x82,0x23,0xe0,0x18,0x38,0x01,0x4e,0x81,0x0f,0xc1,0xc7,0xe0,0x3c,
0xe8,0x06,0x97,0xc0,0x15,0xf0,0xd5,0x2f,0xbc,0xfc,0x2d,0x72,0xae,0x0f,0xe4,0xf6,
0x0d,0xd5,0xfd,0xc7,0xde,0x77,0xfe,0x7c,0x96,0x32,0x16,0xe8,0xfe,0xd0,0xdb,0xbf,
0xdf,0xfb,0x86,0xdb,0x54,0xf0,0xdf,0x71,0xf7,0x0f,0x11,0xfc,0x9a,0x07,0xac,0x05,
0x42,0x81,0x9d,0x60,0x98,0xc0,0x49,0xe0,0x22,0x70,0x17,0x78,0x0a,0x7c,0x05,0x4a,
0x81,0x5a,0x10,0x2a,0x88,0x14,0x44,0x0b,0xee,0x15,0x3c,0x28,0x18,0x25,0x78,0x42,
0xf0,0xb4,0xe0,0x79,0xc1,0x4b,0x82,0xb1,0x82,0x89,0x82,0x29,0x82,0x19,0x82,0x39,
0x82,0xf9,0x82,0x85,0x82,0x45,0x82,0x78,0x41,0xb2,0x20,0x4d,0x90,0x21,0x58,0x29,
0x58,0x23,0xc8,0x11,0xe4,0x0b,0x8a,0x04,0x9b,0x05,0xdb,0x05,0x3b,0x05,0xe5,0x82,
0xbd,0x82,0x1a,0x41,0x83,0xe0,0x1d,0xc1,0x41,0xc1,0x11,0xc1,0x31,0xc1,0x09,0xc1,
0x29,0xc1,0x87,0x82,0x8f,0x05,0xe7,0x05,0xdd,0x82,0x4b,0x82,0x2b,0x82,0xaf,0x04,
0xdf,0x0a,0xae,0x0b,0xfa,0x04,0xc6,0x42,0x53,0xe1,0x10,0xa1,0xb5,0x50,0x28,0xb4,
0x13,0x0e,0x13,0x3a,0x09,0x5d,0x84,0xee,0x42,0x4f,0xa1,0xaf,0x50,0x29,0x54,0x0b,
0x43,0x85,0x91,0xc2,0x68,0xe1,0xbd,0xc2,0x07,0x85,0xa3,0x84,0x4f,0x08,0x9f,0x16,
0x3e,0x2f,0x7c,0x49,0x38,0x56,0x38,0x51,0x38,0x45,0x38,0x43,0x38,0x47,0x38,0x5f,
0xb8,0x50,0xb8,0x48,0x18,0x2f,0x4c,0x16,0xa6,0x09,0x33,0x84,0x2b,0x85,0x6b,0x84,
0x39,0xc2,0x7c,0x61,0x91,0x70,0xb3,0x70,0xbb,0x70,0xa7,0xb0,0x5c,0xb8,0x57,0x58,
0x23,0x6c,0x10,0xbe,0x23,0x3c,0x28,0x3c,0x22,0x3c,0x26,0x3c,0x21,0x3c,0x25,0xfc,
0x50,0xf8,0xb1,0xf0,0xbc,0xb0,0x5b,0x78,0x49,0x78,0x45,0xf8,0x95,0xf0,0x5b,0xe1,
0x75,0x61,0x9f,0xd0,0x58,0x64,0x2a,0x1a,0x22,0xb2,0x16,0x09,0x45,0x76,0xa2,0x61,
0x22,0x27,0x91,0x8b,0xc8,0x5d,0xe4,0x29,0xf2,0x15,0x29,0x45,0x6a,0x51,0xa8,0x28,
0x52,0x14,0x2d,0xba,0x57,0xf4,0xa0,0x68,0x94,0xe8,0x09,0xd1,0xd3,0xa2,0xe7,0x45,
0x2f,0x89,0xc6,0x8a,0x26,0x8a,0xa6,0x88,0x66,0x88,0xe6,0x88,0xe6,0x8b,0x16,0x8a,
0x16,0x89,0xe2,0x45,0xc9,0xa2,0x34,0x51,0x86,0x68,0xa5,0x68,0x8d,0x28,0x47,0x94,
0x2f,0x2a,0x12,0x6d,0x16,0x6d,0x17,0xed,0x14,0x95,0x8b,0xf6,0x8a,0x6a,0x44,0x0d,
0xa2,0x77,0x44,0x07,0x45,0x47,0x44,0xc7,0x44,0x27,0x44,0xa7,0x44,0x1f,0x8a,0x3e,
0x16,0x9d,0x17,0x75,0x8b,0x2e,0x89,0xae,0x88,0xbe,0x12,0x7d,0x2b,0xba,0x2e,0xea,
0x13,0x19,0xdb,0x98,0xda,0x0c,0xb1,0xb1,0xb6,0x11,0xda,0xd8,0xd9,0x0c,0xb3,0x71,
0xb2,0x71,0xb1,0x71,0xb7,0xf1,0xb4,0xf1,0xb5,0x51,0xda,0xa8,0x6d,0x42,0x6d,0x22,
0x6d,0xa2,0x6d,0xee,0xb5,0x79,0xd0,0x66,0x94,0xcd,0x13,0x36,0x4f,0xdb,0x3c,0x6f,
0xf3,0x92,0xcd,0x58,0x9b,0x3e,0xdd,0xdd,0x17,0x76,0x87,0x30,0xd1,0xe6,0x3f,0x33,
0x0a,0x5f,0x85,0x9e,0x29,0x82,0x69,0x36,0xb3,0x6c,0xfe,0xcc,0xdd,0xcd,0x7e,0x5e,
0xb3,0x59,0xc0,0xb5,0xb1,0xc8,0xe6,0xbf,0xfb,0xa9,0x9c,0x64,0xf3,0x57,0xcf,0x8b,
0x7d,0xba,0x65,0x36,0xcb,0x6d,0x56,0xdb,0xac,0xb3,0xc9,0xb5,0xd9,0x60,0xb3,0xc9,
0x66,0xab,0xcd,0x0e,0x9b,0xdd,0x36,0x7b,0x6c,0xaa,0x6c,0xea,0x6c,0x9a,0x6c,0x0e,
0xd8,0x1c,0xb6,0x79,0xcf,0xe6,0xb8,0xcd,0x49,0x9b,0x0f,0x6c,0x3e,0xb2,0x39,0x6b,
0x73,0xc1,0xa6,0xc7,0xe6,0x73,0x9b,0x2f,0x6d,0xbe,0xb1,0xf9,0xde,0xe6,0x27,0x1b,
0xb2,0x1d,0x64,0x6b,0x6e,0x6b,0x69,0x3b,0xd4,0xd6,0xc6,0xd6,0xc1,0x76,0x84,0xad,
0xb3,0xad,0x9b,0xad,0xcc,0xd6,0xdb,0xd6,0xdf,0x36,0xc0,0x36,0xd8,0x36,0xdc,0x56,
0x6b,0x1b,0x6b,0x7b,0xbf,0xed,0xc3,0xb6,0x8f,0xd9,0xfe,0xc3,0x96,0xe8,0x59,0xdb,
0x17,0x6d,0x5f,0xb1,0x1d,0x6f,0xfb,0xaa,0xed,0x34,0xdb,0x59,0xb6,0xaf,0xd9,0xbe,
0x61,0xfb,0x96,0x2d,0x63,0x9b,0x68,0xbb,0xc4,0x76,0x99,0xed,0x72,0xdb,0xd5,0xb6,
0xeb,0x6c,0x73,0x6d,0x37,0xd8,0x6e,0xb2,0xdd,0x6a,0xbb,0xc3,0x76,0xb7,0xed,0x1e,
0xdb,0x2a,0xdb,0x3a,0xdb,0x26,0xdb,0x03,0xb6,0x87,0x6d,0xdf,0xb3,0x3d,0x6e,0x7b,
0xd2,0xf6,0x03,0xdb,0x8f,0x6c,0xcf,0xda,0x5e,0xb0,0xed,0xb1,0xfd,0xdc,0xf6,0x4b,
0xdb,0x6f,0x6c,0xbf,0xb7,0xfd,0xc9,0x56,0xef,0x15,0x6b,0xcc,0x4c,0x64,0x37,0xc8,
0xce,0xdc,0xce,0xd2,0x6e,0xa8,0x9d,0x8d,0x9d,0x93,0xc0,0xc1,0x6e,0x84,0x9d,0xb3,
0x9d,0x9b,0x9d,0xef,0x9f,0x9e,0x7f,0x65,0x76,0xbe,0x76,0x01,0x76,0xa1,0x76,0x5a,
0xbb,0x7b,0xed,0x1e,0xb6,0x7b,0xc2,0xee,0x59,0xbb,0x97,0xec,0xc6,0xdb,0x4d,0xb1,
0x9b,0x65,0x37,0xdf,0xee,0x2d,0xbb,0x78,0xbb,0x25,0x76,0x19,0x76,0xab,0xed,0x72,
0xec,0x36,0xd8,0x6d,0xb6,0xdb,0x61,0x57,0x6e,0x57,0x65,0xd7,0x60,0x77,0xc0,0xee,
0x88,0xdd,0x71,0xbb,0x53,0x76,0x9f,0xd8,0xf5,0xe9,0x7a,0xec,0xae,0xd8,0x7d,0x63,
0x77,0xdd,0x8e,0xec,0x4d,0xed,0x2d,0xed,0x85,0xf6,0x0e,0xf6,0x4e,0xf6,0x6e,0xf6,
0x9e,0xf6,0xfe,0xf6,0x6a,0xfb,0x70,0xfb,0x68,0xfb,0xfb,0xed,0x47,0xd9,0xff,0xc3,
0xfe,0x79,0xfb,0x57,0xec,0x27,0xda,0x4f,0xb3,0x9f,0x63,0xff,0x86,0xfd,0x22,0xfb,
0x44,0xfb,0x34,0xfb,0xe5,0xf6,0x6b,0xec,0x73,0xed,0x8b,0xec,0xb7,0xda,0xef,0xb4,
0xdf,0x63,0x5f,0x63,0xdf,0x64,0x7f,0xc0,0xde,0x4e,0x78,0xd8,0xfe,0x76,0xfb,0xde,
0xb3,0x3f,0x6e,0xdf,0x61,0x7f,0xca,0xfe,0xb4,0xfd,0x47,0xf6,0x9f,0xd8,0x9f,0xb7,
0xef,0xb2,0xef,0xb1,0xff,0xcc,0xfe,0x8a,0xfd,0x55,0xfb,0x6f,0xec,0xbf,0xb3,0xbf,
0x6e,0xbf,0x0c,0x57,0x76,0x13,0xae,0x29,0x7b,0x15,0x3f,0xe2,0xae,0xdf,0xcd,0xab,
0x77,0xc3,0xde,0xc8,0xc1,0xc4,0x61,0xb0,0x83,0x95,0x83,0xc0,0xc1,0xd6,0x41,0xec,
0xe0,0xe8,0x30,0xd2,0x41,0xea,0x20,0x77,0xf0,0x71,0x50,0x38,0x04,0x3a,0x84,0x3b,
0xc4,0x38,0xdc,0xf4,0xed,0x7d,0x0e,0x0f,0x39,0x3c,0xea,0x10,0x2a,0x78,0xd2,0x61,
0x8a,0x40,0x89,0xb9,0xf6,0x25,0xcc,0xc2,0x9b,0x45,0x69,0x02,0x4f,0xe1,0x33,0x0e,
0x2f,0x38,0xbc,0xec,0x30,0xce,0x61,0x92,0xc3,0x54,0x87,0x99,0x0e,0x73,0x1d,0x5e,
0x77,0x78,0xd3,0xa1,0x48,0xb0,0xd8,0x21,0xc1,0x21,0xc5,0x61,0xa9,0x43,0xa6,0xc3,
0x2a,0x87,0xb5,0x0e,0xeb,0x1d,0xf4,0xd7,0xa6,0xc0,0x61,0xa3,0xc3,0x16,0x87,0x12,
0x87,0x5d,0x0e,0x15,0x0e,0xfb,0x1c,0x6a,0x1d,0x1a,0x1d,0x9a,0x1d,0x0e,0x39,0x1c,
0x71,0x38,0xea,0x70,0xdc,0xa1,0xc3,0xe1,0x94,0xc3,0x69,0x87,0x8f,0x1c,0x3e,0x71,
0x38,0xef,0xd0,0xe5,0xd0,0xe3,0xf0,0x99,0xc3,0x15,0x87,0xab,0x0e,0xdf,0x38,0xfc,
0xe0,0xd0,0xe7,0xc0,0x13,0x9b,0x8b,0xad,0xc4,0x42,0xb1,0xbd,0x78,0x84,0x78,0xa4,
0xd8,0x43,0xec,0x23,0x56,0x89,0xd5,0xe2,0x50,0x71,0x84,0x38,0x4a,0x7c,0x8f,0xf8,
0x01,0xf1,0x23,0xe2,0xc7,0xc5,0x4f,0x89,0x9f,0x13,0x8f,0x16,0x8f,0x11,0x4f,0x10,
0x4f,0x16,0x4f,0x17,0xcf,0x16,0xcf,0x13,0x2f,0x10,0xbf,0x2d,0x8e,0x13,0x27,0x89,
0x53,0xc5,0xe9,0xe2,0x15,0xe2,0x2c,0x71,0xb6,0x38,0x4f,0x5c,0x28,0x2e,0x16,0x6f,
0x13,0x97,0x8a,0xcb,0xc4,0x95,0xe2,0x6a,0x71,0xbd,0x78,0xbf,0xb8,0x45,0xdc,0x2a,
0x3e,0x2a,0x6e,0x17,0x77,0x8a,0x4f,0x8b,0xcf,0x88,0xcf,0x89,0xbb,0xc4,0xbd,0xe2,
0xcb,0xe2,0xab,0xe2,0x6b,0xe2,0x1f,0xc4,0x37,0xc4,0x83,0x86,0x09,0x86,0x39,0x0d,
0xf3,0x1a,0x16,0x38,0x2c,0x7a,0xd8,0xc3,0xc3,0x9e,0x1e,0x36,0x71,0xd8,0xdc,0x61,
0x6f,0x0f,0x4b,0x19,0xb6,0x62,0x58,0xfe,0xb0,0x92,0x61,0x95,0xc3,0x1a,0x87,0x1d,
0x1c,0x76,0x7c,0xd8,0x99,0x61,0x97,0x86,0x5d,0x1d,0x66,0x34,0xdc,0x66,0xb8,0xdb,
0x70,0xdf,0xe1,0x91,0xc3,0x47,0x0d,0x7f,0x61,0xf8,0x84,0xe1,0x33,0x87,0x2f,0x18,
0x9e,0x3c,0x7c,0xcd,0xf0,0x8d,0xc3,0x4b,0x87,0xef,0x1b,0xbe,0x7f,0xf8,0xe1,0xe1,
0x6d,0xc3,0x4f,0x0d,0x3f,0x33,0xfc,0xe2,0xf0,0xab,0xc3,0x8d,0x46,0x58,0x8c,0x70,
0x18,0x21,0x1b,0xa1,0x1c,0x11,0x32,0x42,0x3b,0xe2,0xb1,0x11,0xa3,0x47,0x4c,0x1f,
0xf1,0xfa,0x88,0x94,0x11,0x19,0x23,0xd6,0x8d,0x28,0x1a,0xb1,0x63,0xc4,0xde,0x11,
0x4d,0x23,0x8e,0x8e,0x78,0x7f,0xc4,0xc7,0x23,0x7a,0x46,0x7c,0x35,0xe2,0xa7,0x11,
0x83,0x1d,0x45,0x8e,0x8e,0x8e,0x1e,0x8e,0x41,0x8e,0xb1,0x8e,0x0f,0x39,0xbe,0xe0,
0x38,0xd6,0x71,0xa6,0xe3,0x5b,0x8e,0xc9,0x8e,0xcb,0x1d,0x73,0x1c,0xb7,0x38,0xee,
0x74,0xac,0x72,0x6c,0x71,0x7c,0xcf,0xf1,0x23,0xc7,0x6e,0xc7,0xcf,0x1c,0xbf,0x74,
0xbc,0xe6,0x78,0xdd,0x51,0xe7,0x38,0xc8,0x69,0xb0,0x93,0xb5,0x93,0xc8,0xc9,0xc1,
0xc9,0xc9,0xc9,0xcd,0xc9,0xd3,0xc9,0xdf,0x49,0xed,0x14,0xee,0x14,0xed,0x74,0xbf,
0xd3,0x28,0xa7,0x7f,0x38,0x3d,0xef,0xf4,0x8a,0xd3,0x44,0xa7,0x69,0x4e,0x73,0x9c,
0xe6,0x3b,0x2d,0x70,0x7a,0xcb,0x89,0x71,0x4a,0x70,0x4a,0x76,0x4a,0x75,0x4a,0x77,
0x5a,0xe1,0xb4,0xda,0x69,0xbd,0x53,0x91,0xd3,0x36,0xa7,0xdd,0x4e,0xf5,0x4e,0x4d,
0x4e,0xcd,0x4e,0x87,0x9c,0x8e,0x38,0x1d,0x75,0x3a,0xee,0xd4,0xe1,0x74,0xca,0xe9,
0x43,0xa7,0x4f,0x9c,0xce,0x3b,0x75,0x39,0xf5,0x3a,0x5d,0x76,0xfa,0xd2,0xe9,0x6b,
0xa7,0x6f,0x9d,0xae,0x3b,0xf5,0x39,0x19,0x4b,0x4c,0x25,0x43,0x24,0x56,0x92,0xa1,
0x12,0x91,0xc4,0x4e,0x22,0x96,0x38,0x4a,0x9c,0x25,0xae,0x12,0x77,0x89,0xa7,0xc4,
0x57,0xa2,0x90,0x04,0x4a,0x42,0x24,0x11,0x12,0xad,0x24,0x56,0xf2,0xa0,0xa4,0xde,
0xe9,0x71,0xc9,0x53,0x92,0xe7,0x24,0xa3,0x25,0x63,0x24,0x93,0x25,0x73,0x24,0xf3,
0x24,0x6f,0x48,0xde,0x92,0x2c,0x96,0xc4,0x4b,0x92,0x24,0xa9,0x92,0x65,0x20,0x53,
0xb2,0x52,0x92,0x25,0xc9,0x96,0xe4,0x82,0x02,0xc9,0x46,0x49,0x9f,0x6e,0x8b,0x64,
0xbb,0xa4,0x54,0xb2,0x1b,0xa9,0x7d,0x92,0x1a,0x49,0xbd,0xa4,0x49,0xd2,0x2c,0x39,
0x88,0xf6,0x5b,0x25,0xef,0x49,0xda,0x24,0x27,0x24,0xa7,0x24,0xc7,0x9d,0x4e,0x4b,
0xce,0x48,0xce,0xa1,0xc4,0x05,0x49,0x8f,0xe4,0x33,0xc9,0x15,0xc9,0x55,0xc9,0x37,
0x92,0xeb,0x12,0x72,0x36,0x71,0x1e,0xe2,0xcc,0x77,0xb6,0x71,0x16,0x3b,0x3b,0x39,
0xbb,0x3a,0xcb,0x9c,0x7d,0x9c,0x55,0xce,0x21,0xce,0x1a,0xe7,0x7b,0x9c,0x1f,0x72,
0x7e,0xdc,0xf9,0x19,0xe7,0xd1,0xce,0xe3,0x9c,0x27,0x3b,0xcf,0x74,0x9e,0xe7,0xfc,
0xa6,0x73,0x9c,0x73,0x8a,0x73,0xba,0xf3,0x2a,0xe7,0x6c,0xe7,0x02,0xe7,0x62,0xe7,
0x12,0xe7,0x32,0xe7,0x4a,0x67,0x9d,0xae,0x1a,0xd4,0x83,0xfd,0xa0,0x05,0x74,0x98,
0xe9,0x74,0xad,0x88,0x8f,0x82,0x76,0xd0,0x09,0x4e,0x83,0x33,0xe0,0x1c,0xe8,0x02,
0xbd,0xe0,0x32,0xb8,0x0a,0xae,0x81,0x1f,0xc0,0x0d,0x60,0x34,0x52,0xa7,0x33,0x01,
0x83,0x47,0xfe,0xbe,0xf9,0xc7,0x0a,0xe5,0x04,0xc0,0x16,0x88,0x81,0x23,0x18,0x09,
0xa4,0x40,0x0e,0x7c,0x80,0x02,0x04,0x82,0x10,0x10,0x01,0xa2,0x80,0xd3,0x20,0xb7,
0x41,0xff,0x5b,0x9e,0x62,0xf7,0xc0,0x9e,0x07,0xc0,0x23,0xe0,0x71,0xf0,0x14,0x78,
0x0e,0x8c,0x36,0xf8,0x60,0x0c,0xe2,0x09,0x60,0x32,0x98,0x0e,0x66,0x83,0x79,0x60,
0x01,0x78,0x1b,0xc4,0x81,0x24,0x90,0x0a,0xd2,0xc1,0x0a,0x90,0x05,0xb2,0x41,0x1e,
0x28,0x04,0xc5,0x60,0x1b,0x28,0x05,0x65,0xa0,0x12,0x54,0x83,0x7a,0xb0,0x1f,0xb4,
0x80,0x56,0x70,0x14,0xb4,0x83,0x4e,0x70,0xda,0xc0,0xcf,0x3f,0x67,0x90,0x73,0x0e,
0x74,0x8d,0xec,0x45,0x78,0x19,0x5c,0x05,0xd7,0xc0,0x0f,0x03,0x65,0x6f,0x20,0x55,
0xc5,0x7d,0x37,0x66,0xe4,0x82,0xeb,0xe9,0x62,0xf8,0x4e,0x1b,0xb1,0x15,0x10,0x00,
0x5b,0x20,0x06,0x8e,0x60,0x24,0x90,0x02,0x39,0xf0,0x01,0xfb,0x8c,0xb3,0xcd,0x2b,
0xcd,0x15,0x2e,0xb5,0x68,0x21,0xc0,0x25,0xc8,0xe5,0x1d,0xf3,0x50,0x97,0x48,0xe4,
0x47,0x83,0x7b,0xc1,0x83,0x60,0x14,0x78,0x02,0x3c,0x0d,0x9e,0x07,0x2f,0xb9,0x7c,
0x6c,0x3e,0xd6,0x65,0x22,0x52,0x53,0xc0,0x0c,0x97,0xd9,0x08,0xe7,0x81,0x05,0xe0,
0x6d,0x10,0x07,0x92,0x40,0x2a,0x48,0x07,0x2b,0x5c,0x56,0xbb,0xf4,0xaf,0x1c,0xd6,
0xba,0xfc,0xab,0x15,0x9e,0x94,0x4c,0xc8,0x82,0x46,0x52,0x0e,0xd7,0x8b,0x6b,0x14,
0x6a,0x74,0x37,0xae,0xf9,0x23,0x23,0xf3,0x5d,0x86,0x0c,0x2d,0x72,0xf9,0xe5,0x99,
0xcd,0x5c,0xde,0x36,0x97,0x52,0xce,0xaa,0x32,0x97,0x4a,0x97,0x6a,0x97,0x7a,0x97,
0xfd,0x2e,0x2d,0x2e,0xad,0x2e,0x47,0x5d,0xda,0x5d,0x3a,0x5d,0x4e,0xbb,0x9c,0x71,
0x39,0xe7,0xd2,0xe5,0xd2,0xeb,0x72,0xd9,0xe5,0xaa,0xcb,0x35,0x97,0x1f,0x5c,0x6e,
0xb8,0x18,0xb9,0x9a,0xb8,0x0e,0x76,0xb5,0x72,0x15,0xb8,0xda,0xba,0x8a,0x5d,0x1d,
0x5d,0x47,0xba,0x4a,0x5d,0xe5,0xae,0x3e,0xae,0x0a,0xd7,0x40,0xd7,0x10,0xd7,0x08,
0xd7,0x28,0xd7,0x7b,0x5c,0x1f,0x70,0x7d,0xc4,0xf5,0x71,0xd7,0xa7,0x5c,0x9f,0x73,
0x1d,0xed,0x3a,0xc6,0x75,0x82,0xeb,0x64,0xd7,0xe9,0xae,0xb3,0x5d,0xe7,0xb9,0x2e,
0x70,0x7d,0xdb,0x35,0xce,0x35,0xc9,0x35,0xd5,0x35,0xdd,0x75,0x85,0x6b,0x96,0x6b,
0xb6,0x6b,0x9e,0x6b,0xa1,0x6b,0xb1,0xeb,0x36,0xd7,0x52,0xd7,0x32,0xd7,0x4a,0xd7,
0x6a,0xd7,0x7a,0xd7,0xfd,0xae,0x2d,0xae,0xad,0xae,0x47,0x5d,0xdb,0x5d,0x3b,0x5d,
0x4f,0xbb,0x9e,0x71,0x3d,0xe7,0xda,0xe5,0xda,0xeb,0x7a,0xd9,0xf5,0xaa,0xeb,0x35,
0xd7,0x64,0xd1,0x0f,0xae,0x37,0x5c,0x8d,0xdc,0x4c,0xdc,0x5e,0xc2,0x3a,0x7b,0xb0,
0xdb,0x66,0x91,0x95,0x9b,0xc0,0xcd,0xd6,0x4d,0xec,0xe6,0xe8,0x36,0xd2,0x4d,0xea,
0x26,0x77,0xf3,0x71,0x53,0xb8,0x05,0xba,0x85,0xb8,0x45,0xb8,0x45,0xb9,0xdd,0xe3,
0xf6,0x80,0xdb,0x23,0x6e,0x8f,0xbb,0x3d,0xe5,0xf6,0x9c,0xdb,0x68,0xb7,0x31,0x6e,
0x13,0xdc,0x26,0xbb,0x4d,0x77,0x9b,0xed,0x36,0xcf,0x6d,0x81,0xdb,0xdb,0x6e,0x71,
0x6e,0x49,0x6e,0xa9,0x6e,0xe9,0x6e,0x2b,0xdc,0xb2,0xdc,0xb2,0xdd,0xf2,0xdc,0x0a,
0xdd,0x8a,0xdd,0xb6,0xb9,0x95,0xba,0xf5,0x09,0xcb,0xdc,0x2a,0xdd,0xaa,0xdd,0xea,
0xdd,0xf6,0xbb,0xb5,0xb8,0xb5,0xba,0x1d,0x75,0x6b,0x77,0xeb,0x74,0x3b,0xed,0xe6,
0x62,0x73,0xc6,0xed,0x9c,0x5b,0x97,0x5b,0xaf,0xdb,0x65,0xb7,0xab,0x6e,0xd7,0xdc,
0x7e,0x70,0xbb,0xe1,0x66,0x24,0x35,0x91,0x0e,0x96,0x5a,0x49,0x05,0x52,0x5b,0xa9,
0x58,0xea,0x28,0x1d,0x29,0x95,0x4a,0xe5,0x52,0x1f,0xa9,0x42,0x1a,0x28,0x0d,0x91,
0x46,0x48,0xa3,0xa4,0xf7,0x48,0x15,0x6e,0x0f,0x48,0x1f,0x91,0x3e,0x2e,0x7d,0x4a,
0xfa,0x9c,0x74,0xb4,0x74,0x8c,0x74,0x82,0x74,0xb2,0x74,0xba,0x74,0xb6,0x74,0x9e,
0x74,0x81,0xf4,0x6d,0x69,0x9c,0x34,0x49,0x9a,0x2a,0x4d,0x97,0xae,0x90,0x66,0x49,
0x33,0x44,0xd9,0xd2,0x3c,0x69,0xa1,0xb4,0x58,0xba,0x4d,0x5a,0x2a,0x2d,0x93,0x56,
0x4a,0xab,0xa5,0xf5,0xd2,0xfd,0xd2,0x16,0x69,0xab,0xf4,0xa8,0xb4,0x5d,0x5a,0x24,
0xe8,0x94,0x9e,0x96,0x9e,0x91,0x9e,0x93,0x76,0x49,0x7b,0xa5,0x97,0xa5,0x57,0xa5,
0x4f,0x0b,0xae,0x49,0x7f,0x90,0xde,0x90,0x1a,0xb9,0x9b,0xb8,0x0f,0x76,0xb7,0x72,
0x17,0xb8,0xdb,0xba,0x8b,0xdd,0x1d,0xdd,0x47,0xba,0x4b,0xdd,0xe5,0xee,0x3e,0xee,
0x0a,0xf7,0x40,0xf7,0x10,0xf7,0x08,0xf7,0x28,0xf7,0x7b,0xdc,0x1f,0x70,0x5f,0x21,
0x7d,0xc4,0xfd,0x71,0xf7,0xa7,0xdc,0x9f,0x73,0x1f,0xed,0x3e,0xc6,0x7d,0x82,0xfb,
0x64,0xf7,0xc7,0xa5,0xd3,0xdd,0x67,0xbb,0xcf,0x73,0x5f,0xe0,0xfe,0xb6,0x7b,0x9c,
0x7b,0x92,0x7b,0xaa,0x7b,0xba,0xfb,0x0a,0xf7,0x2c,0xf7,0x6c,0xf7,0x3c,0xf7,0x42,
0xf7,0x62,0xf7,0x6d,0xee,0xa5,0xee,0x65,0xee,0x95,0xee,0xd5,0xee,0x0a,0xb7,0x7a,
0xf7,0xfd,0xee,0x2d,0xee,0xad,0xee,0xcf,0xdb,0x1c,0x75,0x6f,0x77,0xef,0x74,0x3f,
0xed,0x7e,0xc6,0xfd,0x9c,0x7b,0x97,0x7b,0xaf,0xfb,0x65,0xf7,0xab,0xee,0xd7,0xdc,
0x7f,0x70,0x7f,0xc8,0xe1,0x86,0xbb,0x91,0x87,0x89,0xc7,0x60,0x0f,0x2b,0x0f,0x81,
0x87,0xad,0x87,0xd8,0xc3,0xd1,0xe3,0x39,0xe9,0x48,0x0f,0xa9,0x87,0xdc,0xc3,0xc7,
0x43,0xe1,0x11,0xe8,0x11,0xe2,0x11,0xe1,0x11,0xe5,0x71,0x8f,0xc7,0x03,0x1e,0x8f,
0x78,0x3c,0xee,0x51,0x24,0x7a,0xca,0xe3,0x39,0x8f,0xd1,0x1e,0x63,0x3c,0x26,0x78,
0x4c,0xf6,0x98,0xee,0x31,0xdb,0x63,0x9e,0xc7,0x02,0x8f,0xb7,0x3d,0xe2,0x3c,0x92,
0x3c,0x3e,0x16,0xa6,0x7a,0xa4,0x7b,0xac,0xf0,0xc8,0xf2,0xc8,0xf6,0xc8,0xf3,0x28,
0xf4,0x28,0xf6,0xd8,0xe6,0x51,0xea,0x51,0xe6,0x51,0xe9,0x51,0xed,0x51,0xef,0xb1,
0xdf,0xa3,0xc5,0xe3,0x41,0x51,0xab,0xc7,0xd3,0xa2,0xa3,0x1e,0xed,0x1e,0x9d,0x1e,
0xec,0x38,0x3e,0x8d,0xf0,0x0c,0x97,0x3a,0xe7,0xd1,0xe5,0xd1,0xeb,0x71,0xd9,0xe3,
0xaa,0xc7,0x35,0x8f,0x1f,0x3c,0x6e,0x78,0x18,0xc9,0xae,0x0b,0x31,0x37,0xc8,0x30,
0x2f,0xc8,0xb8,0x99,0x5c,0x26,0x90,0xe9,0xef,0x00,0x5b,0x99,0x58,0xe6,0x28,0x1b,
0x29,0x93,0xca,0xe4,0x32,0x1f,0x99,0x42,0x16,0x28,0x0b,0x91,0x45,0xc8,0xa2,0x64,
0xf7,0xc8,0x1e,0x90,0x3d,0x22,0x7b,0x5c,0xf6,0x94,0xec,0x39,0x59,0x83,0x60,0xb4,
0x6c,0x8c,0x6c,0x82,0x6c,0xb2,0x6c,0xba,0x6c,0xb6,0x6c,0x9e,0x6c,0x81,0xec,0x6d,
0x59,0x9c,0x2c,0x49,0x96,0x2a,0x4b,0x97,0xad,0x90,0x65,0xc9,0x5e,0x76,0xc8,0x96,
0xe5,0xc9,0x0a,0x65,0xc5,0xb2,0x99,0x0e,0xdb,0x64,0xa5,0xb2,0x32,0x59,0xa5,0xac,
0x5a,0x36,0xd2,0xbd,0x5e,0xb6,0x5f,0xd6,0x22,0x6b,0x95,0x1d,0x95,0xb5,0x43,0x3a,
0x65,0xa7,0x65,0x67,0x64,0xe7,0x64,0x5d,0xb2,0x5e,0xd9,0x65,0xd9,0x55,0x99,0x95,
0xec,0x9a,0xec,0x07,0xd9,0x0d,0x99,0x91,0xdc,0x44,0x3e,0x44,0xce,0xed,0xef,0xe5,
0x42,0xb9,0x9d,0x7c,0x98,0xdc,0x49,0xee,0x22,0x77,0x97,0x7b,0xca,0xef,0x91,0xf9,
0xca,0x95,0x72,0xb5,0xfc,0xb4,0x47,0xa8,0x3c,0x52,0x1e,0x2d,0xbf,0x57,0xfe,0xa0,
0x7c,0x94,0xfc,0x09,0xf9,0xd3,0xf2,0xe7,0xe5,0x2f,0xc9,0xc7,0xca,0x27,0xca,0x27,
0xc8,0xa6,0xc8,0x27,0xcb,0x66,0xc8,0xe7,0xc8,0xe7,0xcb,0x17,0xca,0x17,0xc9,0xcf,
0x78,0x24,0xb9,0xc5,0xcb,0x93,0xe5,0xd1,0xc2,0x2c,0xe9,0x39,0xf7,0x34,0x79,0x86,
0x3c,0x49,0xb6,0x52,0x9e,0x2a,0x5b,0x23,0xcf,0x91,0xe7,0xcb,0xbb,0x3c,0x8a,0xe4,
0x9b,0xe5,0xdb,0xe5,0x3b,0xe5,0xe5,0xf2,0x5e,0x8f,0xbd,0xf2,0x1a,0x79,0x83,0xfc,
0x1d,0xf9,0x41,0xf9,0x11,0x79,0xb5,0xec,0x98,0xfc,0x84,0x7c,0xa4,0xfb,0x29,0x79,
0xab,0xec,0x43,0xf9,0xc7,0xf2,0xf3,0xf2,0x6e,0xf9,0x25,0xf9,0x19,0xd9,0x15,0xf9,
0x60,0xd9,0x57,0xf2,0x73,0xb2,0x07,0xa4,0xdf,0xca,0xbb,0x64,0xd7,0xe5,0x97,0x65,
0x7d,0x72,0x63,0x4f,0x53,0xcf,0x21,0x9e,0xd6,0x9e,0xd7,0x64,0x37,0x3c,0x84,0x9e,
0x3f,0xc8,0xec,0x3c,0x6f,0xc8,0x86,0x79,0xbe,0x64,0xe3,0xe4,0xe9,0xea,0x29,0xf3,
0xf4,0xf1,0x54,0x78,0x06,0x7a,0x86,0x78,0x46,0x7a,0xc6,0x78,0xde,0xef,0xf9,0xb0,
0xe7,0xdd,0xdc,0xff,0x3e,0xe6,0xf9,0xa4,0xe7,0xd3,0x9e,0xcf,0x79,0x8e,0xf6,0x1c,
0x03,0xf9,0xb5,0x52,0xe3,0x3d,0x27,0x7b,0xce,0xf0,0x9c,0xeb,0xf9,0xc6,0x2d,0x25,
0xde,0xf6,0xd4,0xe9,0xe2,0x3d,0x53,0x3c,0xdf,0xb2,0x4a,0xb2,0x4a,0xf3,0x4c,0xf7,
0x5c,0xee,0xb9,0xca,0x73,0x8d,0x67,0xb6,0x67,0xac,0x55,0xae,0x67,0xa1,0xe7,0x66,
0xcf,0x52,0xcf,0x3d,0x9e,0xd5,0x9e,0x0d,0x9e,0xcd,0x9e,0x87,0x3d,0x8f,0x7a,0x9e,
0xf0,0x7c,0xdf,0xf3,0x23,0xd4,0x3e,0xe7,0xd9,0xed,0xf9,0x99,0xe7,0x97,0x9e,0xd7,
0x90,0xbe,0x0e,0x74,0x9e,0x83,0xbc,0xfa,0x74,0x83,0xbd,0xac,0x11,0x8a,0xbc,0x1c,
0xbc,0x1c,0xbd,0x5c,0xbc,0x3c,0xbc,0xbc,0xbd,0x14,0x5e,0x6a,0xaf,0x30,0x2f,0xad,
0xd7,0x3d,0x90,0xfb,0x0d,0xf2,0x90,0x41,0x46,0x19,0xe4,0x71,0x83,0xfc,0xc3,0x20,
0xcf,0x18,0xe4,0x79,0x83,0x8c,0x36,0xc8,0x2b,0x06,0x19,0x67,0x90,0x89,0x06,0x99,
0x6c,0x90,0x69,0x90,0x99,0x90,0x39,0x90,0x79,0x90,0x37,0x20,0x6f,0x42,0x16,0x19,
0x24,0xce,0x20,0x89,0x06,0x49,0x31,0x48,0x1a,0x24,0xdd,0x20,0xcb,0x21,0xab,0x0c,
0xb2,0xc6,0x20,0xd9,0x90,0x5c,0xc8,0x9f,0x7f,0xda,0x14,0x78,0xe9,0xa5,0x08,0x52,
0x0c,0xd9,0x0a,0x39,0x63,0x52,0xe2,0x55,0xe2,0xb5,0x13,0x52,0x06,0xd9,0x63,0x90,
0x7d,0x90,0x1a,0x48,0x23,0xe4,0x00,0xa4,0x15,0x72,0x0c,0xd2,0x01,0xf9,0x80,0x93,
0x33,0x9c,0x9c,0x37,0x48,0x97,0xd7,0x25,0xaf,0x2f,0x70,0xfc,0x8d,0xd7,0x0f,0x5e,
0x7d,0x5e,0x3c,0x6f,0x73,0x6f,0x2b,0x6f,0xa1,0xb7,0xbd,0xf7,0x08,0xef,0x91,0xde,
0xee,0xde,0x5e,0xde,0xfe,0xde,0x81,0xde,0xa1,0xde,0x1a,0xef,0x58,0xef,0x07,0xbc,
0x47,0x79,0x3f,0xe9,0xfd,0xac,0xf7,0x68,0xef,0xb1,0xde,0x93,0xbc,0xa7,0x79,0xcf,
0xf6,0x9e,0xef,0xfd,0xa6,0x37,0xe3,0x9d,0xe4,0x9d,0xe6,0x9d,0xe9,0xbd,0xda,0x3b,
0xdb,0x3b,0xdf,0x7b,0xa3,0xf7,0x56,0xef,0x52,0xef,0x72,0xef,0x7d,0xde,0x75,0xde,
0xfb,0xbd,0x0f,0x7a,0xbf,0xeb,0x7d,0xdc,0xbb,0xd3,0xfb,0x43,0xef,0x4f,0xbc,0x2f,
0x78,0xf7,0x7a,0x5f,0xf1,0xfe,0xda,0xfb,0x7b,0xef,0x1b,0xde,0xc6,0x3e,0x66,0x3e,
0x96,0x3e,0x02,0x1f,0x3b,0x9f,0xe1,0x3e,0xce,0x3e,0x52,0x1f,0x4f,0x1f,0x3f,0x9f,
0x00,0x9f,0x10,0x9f,0x48,0x9f,0x18,0x9f,0xfb,0x7d,0x1e,0xf1,0x79,0xc2,0xe7,0x19,
0x9f,0x17,0x7d,0xc6,0xf8,0x4c,0xf4,0x99,0xea,0x33,0xcb,0x67,0x9e,0xcf,0x42,0x9f,
0xc5,0x3e,0x89,0x3e,0xa9,0x3e,0x19,0x3e,0xab,0x7c,0xd6,0xf9,0xe4,0xf9,0x14,0xf9,
0x6c,0xf1,0xd9,0xe1,0x53,0xe6,0xb3,0xd7,0xa7,0xce,0xe7,0x1d,0x9f,0xc3,0x3e,0xc7,
0x7c,0x4e,0xfa,0x7c,0xe8,0xf3,0x89,0xcf,0x17,0x5e,0x17,0x7c,0xd8,0x9e,0xf4,0xfa,
0x5c,0xf1,0x31,0xf7,0xfe,0xda,0x87,0xed,0xc9,0xf7,0x3e,0x37,0x7c,0xdc,0xbd,0x8d,
0x7d,0xd9,0x9e,0x98,0xf9,0x5a,0xfa,0x86,0x7a,0x0b,0x7c,0xd9,0xde,0xb0,0x56,0xe9,
0x2d,0xea,0xb7,0x45,0x6f,0x85,0x9d,0xef,0xfd,0x3e,0xc3,0x7d,0x9d,0x7d,0x27,0xfa,
0x48,0x7d,0x59,0xed,0x65,0x3e,0x9e,0xbe,0x7e,0xbe,0xeb,0x7c,0x02,0x7c,0x59,0xbd,
0xac,0xb7,0x42,0x7c,0xbf,0xf0,0x8a,0xf4,0xed,0xf7,0x56,0x8c,0x6f,0xbf,0xaf,0xee,
0x47,0xdb,0x37,0x7d,0x74,0xab,0x87,0x1e,0xf1,0xbd,0xd5,0x47,0xbf,0xf4,0x10,0xeb,
0x9d,0x9b,0x7e,0xe9,0xf7,0xc9,0x13,0xbe,0xfd,0x1e,0xe9,0xf7,0xc6,0x33,0xbe,0xac,
0x2f,0x5e,0xf4,0xed,0xf7,0xc4,0x18,0xce,0x12,0xd6,0x06,0xbd,0xf6,0x89,0xbe,0x6f,
0x7a,0x4f,0xf5,0x9d,0xe5,0x3b,0xcf,0x97,0x6d,0xc7,0x93,0xab,0xc1,0x96,0x5a,0xe8,
0x1b,0xe7,0xbb,0xc4,0x37,0xd3,0x77,0xb5,0x6f,0xb6,0x6f,0xbe,0xef,0x46,0xdf,0xad,
0xbe,0xa5,0xbe,0xe5,0xbe,0xfb,0x7c,0xeb,0x7c,0xf7,0xfb,0x1e,0xf4,0x7d,0xd7,0xf7,
0xb8,0x6f,0xa7,0xef,0x87,0xbe,0x9f,0xf8,0x5e,0xf0,0xed,0xf5,0xbd,0xe2,0xfb,0xb5,
0xef,0xf7,0xbe,0x37,0xd0,0x8a,0xb1,0x9f,0x99,0x9f,0xa5,0x9f,0xc0,0xef,0x8f,0xd6,
0xeb,0x3f,0x9e,0x0a,0x7b,0x36,0x1a,0xbc,0xa1,0xcf,0x63,0x47,0x89,0x9d,0x9f,0x9d,
0xdf,0xef,0x19,0xf9,0xc3,0xfd,0x5c,0x20,0x72,0x3f,0x7f,0xbf,0x20,0xbf,0x48,0xbf,
0x7b,0xfc,0x1e,0x86,0x3c,0xe9,0xf7,0xbc,0xdf,0x18,0xbf,0x57,0xfd,0x66,0xfa,0xcd,
0x87,0xbc,0xed,0x97,0x08,0x59,0x0a,0x59,0xe9,0x97,0x0d,0xd9,0xe0,0xb7,0x05,0xb2,
0x13,0x52,0xe9,0x57,0x07,0x69,0x86,0x1c,0xf1,0x6b,0xf7,0xfb,0xc0,0xef,0x13,0x48,
0xb7,0xdf,0x65,0xbf,0x6f,0xfc,0x7e,0xf4,0x33,0xf6,0x37,0xf6,0x1f,0xec,0x3f,0xd4,
0xdf,0xde,0xdf,0xc9,0x5f,0xea,0x8f,0xc1,0xe1,0xaf,0x82,0x84,0x42,0xa2,0xfc,0xef,
0xf7,0x7f,0xd4,0xff,0x69,0xff,0xd1,0xfe,0xe3,0xfd,0xa7,0xfa,0xb3,0x36,0xcc,0xf1,
0x5f,0xe0,0xcf,0xf8,0xa7,0xf8,0x67,0xf8,0x67,0x41,0x72,0xfd,0x37,0xfa,0x6f,0xf7,
0x2f,0x83,0x54,0xf9,0x37,0xfa,0x1f,0xf4,0x3f,0xea,0x7f,0xd2,0xff,0x9f,0xfe,0xe7,
0xfd,0x7b,0xfd,0xbf,0xf4,0xff,0xce,0xbf,0xcf,0xdf,0x44,0x61,0xa9,0x10,0x29,0x86,
0x29,0x46,0x2a,0x64,0x0a,0x3f,0x85,0x5a,0x11,0xa1,0x88,0x55,0x3c,0xa4,0x18,0x0c,
0x4d,0x4f,0x28,0x9e,0x53,0xbc,0xa2,0x98,0xa4,0x98,0xa1,0x98,0x07,0x5e,0x51,0xbc,
0xa5,0x48,0x50,0xa4,0x29,0x56,0x28,0xd6,0xe1,0xf8,0x03,0x58,0x5f,0xa0,0xd8,0xac,
0xf8,0xe3,0xdf,0x84,0xde,0x59,0x4a,0x15,0x7b,0x14,0xb5,0x8a,0x03,0x8a,0xa3,0x8a,
0x53,0x8a,0x4f,0x14,0x3d,0x8a,0xab,0x8a,0xeb,0x0a,0x23,0xa5,0xab,0x52,0xa5,0xbc,
0xfd,0x37,0xfd,0xee,0xfc,0x09,0x57,0x46,0x2a,0xfb,0x74,0xd1,0x4a,0x9d,0x71,0xac,
0xf2,0x5e,0xe5,0xfd,0xca,0x87,0x95,0xff,0xde,0x37,0x08,0x78,0xc2,0x28,0xff,0xa1,
0x7c,0x16,0xc2,0xfe,0x3e,0xc3,0xf3,0xca,0x17,0x95,0x2f,0x29,0xc7,0x2a,0x27,0x2a,
0xa7,0x28,0x67,0x28,0xe7,0x28,0xd9,0xef,0x8a,0xe7,0x2b,0x17,0x2a,0x17,0x29,0xe3,
0x39,0x7b,0x92,0x95,0x4b,0x94,0x23,0xac,0xf4,0xf2,0x2c,0x57,0x4b,0xaf,0x1f,0x7a,
0x8c,0xa3,0xa1,0x3f,0x56,0xf9,0xd8,0xcf,0xda,0x49,0x53,0x2e,0x53,0x66,0x28,0x63,
0xad,0x96,0x2b,0x57,0x2a,0x57,0x2b,0x1f,0xb4,0xea,0xd3,0xad,0x51,0xae,0x53,0xe6,
0x28,0x73,0x07,0xac,0xcc,0x57,0x16,0x29,0xb7,0xa0,0xed,0x12,0xe4,0xec,0x52,0x56,
0x28,0xab,0x94,0x75,0xca,0xfd,0xca,0x16,0xe5,0x11,0xe5,0x31,0x65,0x87,0xf2,0x7d,
0xe5,0x47,0xca,0x4f,0x20,0xe7,0x21,0x5d,0x90,0x1e,0xc8,0x67,0x06,0xb9,0x02,0xb9,
0x6a,0x90,0x6f,0x20,0xdf,0x19,0xe4,0xba,0x41,0x6e,0x18,0x84,0x54,0x7a,0xe1,0x19,
0xc4,0x14,0x32,0x18,0x62,0x09,0xe1,0x43,0x84,0x06,0xb1,0x35,0x88,0x83,0x41,0x86,
0x1b,0xc4,0xc9,0x20,0x23,0x0d,0xe2,0x66,0x10,0x0f,0x83,0x78,0x1a,0xc4,0xc7,0x20,
0xfe,0x06,0xe9,0xff,0xa8,0x0d,0x12,0x62,0x90,0x70,0x83,0x68,0x20,0xec,0xd3,0x20,
0x5a,0xa5,0x97,0x7b,0x20,0x0f,0x42,0x1e,0x85,0xfc,0x03,0xa2,0xff,0x4d,0x95,0x3e,
0x5d,0xac,0xf2,0x39,0x55,0x1a,0xe7,0xb5,0x65,0xca,0x17,0x54,0xac,0x77,0x59,0x8f,
0x86,0x2b,0x97,0x2b,0x27,0xda,0x8c,0x56,0xdd,0xe9,0xf7,0x53,0xd8,0xd1,0xb0,0x12,
0xde,0x5e,0x8d,0x2b,0x92,0xab,0xfc,0x23,0xdf,0x50,0x27,0x2b,0xd7,0xe0,0x4a,0xbf,
0xac,0x7a,0x56,0xf9,0xae,0xe5,0x1f,0xa9,0xff,0xbc,0x72,0x8c,0xea,0x45,0xe5,0x38,
0xd5,0x04,0xd5,0x64,0xd5,0x44,0x1b,0x76,0x04,0x45,0x2a,0xa7,0xab,0x7e,0x10,0xcf,
0x56,0xcd,0x53,0x2d,0x50,0xbd,0xad,0x8a,0x53,0x25,0xa9,0x52,0x55,0xe9,0xaa,0x15,
0xaa,0x2c,0xd5,0x5f,0xf5,0x06,0x2d,0x5b,0x95,0xa7,0x2a,0x54,0x11,0xfd,0x99,0xf7,
0xcb,0xfa,0x31,0x7a,0xeb,0x5b,0x66,0xf6,0xf8,0xd6,0x37,0xcd,0xec,0xf1,0xad,0x6f,
0x9b,0xd9,0x63,0xfd,0x1b,0x67,0x7d,0xdd,0x62,0xd5,0x56,0x55,0x89,0x2a,0x8c,0x76,
0xaa,0xca,0x54,0x7b,0x70,0x4d,0xab,0x54,0x75,0xaa,0x26,0xd5,0x01,0xd5,0x61,0xd5,
0x7b,0xaa,0xe3,0xaa,0xdf,0x9e,0x1f,0x4e,0xaa,0x4e,0xab,0x3e,0x56,0x7d,0xaa,0xea,
0x51,0x5d,0x56,0x7d,0xa5,0xfa,0x4e,0xf5,0x93,0xca,0x28,0xc0,0x34,0xc0,0x22,0x60,
0x68,0x80,0x6d,0xc0,0xb0,0x00,0x49,0x80,0x5b,0x80,0x3c,0xc0,0x37,0x40,0x15,0x10,
0x1c,0x10,0x11,0x10,0x1d,0x70,0x5f,0xc0,0xc3,0x01,0x8f,0x07,0x3c,0x1d,0xf0,0x42,
0xc0,0x2b,0x01,0x13,0x02,0xa6,0x04,0xcc,0x0c,0x78,0x2d,0x60,0x41,0xc0,0xa2,0x80,
0x84,0x80,0x25,0x01,0xe9,0x01,0x2b,0x03,0xd6,0x06,0xfc,0xa7,0x7f,0x9f,0xfa,0xb7,
0xbe,0x03,0xcd,0x0d,0x28,0x0c,0xd8,0x1c,0x50,0x12,0xb0,0x3b,0xa0,0x32,0xa0,0x26,
0xa0,0x31,0xe0,0x40,0x40,0x6b,0xc0,0xb1,0x80,0x8e,0x80,0x0f,0x02,0xce,0x04,0x9c,
0x0f,0xb8,0x18,0xf0,0x79,0xc0,0xd5,0x80,0x6f,0x03,0x7e,0x0c,0xa0,0x40,0x93,0xc0,
0x21,0x81,0xfc,0x40,0x9b,0x40,0x71,0xa0,0x53,0xa0,0x6b,0xa0,0x2c,0xd0,0x27,0x50,
0x19,0x18,0x14,0x18,0x1e,0x18,0x15,0x78,0x6f,0xe0,0x43,0x81,0x77,0xfb,0x5b,0x8a,
0xbf,0xaa,0xbd,0xdb,0x67,0xe7,0xc7,0x02,0x9f,0x0a,0x7c,0x3e,0xf0,0xe5,0xc0,0xf1,
0x81,0x93,0x03,0x67,0x04,0xce,0x0d,0x7c,0x23,0xf0,0xed,0xc0,0x78,0xf4,0x26,0x25,
0x70,0x59,0xe0,0x8a,0xc0,0x35,0x81,0xeb,0x03,0x37,0x04,0x16,0x07,0x6e,0x0f,0xdc,
0x15,0xb8,0x27,0xb0,0x3a,0xb0,0x21,0xb0,0x39,0xf0,0x70,0xe0,0x51,0x9c,0x3f,0x11,
0xf8,0x7e,0xe0,0x47,0x81,0xe7,0x02,0xbb,0x03,0x3f,0x0b,0xfc,0x12,0xc7,0xd7,0x02,
0xaf,0x07,0xf6,0xfd,0xe6,0xf7,0xc1,0xbf,0xef,0x7c,0xdf,0xcf,0x7e,0x63,0x4f,0x17,
0x68,0xac,0x7e,0x8d,0x4c,0xd4,0x8b,0x8d,0xfa,0x74,0xe6,0x6a,0x0b,0x35,0x5f,0x2d,
0x54,0xb3,0x7f,0x03,0x6f,0xab,0x16,0xab,0x47,0xa8,0x25,0xea,0x19,0x2e,0x2e,0xea,
0x8d,0x46,0x52,0xf5,0x35,0x92,0xa9,0xbd,0xd4,0xbe,0x6a,0x85,0x3a,0x40,0xad,0x70,
0x09,0x52,0x87,0xab,0xb5,0xea,0x18,0xf5,0xfd,0xea,0x87,0xd4,0x5b,0xe8,0x31,0xf5,
0x6a,0x97,0x91,0xf4,0xa4,0xfa,0x69,0xb5,0x60,0xe8,0x0b,0xea,0x03,0x46,0x2f,0xa9,
0xc7,0xa8,0xc7,0xab,0x5f,0x55,0x1f,0x37,0x9a,0xaa,0xee,0xd3,0xcd,0x54,0xcf,0x51,
0xcf,0x53,0xbf,0xa1,0x7e,0x53,0xbd,0x48,0x1d,0xa7,0x4e,0x54,0xa7,0xaa,0x83,0x5c,
0x32,0xd4,0x2b,0xd4,0x01,0x2e,0xab,0xd5,0xd9,0xea,0x7c,0xf5,0x46,0xf5,0x56,0x75,
0xa9,0xba,0x5c,0xbd,0x4f,0x5d,0xa7,0xde,0xaf,0x3e,0xa8,0x7e,0x57,0x7d,0x5c,0xdd,
0xa9,0xfe,0x50,0xfd,0x89,0xfa,0x82,0xba,0x57,0x7d,0x45,0xfd,0xb5,0xfa,0x7b,0xf5,
0x0d,0xb5,0x71,0x90,0x59,0x90,0x65,0x90,0x20,0xc8,0x2e,0x68,0x78,0x90,0x73,0x90,
0x34,0xc8,0x33,0xc8,0x2f,0x28,0x20,0x28,0x24,0x28,0x32,0x28,0x26,0xe8,0xfe,0xa0,
0x47,0x82,0x9e,0x08,0x7a,0x26,0xe8,0xc5,0xa0,0x31,0x41,0x13,0x83,0xa6,0x06,0xcd,
0x0a,0x9a,0x17,0xb4,0x30,0x68,0x71,0x50,0x62,0x50,0x6a,0x50,0x46,0xd0,0xaa,0xa0,
0x3f,0xfe,0x0d,0xfc,0xba,0xa0,0xbc,0xa0,0xa2,0xa0,0x2d,0x41,0x3b,0x82,0xca,0x82,
0xf6,0x06,0xd5,0x06,0x35,0x05,0xb5,0x04,0x1d,0x09,0x6a,0x0b,0x3a,0x19,0x74,0x3a,
0xe8,0xe3,0xa0,0x4f,0x83,0x7a,0x82,0x2e,0x07,0x7d,0x15,0xf4,0x5d,0xd0,0x4f,0x41,
0x46,0xc1,0x7f,0x64,0x44,0xfd,0xd9,0xf5,0x85,0x69,0xb0,0x45,0xf0,0xd0,0x60,0xdb,
0xe0,0x61,0xc1,0x92,0x60,0xb7,0x60,0x79,0xb0,0x6f,0xb0,0x2a,0x38,0x38,0x38,0x22,
0x38,0x3a,0xf8,0xbe,0xe0,0x87,0x83,0x1f,0x0f,0x7e,0x3a,0xf8,0x85,0xe0,0x57,0x82,
0x27,0x04,0x4f,0x09,0x9e,0x19,0xfc,0x5a,0xf0,0x82,0xe0,0x45,0xc1,0x09,0xc1,0x4b,
0x82,0xd3,0x83,0x57,0x06,0xaf,0x0d,0xce,0x0d,0x2e,0x0c,0xde,0x1c,0x5c,0x12,0xbc,
0x3b,0xb8,0x32,0xb8,0x26,0xb8,0x31,0xf8,0x40,0x70,0x6b,0xf0,0xb1,0xe0,0x8e,0xe0,
0x0f,0x82,0xcf,0x04,0x9f,0x0f,0xbe,0x18,0xfc,0x79,0xf0,0xd5,0xe0,0x6f,0x83,0x7f,
0x0c,0xa6,0x10,0x93,0x90,0x21,0x21,0xfc,0x10,0x9b,0x10,0x71,0x88,0x53,0x88,0x6b,
0x88,0x2c,0xc4,0x27,0x44,0x19,0x12,0x14,0x12,0x1e,0x12,0x15,0xf2,0x3f,0xf7,0x97,
0x1c,0x7a,0xb9,0x37,0xe4,0xa1,0x90,0xc7,0x42,0x9e,0x0a,0x79,0x3e,0xe4,0xe5,0x90,
0xf1,0x21,0x93,0x43,0x66,0x84,0xcc,0x0d,0x79,0x23,0xe4,0xed,0x90,0xf8,0x90,0x94,
0x90,0x65,0x21,0x2b,0x42,0xd6,0x84,0xac,0x0f,0xd9,0x10,0x52,0x1c,0xb2,0x3d,0x64,
0x57,0xc8,0x9e,0x90,0xea,0x90,0x86,0x90,0xbf,0xe2,0xbb,0xce,0xe6,0x90,0x23,0x21,
0xed,0x21,0x1f,0x84,0xdc,0xf9,0x8a,0xea,0xfe,0xad,0xdf,0x00,0xf9,0xed,0xf1,0x79,
0x6b,0xfe,0x2f,0x7f,0xfb,0xf5,0xee,0xfc,0xfd,0xd9,0x9d,0xff,0xa6,0xe2,0x8f,0xfc,
0x2e,0xdc,0x2f,0xd7,0x2f,0x3f,0xff,0x8d,0xe1,0x3f,0xfe,0xf9,0x24,0xa4,0x27,0xe4,
0x6a,0x48,0x5f,0x88,0x45,0xa8,0x43,0xa8,0x34,0xf4,0xf7,0xfd,0x3d,0xcd,0xaf,0xff,
0x55,0xcd,0x7f,0xf2,0xa3,0x0c,0x0d,0x0b,0x8d,0x0d,0x7d,0x3c,0xf4,0xa5,0xd0,0xa9,
0xa1,0xff,0xb3,0x96,0xfc,0xa7,0x7e,0x27,0xf2,0xcf,0xd7,0xe9,0xd3,0xfd,0xef,0xb2,
0xad,0x4f,0xc7,0xd6,0x61,0xc7,0xb0,0x15,0x17,0xb2,0x75,0xd8,0xb8,0xbf,0x0e,0xfb,
0xcd,0xc7,0x9d,0xf5,0xf4,0xe9,0x2c,0xc0,0xcf,0xf5,0xf4,0xe9,0xfe,0xe7,0x7d,0xdd,
0xa7,0xbb,0xe9,0x6b,0x7d,0x7f,0x6e,0xad,0x73,0x7b,0x7f,0xfa,0x74,0x77,0x43,0xcf,
0xcd,0x3a,0x7d,0x3a,0x47,0xea,0xff,0xc6,0xe8,0xee,0xe8,0xf9,0xbb,0xce,0xdf,0x75,
0xfe,0x53,0x75,0xde,0x08,0x7d,0x33,0x74,0x51,0x68,0xdf,0xef,0xf8,0x6f,0x35,0x41,
0xbc,0x9f,0xff,0xb7,0x9a,0xb8,0xd0,0xdf,0xae,0xf3,0xe8,0x6d,0x75,0x92,0x42,0x7d,
0x51,0x2e,0x14,0xc7,0x0f,0xe3,0xfc,0xdf,0x3a,0xff,0x6f,0xe9,0x9c,0x0b,0x61,0xe7,
0xc1,0x3b,0xad,0x9d,0xee,0x76,0x5e,0xea,0x6d,0xeb,0x8f,0x0c,0x1c,0xaf,0xe2,0xf2,
0xd6,0x19,0xce,0xe4,0xfd,0x5b,0x2b,0x94,0x22,0x94,0xde,0x02,0x76,0x80,0x32,0x43,
0xcd,0xbd,0x88,0x6b,0x41,0x13,0x68,0x01,0x47,0x40,0x1b,0x38,0x19,0xfa,0xdb,0x7b,
0xa0,0x9b,0x9f,0x45,0xa1,0x3a,0x5d,0xdf,0x7f,0x50,0x4e,0x87,0x7e,0x1c,0xfa,0x69,
0xe8,0x66,0xa3,0x9e,0xd0,0x02,0xe3,0x93,0x64,0x67,0xec,0x64,0x94,0x65,0xfc,0x79,
0xe8,0xd5,0xd0,0x12,0xe3,0x6f,0x43,0xaf,0x87,0xce,0x32,0x5e,0xeb,0xa2,0x0b,0x35,
0x0e,0x33,0x09,0x1b,0x12,0xc6,0x0f,0x13,0x86,0xd9,0x85,0x0d,0x0f,0x73,0x0e,0x73,
0x0d,0xf3,0x08,0xf3,0x0a,0xf3,0x0b,0x53,0x85,0xa9,0xc3,0x42,0xc2,0xc2,0xc3,0x34,
0x61,0xd1,0x61,0xf7,0x84,0xdd,0x1f,0xc6,0x5e,0xe3,0x87,0xc2,0x1e,0x0d,0x7b,0x32,
0xec,0x99,0xb0,0xb1,0x2e,0x4b,0x8d,0x76,0x19,0xed,0x37,0x7a,0x21,0xec,0xa8,0xd1,
0x4b,0x61,0xff,0xde,0x4e,0xfe,0xce,0x6f,0x5d,0xfa,0x7e,0x51,0xf7,0x66,0x2f,0x7e,
0xf9,0xff,0xa3,0xf4,0xff,0x3d,0xea,0xce,0xff,0x3b,0x6a,0x24,0xf7,0x5f,0xa3,0x1c,
0x47,0x7e,0x30,0xa8,0x9c,0x57,0xc5,0xfb,0x72,0x50,0xf6,0xa0,0x3d,0x83,0xee,0xdc,
0x02,0x5b,0x9f,0xf7,0xb3,0xba,0xec,0x7f,0x9d,0x9a,0x86,0x7a,0xbb,0x78,0x47,0x79,
0xab,0x06,0xb5,0x3b,0xe7,0x0e,0xfa,0x3d,0x5e,0x1e,0x17,0xf6,0x6a,0xd8,0xf4,0xb0,
0x39,0x61,0xaf,0x87,0xbd,0x15,0x16,0x17,0x96,0x1c,0xb6,0x34,0x6c,0x79,0x58,0x56,
0x58,0x4e,0x58,0x41,0xd8,0xa6,0xb0,0x6d,0x61,0x3b,0xc3,0x2a,0xc2,0xaa,0xc2,0xea,
0xc3,0xde,0x09,0x3b,0x14,0xf6,0x5e,0x58,0x7b,0xd8,0xa9,0xb0,0x7f,0x86,0x9d,0x0d,
0xeb,0x0a,0xbb,0x14,0xf6,0x45,0xd8,0x37,0x61,0x3f,0x84,0xf5,0x85,0xf1,0xc2,0xcd,
0xc3,0xff,0xcc,0xfa,0x97,0x7d,0xc7,0x7c,0x43,0x69,0xaa,0xea,0xd3,0x69,0x54,0x7c,
0x15,0xa9,0x9c,0x54,0xd1,0xdc,0xbb,0x5d,0xf6,0x7d,0xae,0x50,0xe5,0xa6,0xf2,0x54,
0x39,0xa8,0x7c,0x54,0x96,0x2a,0x5b,0x15,0xfb,0xe6,0x99,0xa7,0x1a,0xac,0x1a,0xae,
0x1a,0xa9,0xf2,0x50,0x59,0x85,0xa7,0x79,0x0d,0x0d,0x17,0x85,0xf7,0xe9,0xd8,0xfa,
0x7d,0xba,0x70,0xfd,0xfb,0x5c,0x84,0x77,0xaa,0xdf,0xa7,0xeb,0xaf,0x8f,0xf5,0x21,
0xf0,0xf8,0xd9,0x9b,0xc1,0x1b,0x03,0x6f,0xcb,0xf5,0xf5,0xfb,0x74,0x2a,0xa0,0xaf,
0xdf,0xa7,0xeb,0xaf,0xcf,0x9e,0xbf,0xb5,0x7e,0x1a,0xfb,0x8d,0xed,0x2f,0xf4,0xeb,
0xed,0xc7,0xdc,0xf1,0x2f,0xf4,0xeb,0xed,0xef,0xd3,0x0d,0x05,0xfd,0xfd,0x67,0xdf,
0x57,0xf7,0xf7,0x9f,0xd5,0xff,0x5b,0xfd,0xbf,0x69,0xfd,0x2f,0xfd,0xf7,0xef,0xd5,
0xb7,0x0b,0x17,0x87,0x8f,0x08,0x97,0x84,0xbb,0x84,0x4b,0xc3,0x65,0xe1,0x5e,0xe1,
0xbe,0xe1,0x8a,0x5b,0xae,0xe8,0x1f,0xf9,0x3b,0xaf,0x80,0x70,0x13,0x3c,0xa1,0x4b,
0x25,0xe1,0xe1,0x7f,0x6c,0x7f,0xa3,0x09,0x4f,0x95,0x44,0x87,0x2f,0x0a,0xbd,0x27,
0xfc,0x81,0x3f,0x34,0xb6,0x1e,0x0e,0x7f,0x34,0xfc,0x89,0xf0,0xbb,0xb3,0x3f,0x7b,
0x2a,0xfc,0xee,0xbc,0x27,0xf9,0x35,0x79,0x36,0xfc,0xe5,0xf0,0xc9,0xe2,0x5f,0x3f,
0x3f,0x44,0x38,0x31,0x7c,0x4a,0xf8,0x8c,0x70,0x77,0xc1,0x9c,0xf0,0xf9,0xe1,0xce,
0x76,0x0b,0xc3,0x17,0x85,0xc7,0x87,0x57,0xbb,0x27,0x87,0xa7,0x85,0x67,0x84,0xaf,
0x0c,0x5f,0x13,0x9e,0x13,0x9e,0x23,0xcc,0x0f,0x2f,0x0a,0xdf,0x1c,0xbe,0x3d,0x7c,
0x67,0x78,0x79,0xb8,0xb5,0x80,0xec,0xf6,0x86,0x17,0x38,0x58,0xda,0x6d,0x74,0xa8,
0x09,0x5f,0x28,0x6a,0x08,0x7f,0x27,0xfc,0x60,0xf8,0x91,0xf0,0x63,0xe1,0x2f,0x38,
0x28,0x85,0x27,0xc2,0x4f,0x85,0x7f,0x18,0xfe,0x71,0x78,0x7f,0xfb,0xe7,0xc3,0x3f,
0x0f,0xff,0x36,0x9c,0x22,0x86,0x44,0xd8,0x44,0x38,0x45,0xc8,0x22,0x94,0x11,0x3f,
0xd7,0x1f,0x1e,0xa1,0x8d,0xf8,0xbd,0xef,0x2f,0xfe,0xea,0xf7,0x1f,0x7f,0xe4,0x73,
0xe7,0xf7,0x1f,0x37,0xf5,0xc7,0x46,0xdc,0x1f,0xf1,0x70,0xc4,0x63,0x11,0x4f,0x45,
0xf8,0xc8,0x9e,0x8b,0x18,0x1d,0x31,0x26,0x62,0x42,0x84,0x42,0x36,0x39,0x62,0x7a,
0xc4,0xec,0x88,0x40,0xd9,0xfc,0x88,0x85,0x11,0x8b,0x22,0xe2,0x23,0x52,0x22,0x96,
0x46,0x64,0x84,0x67,0x46,0xac,0x8e,0x58,0x17,0x91,0x1b,0xb1,0x21,0x42,0x28,0xdf,
0x14,0x31,0x4a,0xb0,0x2d,0xa2,0x34,0xa2,0x2c,0xa2,0x32,0xe2,0x54,0x78,0x75,0x44,
0x7d,0x84,0xbb,0x9c,0xfd,0x2d,0x1f,0x4f,0xf9,0xfe,0x88,0x96,0x88,0x31,0xd2,0xd6,
0x88,0x28,0xd9,0xd1,0x88,0xf6,0x88,0xce,0x88,0xd3,0x9c,0x9c,0x89,0x38,0x1f,0xd1,
0x1d,0x71,0x29,0xe2,0x4a,0xc4,0xd7,0x11,0xdf,0x45,0xfc,0x18,0xa1,0x8b,0xe0,0x45,
0x9a,0x45,0x5a,0x44,0xf2,0x23,0x45,0x91,0xf6,0x91,0xc3,0x23,0x25,0x91,0xae,0x10,
0xa5,0xdc,0x23,0xd2,0x2b,0xd2,0x2f,0x52,0x15,0xf9,0x80,0x2c,0x28,0x32,0x2c,0x52,
0x13,0xb9,0xcd,0x23,0x26,0xf2,0xbe,0xc8,0x87,0x22,0x1f,0x8d,0x7c,0x32,0xf2,0x99,
0xc8,0x17,0x22,0x5f,0x8e,0x1c,0x17,0xf9,0x6a,0xe4,0xb4,0xc8,0x59,0x91,0x73,0xc2,
0x5f,0x8b,0x7c,0x23,0xf2,0xad,0xc8,0xb8,0xc8,0xe4,0xc8,0xb4,0xc8,0x8c,0xc8,0x95,
0x91,0x6b,0x22,0x73,0x22,0xf3,0x23,0x8b,0x22,0x37,0x43,0xb6,0x47,0xee,0x8a,0xac,
0x88,0x7c,0x5c,0xba,0x2f,0xb2,0x36,0xb2,0x29,0xf2,0x40,0xe4,0xe1,0xc8,0xbd,0x82,
0xf7,0x22,0x8f,0x47,0x36,0x08,0x4e,0x46,0x7e,0x10,0xf9,0x51,0xe4,0xb9,0xc8,0xae,
0xc8,0x4b,0x91,0x57,0x22,0xbf,0x8a,0xfc,0x36,0xf2,0x7a,0x64,0x5f,0xa4,0xb1,0xc6,
0x54,0x33,0x44,0x63,0xad,0x11,0x6a,0xec,0x34,0xc3,0x35,0x12,0x8d,0xab,0xc6,0x43,
0x13,0xe7,0xe6,0xa5,0xe9,0x16,0xf8,0x6b,0xfc,0x35,0x81,0x9a,0x10,0x48,0x84,0x26,
0x4a,0x73,0xaf,0xe6,0x21,0xcd,0xa3,0x9a,0x27,0x35,0xcf,0x68,0x5e,0xd0,0xbc,0xac,
0x19,0xa7,0x99,0xa4,0x99,0xaa,0x99,0xa9,0x19,0x2d,0x9b,0xab,0x79,0x43,0xf3,0x96,
0x86,0xd1,0x8c,0x95,0x33,0x9a,0x44,0xcd,0x04,0xd9,0x12,0xcd,0x32,0xcd,0x72,0xcd,
0x6a,0xcd,0x64,0x99,0xad,0xdb,0x3a,0x4d,0xae,0x66,0x83,0x66,0x93,0x66,0xab,0x66,
0x87,0x66,0xb7,0xa6,0x52,0x53,0xad,0xa9,0xd7,0xec,0xd7,0xb4,0x68,0x5a,0x35,0xc7,
0x34,0x27,0x34,0xa7,0x34,0x1f,0x6a,0x3e,0xd6,0x9c,0xd7,0x74,0x6b,0x2e,0x69,0xae,
0x68,0xa6,0xcb,0xbe,0xd2,0x7c,0xab,0xf9,0x51,0xa3,0xd3,0xf0,0xb4,0x66,0xda,0x79,
0x32,0x0b,0x2d,0x5f,0x2b,0xd2,0xda,0x6b,0x87,0x6b,0x25,0x5a,0x57,0xad,0x87,0x96,
0xfd,0x5d,0x24,0x2f,0xad,0x9f,0x56,0xa5,0x0d,0xd2,0x86,0x6b,0xb5,0xda,0x58,0xed,
0xfd,0xda,0x05,0xb2,0x87,0xb5,0x8f,0x6b,0x9f,0xd2,0x3e,0xa7,0xf5,0xf1,0x1c,0xad,
0x1d,0xa3,0x9d,0xa0,0x9d,0xac,0x9d,0xae,0x9d,0xa3,0x9d,0xaf,0x5d,0xa8,0x5d,0xa4,
0x4d,0xd0,0xa6,0x68,0x97,0x6a,0x33,0xb5,0x59,0xd2,0x55,0xda,0xb5,0xda,0x5c,0x6d,
0xa1,0x76,0xb3,0x76,0xbb,0x76,0x97,0xb6,0x42,0xbb,0x4f,0x5b,0xab,0x6d,0xd4,0xbe,
0x2d,0x3b,0xe7,0xde,0xac,0x3d,0xa4,0x7d,0x57,0xdb,0xa6,0x3d,0xa9,0xfd,0x40,0xfb,
0x91,0xf6,0xac,0x36,0x43,0x7e,0x41,0xdb,0xa3,0xbd,0xac,0xbd,0xaa,0xbd,0xa6,0xbd,
0xae,0xd5,0x69,0x79,0x51,0x2b,0xe5,0x66,0x51,0x16,0x51,0xfc,0x28,0x51,0x94,0x7d,
0xd4,0xf0,0x28,0x49,0x94,0x5b,0x94,0x2c,0xca,0x27,0x4a,0x11,0xa5,0x8e,0xca,0x91,
0x87,0x46,0x45,0x46,0xc5,0x44,0xdd,0x17,0xf5,0x50,0xd4,0x63,0x51,0x4f,0x45,0x3d,
0x17,0x35,0x3a,0x6a,0x4c,0xd4,0x04,0xc8,0xe4,0xa8,0xe9,0x51,0x45,0xf2,0xd9,0x51,
0xf3,0xa2,0x16,0x44,0xbd,0x1d,0x15,0x17,0x95,0x1c,0x95,0x16,0x35,0x5a,0x9a,0x19,
0xb5,0x3a,0x6a,0x5d,0x54,0x5e,0x54,0x51,0xd4,0x96,0xa8,0x92,0xa8,0x1a,0xf9,0xae,
0xa8,0x3d,0x51,0xd5,0x51,0x0d,0x51,0xcd,0x51,0x87,0x20,0x0d,0xf2,0x40,0xcf,0x77,
0xa3,0xda,0xa2,0x3a,0xa2,0xde,0x8f,0xfa,0x28,0xaa,0xd5,0xed,0xa0,0xfc,0x6c,0xd4,
0x85,0xa8,0x62,0x59,0x6f,0xd4,0x95,0xa8,0x1f,0x3c,0xbe,0x8e,0xfa,0x2e,0xaa,0x4c,
0xf6,0x63,0x94,0x2e,0x8a,0x17,0x6d,0x0e,0xb1,0x8a,0x16,0x44,0xdb,0x46,0x0f,0x8b,
0x76,0x8a,0x76,0x89,0x76,0x8f,0xf6,0x8a,0xf6,0x8b,0x56,0x45,0x07,0x45,0x87,0x45,
0x6b,0xa2,0x63,0xa3,0xef,0x8f,0x7e,0x38,0xfa,0xb1,0xe8,0x7f,0x44,0x3f,0x1b,0xfd,
0x62,0xf4,0x98,0xe8,0x89,0xd1,0x53,0xa2,0x67,0x46,0xcf,0x8d,0x7e,0x23,0xfa,0xad,
0xe8,0x56,0x19,0x13,0x9d,0x14,0x9d,0x16,0x9d,0x11,0xbd,0x2a,0x7a,0x6d,0x74,0x6e,
0xf4,0x86,0xe8,0x4d,0xd1,0x5b,0xa3,0x77,0x44,0xef,0x8e,0xde,0x13,0x5d,0x1d,0xdd,
0x10,0xdd,0x1c,0x1d,0xa8,0x39,0x1c,0xfd,0x5e,0xf4,0xf1,0xe8,0x93,0xd1,0x1f,0x44,
0x7f,0x14,0x7d,0x36,0xfa,0x42,0x74,0x4f,0xf4,0xe7,0xd1,0x5f,0x46,0x7f,0x13,0x5d,
0x28,0xfd,0x21,0xfa,0x46,0xb4,0x51,0x8c,0x49,0xcc,0xe0,0x18,0xab,0x98,0x4e,0x99,
0x20,0xc6,0x36,0x46,0x1c,0xe3,0x18,0x33,0x32,0xc6,0x3d,0xc6,0x2b,0xc6,0x3f,0x26,
0x20,0x26,0x38,0x26,0x3c,0x46,0x1b,0x73,0x4f,0xcc,0x03,0x31,0xa3,0x62,0x9e,0x88,
0x79,0x3a,0xe6,0x85,0x98,0x57,0x62,0xc6,0xc7,0x54,0xba,0xbd,0x1a,0x33,0x2d,0x66,
0x56,0xcc,0x6b,0x31,0x6f,0xc4,0xbc,0x15,0x73,0x5e,0xce,0xc4,0x24,0xc6,0x2c,0x89,
0x59,0x16,0xb3,0x3c,0x66,0x75,0xcc,0xba,0x98,0xdc,0x98,0x51,0xa2,0x0d,0x31,0xc5,
0x31,0xdb,0x62,0x4a,0x63,0xca,0x62,0x2a,0x63,0xaa,0x63,0x1a,0x62,0x9a,0x63,0x0e,
0xc5,0xbc,0x1b,0xf3,0xad,0xfc,0xba,0x7c,0x8a,0xa8,0x2d,0xe6,0x64,0xcc,0x07,0x31,
0x1f,0xc5,0x9c,0x8d,0xb9,0x10,0xd3,0x1b,0x73,0x25,0xe6,0xab,0x98,0x6f,0x63,0xae,
0xc7,0xe8,0x62,0xfa,0xe4,0xbc,0x58,0xf3,0x58,0xab,0x58,0x41,0xac,0x6d,0xac,0x38,
0xd6,0x29,0xd6,0x25,0xd6,0x3d,0xd6,0x33,0xd6,0x37,0x56,0x19,0xab,0x8e,0x0d,0x8d,
0xd5,0xc4,0xc6,0xc4,0xde,0x17,0xfb,0x50,0xec,0x63,0xb1,0xff,0x88,0x7d,0x36,0xf6,
0xc5,0xd8,0x57,0x62,0x27,0xc4,0x4e,0x89,0x9d,0x11,0x3b,0x27,0x76,0x7e,0xec,0x9b,
0xb1,0x8b,0x63,0xed,0x3c,0xed,0x3c,0x13,0x63,0x97,0xc4,0xa6,0xc7,0xae,0x88,0xcd,
0x8a,0xcd,0x8e,0xcd,0x8b,0x2d,0x8c,0x2d,0x8e,0xdd,0x16,0x3b,0xcc,0x73,0x67,0x6c,
0x79,0xec,0xde,0xd8,0x9a,0xd8,0x86,0xd8,0x77,0x62,0x0f,0xc5,0xbe,0x1b,0x7b,0x3c,
0xb6,0x33,0xd6,0xd3,0xe6,0xc3,0xd8,0x50,0x9b,0x8f,0x63,0xcf,0xc7,0x76,0xc7,0x5e,
0x8a,0x1d,0x65,0x73,0x25,0xf6,0x6e,0xac,0x72,0x6f,0x7b,0x1f,0xca,0xfe,0x77,0x9a,
0x14,0x09,0x35,0xe9,0x74,0x5f,0xf4,0xbf,0x64,0xe5,0x42,0x8d,0xe1,0xe8,0xe2,0xad,
0x73,0x1b,0x8f,0x7e,0x96,0xab,0xd1,0x2d,0x46,0xf8,0xa8,0x8e,0xfb,0xcf,0x52,0xcc,
0x40,0xa9,0x1f,0xd9,0xff,0x21,0x51,0xf0,0x83,0x4e,0x77,0xa3,0xe5,0xeb,0x2b,0x8d,
0x38,0xba,0x71,0xf9,0xeb,0xc6,0x30,0x23,0x6a,0xd3,0xf1,0xfa,0xae,0x70,0xf9,0x97,
0xbf,0xfe,0xfc,0x50,0xc4,0x29,0x87,0x43,0xba,0xe6,0x43,0x11,0x71,0xac,0x6e,0x33,
0xdd,0x27,0x37,0x90,0xaf,0xfb,0xfa,0x93,0x88,0x57,0x82,0xda,0xd8,0xb6,0xb8,0xe3,
0x2f,0xd8,0xe3,0x59,0x6d,0x3a,0x6b,0xe2,0x8e,0x59,0xe3,0x6e,0x7c,0xa9,0x6b,0x63,
0x57,0x71,0xba,0xc5,0x3f,0x41,0x93,0xdf,0xe2,0xc4,0x97,0x75,0x4d,0xba,0x11,0xac,
0x5d,0x7c,0xae,0x5f,0x9f,0xe8,0xcc,0xb8,0x38,0x62,0x71,0x04,0x57,0x81,0x0b,0xd9,
0x83,0xc5,0x06,0xeb,0x22,0x74,0xb7,0xf4,0x41,0x62,0xf0,0x00,0xfb,0x5c,0x90,0xdc,
0xfa,0x92,0x14,0x9d,0x83,0x11,0x8b,0x89,0x6d,0x56,0xf7,0x09,0xfb,0x9f,0x81,0xd0,
0x5b,0x9e,0xbe,0xac,0x6e,0xe0,0x3f,0x69,0x69,0xd8,0xfc,0xc5,0x3a,0xbe,0x8e,0x7f,
0x95,0x3b,0x94,0xe8,0xfd,0xc3,0xe7,0x5a,0x3d,0x64,0x28,0xd4,0x66,0x88,0x59,0x03,
0x0a,0xb8,0x36,0x34,0x37,0xdf,0xc5,0x1a,0xbc,0x6d,0xf8,0xf0,0xbf,0x34,0x24,0xbe,
0xd7,0x7d,0xda,0xff,0x22,0x5b,0xaf,0x51,0xdf,0xb2,0xfe,0xff,0x8c,0xe3,0x32,0xd0,
0xad,0x4d,0x37,0x3a,0x73,0xcd,0xd3,0x62,0xc3,0xa7,0xdf,0x38,0x3e,0xf7,0x2d,0xc1,
0xcd,0x0f,0x67,0xad,0xa1,0x97,0x8b,0x6f,0x7d,0x23,0xce,0x1f,0x18,0x0f,0xfa,0x58,
0xa2,0xe3,0x69,0x9a,0x0c,0x7d,0xd5,0xf1,0x19,0x2e,0xa7,0x51,0xd7,0x6c,0xe8,0x83,
0xbe,0xb6,0x46,0xf7,0xb5,0xfe,0x7f,0x48,0xd0,0xf7,0xec,0xf1,0xa2,0x45,0x8b,0xe8,
0xa6,0x66,0x7d,0x5d,0x3e,0xfb,0xbf,0xb6,0xbf,0xef,0xd7,0x60,0x18,0x77,0x5f,0x70,
0x8d,0xec,0x43,0x19,0xcd,0x2d,0xe3,0xd0,0x2c,0x85,0x8b,0x32,0xd9,0x93,0x12,0xa3,
0x9b,0x23,0x54,0x73,0xd3,0x62,0xae,0xef,0xdc,0xdf,0x80,0xf3,0xcf,0x0e,0x5c,0x03,
0x36,0x6c,0xd4,0xbb,0x5c,0x73,0xb3,0x16,0xdd,0xec,0x18,0xd7,0x6b,0xe4,0x6b,0xb8,
0xe1,0xd3,0xb8,0xc2,0x50,0x9c,0xeb,0x04,0x33,0x70,0x2f,0x04,0x7d,0xaf,0x57,0xae,
0x4b,0xd0,0x7b,0x77,0xc0,0x2e,0x5c,0x8f,0x9f,0xb8,0xc4,0xcc,0x2f,0xbf,0x80,0x2b,
0x35,0x29,0x18,0x19,0x46,0xb7,0x7e,0xc7,0xc0,0x35,0xf4,0x7d,0xbf,0x37,0x35,0x7d,
0x7a,0x93,0x59,0xb3,0x78,0x4e,0xd4,0x87,0xf3,0x46,0xb7,0xde,0x6f,0x66,0x3f,0x19,
0xec,0x83,0x7f,0x7f,0xf6,0xdd,0x84,0xde,0x73,0x61,0x3c,0xfa,0xa9,0x6f,0xe0,0x48,
0x7f,0x95,0xfb,0xad,0xe1,0xae,0x11,0xeb,0x77,0xb6,0x09,0x4d,0xff,0xcd,0xf6,0x89,
0x19,0x71,0xa3,0x95,0x37,0x70,0xeb,0xd2,0xcd,0xab,0xcb,0xbe,0x61,0xd6,0xdf,0x8d,
0x86,0x66,0xf0,0x59,0x5c,0x0f,0x07,0xf4,0xff,0x47,0x2a,0x33,0x1d,0x4f,0x7f,0x9f,
0x5e,0xfe,0xb1,0x20,0x24,0xee,0x6c,0x9b,0x04,0xe5,0x1f,0xe2,0xfc,0xa4,0x2b,0xfe,
0xae,0xd1,0xc8,0x54,0xaf,0xf9,0x0b,0xb6,0x2e,0x6b,0xf3,0xcd,0x7e,0x68,0xf4,0xc3,
0x09,0x1f,0xd4,0xe0,0x41,0x0d,0x0d,0xcc,0x26,0x3c,0xfd,0xc5,0xe6,0xee,0x2f,0x3e,
0x6b,0xc9,0xcf,0xe6,0x1b,0xc3,0xdf,0xf0,0x9b,0x31,0x8b,0xbf,0x9a,0xc9,0xea,0xf9,
0x61,0x31,0x0d,0x98,0x46,0x06,0x57,0xff,0x24,0xd1,0xeb,0x1b,0xf8,0x70,0x7d,0x34,
0xbb,0xc5,0x5f,0x86,0xf6,0x78,0xac,0xee,0x1b,0xfa,0x5b,0xeb,0xe6,0xd8,0x46,0x23,
0x7d,0xb8,0x17,0xb8,0x6e,0x2f,0xde,0xc3,0xda,0xdd,0xc8,0x96,0x59,0xfc,0x63,0xbf,
0x97,0xf8,0x3a,0x1e,0xaf,0xdf,0x26,0x23,0x9d,0xbe,0x81,0x43,0x3f,0xd7,0x60,0xb8,
0xcf,0x74,0x3c,0x86,0x4f,0xfd,0xd7,0xfa,0xd6,0xfb,0xd4,0xec,0x96,0x5c,0x0d,0x0d,
0xdc,0xdf,0xcd,0x03,0x05,0x16,0x73,0xba,0x34,0x1a,0xac,0x04,0x75,0x3f,0xc2,0x94,
0xb3,0xba,0x81,0xb1,0xa6,0xbf,0x15,0x74,0x29,0x86,0x92,0xcc,0xcd,0xef,0xaa,0x24,
0xb4,0xb8,0xbf,0xa7,0x8c,0x7e,0xc4,0xb3,0xe5,0xfb,0xe7,0xdc,0x5b,0xcc,0xa3,0x2f,
0x66,0x12,0x76,0x30,0x5f,0x1a,0x0d,0x5c,0x47,0xc3,0x3d,0xc2,0x47,0xe7,0x1d,0xcf,
0x0e,0xcc,0xde,0x9a,0x9b,0x37,0x9e,0xe6,0x67,0xf7,0x04,0x9f,0x0c,0x63,0xc4,0x08,
0xc9,0xef,0xfb,0xf4,0xbd,0x93,0x70,0x05,0x99,0x5b,0xae,0x97,0x04,0x2d,0x34,0xdf,
0x3a,0x4a,0x07,0xbc,0x90,0x40,0x3f,0x9f,0x89,0x52,0xf4,0xa3,0x56,0x3f,0xaa,0x17,
0xcf,0xd4,0x2d,0x2e,0x30,0x5c,0x79,0x78,0xbb,0xf9,0xd6,0xff,0xd8,0xa3,0xff,0x48,
0xfa,0x53,0xfa,0x9b,0x96,0xfb,0xbf,0x6d,0xb0,0x69,0x71,0xff,0x0a,0x5d,0x9f,0xdd,
0xa4,0x2f,0xf3,0x35,0xec,0x90,0x70,0xd7,0x8d,0x7f,0x73,0x04,0xb1,0xd7,0x75,0xe0,
0x5e,0xd7,0xe8,0xf8,0x3c,0xc3,0x9d,0xc6,0xe5,0x68,0x74,0x92,0xc5,0x57,0x31,0x88,
0x33,0xd9,0x1b,0xf1,0x3b,0xdd,0x2d,0xf3,0xef,0xcd,0x99,0xc4,0x30,0x87,0xd3,0x18,
0x1a,0x4b,0xe3,0x68,0x3c,0x4d,0xa0,0x89,0x34,0x89,0x5e,0xa5,0xc9,0x34,0x85,0xa6,
0xd2,0x34,0x9a,0x4e,0x33,0x68,0x26,0xcd,0xa2,0xd9,0x34,0x87,0xe6,0xd2,0x6b,0x34,
0x8f,0xe6,0xd3,0xeb,0xf4,0x06,0x2d,0xa0,0x85,0xe4,0x4c,0xce,0xef,0x2d,0x01,0x89,
0xc4,0xfe,0x2e,0x9a,0xf3,0x7b,0x71,0x74,0xac,0x0e,0xd1,0x16,0xec,0x25,0x15,0xe7,
0xe3,0x12,0x03,0xb8,0x10,0xa7,0xb8,0x74,0xf3,0x06,0x6a,0x2e,0xa4,0xe6,0x22,0x6a,
0xde,0x48,0xcd,0x9b,0xa8,0xb9,0x98,0x9a,0x37,0x53,0xf3,0x16,0x6a,0xde,0x4a,0xcd,
0xdb,0xa8,0x79,0x3b,0x35,0x97,0x50,0xf3,0x0e,0x6a,0x2e,0xa5,0xe6,0x9d,0xd4,0xbc,
0x8b,0x9a,0x77,0x53,0x73,0x19,0x35,0x97,0x53,0x73,0x05,0x35,0xef,0xa1,0xe6,0x4a,
0x6a,0xde,0x4b,0xcd,0x55,0xd4,0x5c,0x4d,0xcd,0x35,0xd4,0x5c,0x4b,0xcd,0x75,0xd4,
0x5c,0x4f,0xcd,0x0d,0x74,0x20,0x8e,0x0e,0x24,0xd0,0x81,0x24,0x3a,0x90,0x42,0x07,
0x52,0xe9,0xc0,0x52,0x3a,0x90,0x4e,0x07,0x32,0xe9,0xc0,0x0a,0x3a,0xb0,0x8a,0x0e,
0x64,0xd1,0x81,0xb5,0x74,0x20,0x9b,0x0e,0xac,0xa7,0x03,0x79,0x74,0xa0,0x80,0x0e,
0x14,0xd2,0x81,0x8d,0x74,0xa0,0x98,0x0e,0x6c,0xa1,0x03,0xdb,0xe8,0x40,0x09,0x1d,
0x28,0xa5,0x03,0xbb,0x68,0xf2,0x7b,0x29,0x34,0x79,0x0a,0x1d,0xa8,0xa4,0x03,0xfb,
0xe8,0x40,0x0d,0x1d,0xa8,0xa3,0x03,0x0d,0x34,0xed,0x9d,0x7d,0xd4,0x12,0x4f,0x2d,
0x89,0xd4,0x92,0x4c,0x2d,0x4b,0xe8,0x48,0xdd,0x0c,0x6a,0x59,0x4a,0x2d,0xe9,0xd4,
0x92,0x49,0x2d,0x2b,0xa8,0x65,0x15,0xb5,0x64,0x51,0xcb,0x5a,0x6a,0xc9,0xa6,0x96,
0xf5,0xd4,0x92,0x47,0x2d,0x05,0xd4,0x52,0x48,0x2d,0x1b,0xa9,0xa5,0x98,0x5a,0xb6,
0x50,0xcb,0x36,0x6a,0x29,0xa1,0x96,0x52,0x6a,0xd9,0x45,0x2d,0x65,0xd4,0x52,0x41,
0x2d,0x95,0xd4,0xb2,0x8f,0x9a,0x1b,0xa9,0xa5,0x86,0x5a,0xea,0xa8,0xa5,0x81,0x5a,
0x57,0xd1,0xc1,0x04,0x3a,0x98,0x44,0xad,0xab,0xe9,0xe0,0x12,0x6a,0x5d,0x43,0xad,
0x6b,0xe9,0xe0,0x32,0x3a,0x94,0x47,0xad,0xd9,0xd4,0xba,0x9e,0x0e,0xae,0xa4,0xd6,
0x0d,0xd4,0xba,0x91,0x5a,0xb7,0x51,0xeb,0x56,0x3a,0x88,0xcc,0x5d,0xd4,0x5a,0x4e,
0xad,0x95,0x74,0xb0,0x90,0x0e,0x6e,0xa4,0x83,0xc5,0x74,0x84,0xa1,0x83,0x5b,0xe9,
0x08,0xda,0x29,0xa5,0x23,0x4b,0xe8,0xe0,0x6e,0x3a,0x92,0x46,0x47,0x96,0xd2,0xc1,
0x3d,0x74,0x70,0x2f,0x1d,0x59,0x49,0x07,0xab,0xe9,0x60,0x3d,0x8d,0x87,0xbe,0x69,
0x53,0x68,0xc6,0x14,0x3a,0x94,0x41,0x87,0x96,0xd3,0xa1,0x95,0x74,0x68,0x35,0x1d,
0x5a,0x43,0x87,0xd6,0xd1,0xa1,0x1c,0x3a,0x94,0x4b,0x87,0x0a,0xe8,0x50,0x21,0x1d,
0xda,0x48,0x87,0x8a,0xe9,0xd0,0x16,0x3a,0xb4,0x8d,0x0e,0x95,0xd0,0xa1,0x52,0x3a,
0xb4,0x8b,0xc6,0x2f,0xa4,0x43,0x50,0x99,0x45,0x07,0x1b,0xe9,0x50,0x35,0x1d,0xaa,
0xa5,0x43,0xf5,0x74,0xa8,0x91,0x0e,0xc7,0xd1,0xe1,0x04,0x3a,0x9c,0x44,0x87,0x53,
0xe8,0x70,0x2a,0x1d,0x5e,0x4a,0x87,0xd3,0xe9,0x70,0x26,0x1d,0x5e,0x41,0x87,0x57,
0xd1,0xe1,0x2c,0x3a,0xbc,0x96,0x0e,0x67,0xd3,0xe1,0xf5,0x74,0x38,0x8f,0x0e,0x17,
0xd0,0xc1,0x7c,0x3a,0xbc,0x91,0x0e,0x17,0xd3,0xe1,0x2d,0x74,0x78,0x1b,0x1d,0x2e,
0xa1,0xc3,0xa5,0x74,0x78,0x17,0x1d,0x2e,0xa3,0xc3,0x15,0x74,0xbe,0x0c,0x27,0xea,
0xe8,0x60,0x0e,0x52,0x9b,0xa9,0x35,0x9e,0x0e,0x32,0x74,0x24,0x95,0x8e,0x2c,0xa3,
0xd6,0x14,0x6a,0x4d,0xa5,0xd6,0xa5,0xd4,0x9a,0x4e,0xad,0x99,0xd4,0x8a,0xb3,0xd5,
0xd4,0x5a,0x4b,0x47,0xe2,0x30,0xf0,0x92,0x41,0x0a,0x48,0x03,0x5b,0x41,0x02,0x58,
0x4a,0x47,0xb2,0xe8,0x3d,0x86,0x30,0x38,0xdf,0x5b,0x45,0xef,0x2d,0x61,0x07,0x69,
0x35,0x1d,0x2d,0xa3,0xa3,0x15,0x74,0x04,0x89,0x7d,0xe4,0x8c,0xe3,0x30,0x6a,0xab,
0x60,0x07,0x33,0x7b,0x76,0x07,0xe1,0x8a,0x1f,0x2b,0xa5,0x63,0x3b,0xe9,0xd8,0x2e,
0x6a,0x5b,0x46,0x6d,0xe9,0xd4,0x96,0x41,0xc7,0xca,0xe8,0x58,0x39,0x1d,0xab,0xa0,
0x63,0x7b,0xe8,0x58,0x25,0x1d,0xdb,0x4b,0xc7,0x50,0xac,0x8a,0x8e,0xd5,0xd0,0xb1,
0x5a,0x3a,0x56,0x4f,0xc7,0x1a,0xe8,0x58,0x23,0xb5,0x31,0xd4,0x16,0x47,0x6d,0x09,
0xd4,0x96,0x48,0x6d,0x49,0xd4,0x96,0x4c,0x6d,0x29,0xd4,0xb6,0x84,0xda,0x52,0xa9,
0x2d,0x8d,0xda,0x96,0x52,0xdb,0x5a,0x6a,0xcb,0xa6,0xb6,0xf5,0xd4,0x96,0x47,0x6d,
0x05,0xd4,0x56,0x48,0x6d,0x1b,0xa9,0xad,0x98,0xda,0xb6,0x50,0xdb,0x36,0x6a,0x2b,
0xa1,0xb6,0x52,0x6a,0x83,0xde,0x2a,0x6a,0xab,0xa5,0xa3,0xf8,0xa9,0xa3,0xa3,0xf5,
0xd4,0xbe,0x9c,0xda,0x57,0x50,0xfb,0x4a,0x6a,0x5f,0x45,0xed,0xab,0xa9,0x3d,0x8b,
0xda,0xd7,0x50,0xfb,0x5a,0x6a,0x5f,0x47,0xed,0xd9,0xd4,0x9e,0x43,0xed,0xeb,0xa9,
0x3d,0x97,0xda,0xf3,0xa8,0x3d,0x9f,0xda,0x0b,0xe8,0xf8,0x6e,0x3a,0x5e,0x46,0xc7,
0xcb,0xe9,0x78,0x05,0x1d,0xdf,0x43,0xc7,0x2b,0xe9,0xf8,0x5e,0x3a,0xbe,0x8f,0x8e,
0x57,0xd1,0xf1,0x6a,0x3a,0x5e,0x43,0xc7,0x6b,0xe9,0x78,0x1d,0x1d,0xaf,0xa7,0xe3,
0x0d,0x74,0xbc,0x91,0xda,0x19,0x6a,0x8f,0xa3,0xf6,0x78,0x6a,0x4f,0xa0,0xf6,0x44,
0x6a,0x4f,0xa2,0xf6,0x64,0x6a,0x4f,0xa1,0xf6,0x25,0xd4,0x9e,0x4a,0xed,0x69,0xd4,
0xbe,0x94,0xda,0x97,0x51,0x7b,0x3a,0xb5,0x67,0x50,0x7b,0x26,0xb5,0x17,0x52,0xfb,
0x46,0x6a,0x2f,0xa6,0xf6,0x2d,0xd4,0xbe,0x8d,0xda,0x4b,0xa8,0xbd,0x94,0xda,0x77,
0x51,0x7b,0x19,0xb5,0x57,0x50,0x7b,0x25,0xb5,0xef,0xa3,0xf6,0x6a,0x6a,0xaf,0xa5,
0x76,0x18,0xdf,0x48,0x27,0xe2,0xe8,0xc4,0x52,0x3a,0x91,0x4e,0x27,0x32,0xe9,0xc4,
0x0a,0x3a,0xb1,0x8a,0x4e,0x64,0xd1,0x89,0xb5,0x74,0x22,0x9b,0x4e,0xac,0xa7,0x13,
0x79,0x74,0xa2,0x80,0x4e,0x14,0xd2,0x89,0x8d,0x74,0xa2,0x98,0x4e,0x6c,0xa1,0x13,
0xdb,0xe8,0x44,0x09,0x9d,0x28,0xa5,0x13,0xbb,0xe8,0x44,0x19,0x9d,0xa8,0xa0,0x13,
0x95,0x74,0x62,0x1f,0x9d,0xa8,0xa6,0x13,0xb5,0x74,0xa2,0x9e,0x4e,0x34,0x52,0x47,
0x26,0x75,0xc4,0x53,0x47,0x22,0x75,0x24,0x53,0xc7,0x12,0xea,0x48,0xa3,0x8e,0x65,
0xd4,0x91,0x41,0x1d,0x2b,0xa8,0x63,0x15,0x75,0x64,0x51,0xc7,0x5a,0xea,0xc8,0xa6,
0x8e,0xf5,0xd4,0x91,0x47,0x1d,0x05,0xd4,0x51,0x48,0x1d,0x1b,0xa9,0xa3,0x98,0x3a,
0xb6,0x50,0xc7,0x36,0xea,0x28,0xa1,0x8e,0x52,0xea,0xd8,0x45,0x1d,0x65,0xd4,0x51,
0x41,0x1d,0x95,0xd4,0xb1,0x8f,0x3a,0xaa,0xa9,0xa3,0x96,0x3a,0xea,0xa9,0xa3,0x91,
0x4e,0xc6,0xd1,0xc9,0x04,0x3a,0x99,0x44,0x27,0x53,0xe8,0x64,0x2a,0x9d,0x5c,0x4a,
0x27,0xd3,0xe9,0x64,0x26,0x9d,0x5c,0x41,0x27,0x57,0xd1,0xc9,0x2c,0x3a,0xb9,0x96,
0x4e,0x66,0xd3,0xc9,0xf5,0x74,0x32,0x8f,0x4e,0x16,0xd0,0xc9,0x42,0x3a,0xb9,0x91,
0x4e,0x16,0xd3,0xc9,0x2d,0x74,0x72,0x1b,0x9d,0x2c,0xa1,0x93,0xa5,0x74,0x72,0x17,
0x75,0x16,0x52,0x67,0x11,0x75,0x6e,0xa4,0xce,0x4d,0xd4,0x59,0x4c,0x9d,0x9b,0xa9,
0x73,0x0b,0x75,0x6e,0xa5,0xce,0x6d,0xd4,0xb9,0x9d,0x3a,0x4b,0xa8,0x73,0x07,0x75,
0x96,0x52,0xe7,0x4e,0xea,0x44,0xe1,0xdd,0xd4,0x59,0x46,0x9d,0xe5,0xd4,0x59,0x41,
0x9d,0x7b,0xa8,0xb3,0x92,0x3a,0xf7,0x52,0xe7,0x3e,0xea,0xac,0xa2,0xce,0x6a,0xea,
0xac,0xa1,0xce,0x5a,0xea,0xac,0xa3,0xce,0x7a,0xea,0x6c,0xa0,0xce,0x46,0x3a,0xc5,
0xd0,0xa9,0x38,0x3a,0x15,0x4f,0xa7,0x12,0xe8,0x54,0x22,0x9d,0x4a,0xa2,0x53,0xc9,
0xd0,0x82,0x8c,0x0f,0xb6,0x9c,0xde,0x43,0xa7,0x97,0x20,0xf8,0x67,0x0a,0x9b,0x4a,
0x43,0x70,0x76,0x53,0xd6,0xd9,0x4d,0x75,0x88,0xd6,0xe8,0xa3,0xb5,0xfa,0x28,0x57,
0x1f,0x15,0xea,0xa3,0x22,0x7d,0x54,0xa2,0x8f,0x76,0x71,0xd1,0xe6,0xc2,0xb3,0x9b,
0xd9,0xa8,0x48,0x1f,0xed,0xe2,0xa2,0xad,0xe5,0x67,0xb7,0xb2,0x51,0x95,0x3e,0x5a,
0xa3,0x8f,0xd6,0xea,0xa3,0x5c,0x7d,0x54,0xc2,0x45,0x3b,0x0a,0xcf,0xee,0x60,0xa3,
0x22,0x2e,0xaa,0x4e,0x3f,0x5b,0x55,0x4e,0x67,0x6b,0xd3,0xcf,0xd6,0x20,0xaa,0x29,
0x39,0x5b,0x93,0xad,0x8f,0x0a,0xe9,0x6c,0xdd,0x52,0x3a,0x5b,0x1f,0x7f,0xb6,0x61,
0x1f,0xa2,0x65,0xfa,0x68,0x85,0x3e,0x5a,0xa3,0x8f,0xd6,0xeb,0x23,0xe6,0x6c,0x43,
0x25,0xa2,0xb2,0xb3,0xf5,0xe5,0xfa,0x08,0x9d,0x6b,0x28,0x3f,0xdb,0xc0,0x70,0x11,
0x32,0xb8,0x54,0x45,0x7f,0x64,0xc8,0xe8,0xcf,0x5f,0xc9,0x35,0xd2,0x90,0xab,0x8f,
0x0a,0xf5,0xd1,0x66,0x7d,0x54,0xa2,0x8f,0x96,0xb3,0x0a,0xce,0xef,0x61,0x40,0x1c,
0x88,0x07,0x09,0x20,0x11,0x24,0x81,0x64,0x90,0x02,0x96,0x80,0x54,0x90,0x06,0x96,
0x82,0x65,0x20,0x1d,0x64,0x80,0x4c,0xb0,0x1c,0xac,0x00,0x2b,0xc1,0x2a,0xb0,0x1a,
0x64,0x81,0x35,0x60,0x2d,0x58,0x07,0xb2,0x01,0xa6,0xba,0x3d,0xeb,0x41,0x2e,0xc8,
0x03,0xf9,0xa0,0x00,0x6c,0x00,0x85,0xa0,0x08,0x6c,0x04,0x9b,0x40,0x31,0xd8,0x02,
0x4a,0xe9,0x5c,0x42,0x2e,0x9d,0xcb,0xdc,0x0d,0xca,0x40,0x39,0xa8,0x00,0x7b,0x40,
0x25,0x5d,0xca,0x5e,0x4a,0xe7,0xca,0xd3,0x50,0x66,0x39,0x58,0x01,0x56,0x82,0x55,
0x60,0x35,0xc8,0x02,0x6b,0xc0,0x5a,0xb0,0x0e,0x64,0x83,0x1c,0xb0,0x1e,0xe4,0x81,
0x7c,0x50,0x00,0x36,0x80,0x42,0x50,0x04,0x36,0x82,0x4d,0xa0,0x18,0x6c,0x06,0x5b,
0xc0,0x56,0xb0,0x0d,0x6c,0x07,0x25,0x60,0x07,0x60,0xed,0xda,0x09,0x76,0x01,0xd8,
0x96,0x00,0xdb,0x12,0x60,0x5b,0x02,0x6c,0x4b,0x80,0x6d,0x09,0x95,0x60,0x2f,0xd8,
0x07,0xaa,0x40,0x35,0xa8,0x01,0xf5,0xa0,0x01,0x34,0x52,0xeb,0x72,0x6a,0x85,0xc5,
0xf0,0x7a,0x2b,0x3a,0x08,0x67,0x9d,0x83,0xb3,0xce,0xc1,0x31,0xe7,0xd0,0xf9,0x56,
0x3c,0x0b,0xb3,0xa8,0xb5,0x80,0x5a,0x0b,0xa9,0x15,0x87,0x50,0x5d,0x89,0x27,0x00,
0x1e,0x95,0x50,0xbc,0x37,0x89,0x8e,0xe0,0x4c,0x19,0xb5,0xee,0xa6,0xd6,0x0a,0x6a,
0xdd,0x43,0xad,0x55,0x74,0x04,0x4f,0x10,0x18,0x07,0xe7,0x1e,0x59,0x4e,0x47,0xd0,
0x70,0x55,0x1c,0x48,0x00,0x49,0x20,0x05,0xa4,0x02,0xb8,0xab,0x2a,0x1d,0x64,0x02,
0xb6,0x0c,0x5c,0x55,0x05,0x37,0x55,0x41,0x73,0x15,0xdc,0x53,0x05,0xd7,0x54,0xc1,
0x82,0x2a,0xb8,0xa5,0x0a,0x2e,0xa9,0x82,0x3b,0xaa,0xe0,0x8a,0x2a,0xb8,0xa1,0x0a,
0x2e,0xa8,0x82,0x86,0x2a,0x58,0x50,0x85,0x6e,0x57,0xa1,0xcb,0x55,0xe8,0x6e,0x15,
0xba,0x5a,0x85,0x6e,0x56,0xa1,0x8b,0x55,0xb5,0x00,0x5d,0xac,0x6a,0xa4,0x73,0xd5,
0xd0,0x5f,0x0d,0xfd,0xd5,0xd0,0x5f,0x0d,0xfd,0xd5,0xd0,0x5f,0x0d,0xfd,0xd5,0xd0,
0x5f,0x0d,0xfd,0xd5,0xd0,0x5f,0x0d,0xfd,0xd5,0xd0,0x5f,0x0d,0xfd,0xd5,0xd0,0x5f,
0x0d,0xfd,0xd5,0xd0,0x5f,0x0d,0xfd,0xd5,0xd0,0x5f,0x0d,0xfd,0xd5,0xd0,0x5f,0x0d,
0xfd,0xd5,0xd0,0x5f,0x0d,0xfd,0xd5,0xd0,0x5f,0x0d,0xfd,0xd5,0xd0,0x5f,0x0d,0xfd,
0xd5,0xd0,0x5f,0x0d,0xfd,0xd5,0xd0,0x5f,0x0d,0xfd,0xd5,0xd0,0x5f,0x0d,0xfd,0x35,
0xd0,0x5f,0x03,0xfd,0x35,0xd0,0x5f,0x03,0xfd,0x35,0xd0,0x5f,0x03,0xfd,0x35,0xd0,
0x5f,0x03,0xfd,0x35,0xd0,0x5f,0x03,0xfd,0x35,0x59,0x34,0xe6,0x48,0x03,0x35,0x43,
0x25,0x6e,0xce,0x73,0x35,0x50,0x59,0x03,0x95,0x35,0x50,0x59,0x03,0x95,0x35,0x50,
0x59,0x03,0x95,0x35,0x50,0x59,0x03,0x95,0x35,0x50,0x59,0x03,0x95,0x35,0x50,0x59,
0x03,0x95,0x35,0x50,0x59,0x03,0x95,0x35,0x50,0x59,0x0b,0x95,0xb5,0x50,0x59,0x0b,
0x95,0xb5,0x50,0x59,0x0b,0x95,0xb5,0x50,0x59,0x0b,0x95,0xb5,0x50,0x59,0x0b,0x95,
0xb5,0x50,0x59,0x8b,0x2e,0xd7,0xa2,0xcb,0xb5,0xe8,0x72,0x2d,0xba,0x5c,0x8b,0x2e,
0xd7,0x42,0x7f,0x2d,0xf4,0xd7,0x42,0x7f,0x2d,0xf4,0xd7,0x42,0x7f,0x2d,0xf4,0xd7,
0x42,0x7f,0x2d,0xf4,0xd7,0x42,0x7f,0x2d,0xf4,0xd7,0x42,0x7f,0x2d,0xf4,0xd7,0x42,
0x7f,0x2d,0xf4,0xd7,0x42,0x7f,0x2d,0xf4,0xd7,0x42,0x7f,0x1d,0x03,0x60,0x43,0x5d,
0x3c,0x80,0x1d,0x75,0x89,0x00,0xb6,0xd4,0x25,0x03,0xd8,0x53,0x87,0xbb,0xa4,0x0e,
0x36,0xd4,0xe1,0x2e,0xa9,0x83,0x1d,0x75,0xb8,0x4b,0xea,0x60,0x4b,0x1d,0xee,0x80,
0x3a,0xe8,0xae,0xc3,0x1d,0x50,0x07,0xfd,0x75,0xb8,0x03,0xea,0x60,0x43,0x1d,0xee,
0x80,0x3a,0xd8,0x51,0x87,0x11,0x5e,0x07,0xdd,0x75,0x18,0xe1,0x75,0xd0,0x5f,0x87,
0x11,0x5e,0x07,0x1b,0xea,0x30,0xc2,0xeb,0x60,0x47,0x3d,0xf4,0xd6,0x43,0x6f,0x3d,
0xf4,0xd6,0x43,0x6f,0x3d,0xf4,0xd6,0x43,0x6f,0x3d,0x74,0xd5,0x43,0x4f,0x3d,0x74,
0xd4,0xa3,0xbf,0xf5,0xd0,0x53,0x0f,0x3d,0xf5,0xd0,0x53,0x0f,0x3d,0xf5,0xd0,0x53,
0x0f,0x3d,0xf5,0xd0,0x53,0xcf,0xea,0x61,0xb0,0x4e,0x41,0x0f,0xb8,0x30,0x9e,0x0b,
0x13,0xb8,0x30,0x91,0x0b,0x93,0xb8,0x30,0x99,0x0b,0x53,0xb8,0x70,0x03,0x17,0x16,
0x72,0x61,0x11,0x17,0x6e,0xe4,0xc2,0x4d,0x5c,0x58,0xcc,0x85,0x9b,0xb9,0x70,0x0b,
0x1b,0xd6,0x73,0xe5,0xeb,0xb9,0xf2,0xf5,0x5c,0xf9,0x7a,0xae,0x7c,0x3d,0x57,0xbe,
0x9e,0x2b,0x5f,0xcf,0x95,0xaf,0xd7,0x97,0xdf,0x8d,0xf0,0x58,0x19,0x1b,0xec,0x60,
0x8f,0x1b,0xf6,0x72,0x21,0xbc,0xd1,0x50,0xc6,0x9e,0xc5,0x72,0x6a,0x15,0x39,0x1f,
0x8d,0x67,0x97,0x55,0x47,0xd9,0xbe,0xef,0x61,0x8b,0xee,0x63,0x83,0x9d,0x6c,0xc9,
0x46,0xce,0x56,0xcc,0xde,0x38,0xc3,0x96,0xc5,0x1a,0x8d,0x0d,0xd9,0x75,0xdc,0x2a,
0x94,0x3f,0x86,0xcb,0xd1,0xc8,0xc2,0xba,0x69,0x2f,0x32,0x57,0x73,0x05,0x56,0x73,
0x05,0x56,0xb3,0x05,0xa0,0xa9,0x11,0x3e,0x6b,0x64,0x7d,0x86,0xd9,0xa3,0xb1,0x98,
0x5b,0xc0,0x31,0xf4,0x0a,0x8e,0xeb,0xd0,0x76,0x5b,0x2a,0x1b,0x64,0x70,0xba,0x38,
0xdb,0xea,0xab,0xd8,0x33,0x6c,0x75,0x3a,0xcf,0x2c,0x47,0x8c,0x85,0x26,0x53,0x8e,
0x1f,0x43,0xa4,0x4f,0x55,0xe2,0xc7,0x10,0xb1,0xa9,0x91,0x23,0x51,0x30,0x89,0xd8,
0x2d,0xec,0x48,0x1a,0xa9,0xb9,0x59,0x94,0x2d,0xed,0x4f,0x01,0x14,0x48,0x6a,0x0a,
0xa2,0x60,0x0a,0x21,0x2f,0x3a,0xbf,0x64,0x25,0x45,0x90,0x8c,0xe4,0x34,0x67,0x2e,
0x8d,0xf1,0x1b,0x07,0xe6,0xd2,0x3b,0xbb,0xc7,0xd1,0x38,0xbf,0x99,0x60,0x1e,0xd2,
0x13,0x69,0xc6,0x4c,0x9a,0x3b,0x9d,0x5e,0x9b,0x30,0x8d,0x5e,0x9b,0x4e,0xe7,0x93,
0x32,0xe8,0xfd,0xe5,0xf4,0xfe,0x0a,0x7a,0x7f,0x25,0xbd,0xbf,0x8a,0x26,0x8e,0x79,
0x03,0xad,0xac,0xe0,0x76,0x4e,0x41,0x5c,0x18,0xc2,0x85,0x0a,0x7f,0x2e,0x52,0x91,
0x92,0x0b,0xd9,0x74,0x20,0x97,0x0e,0xe4,0xb6,0x57,0x81,0x14,0xc0,0x85,0x6c,0xbe,
0x9a,0x02,0xb9,0x90,0x4d,0x07,0x73,0x67,0x83,0xb9,0x9c,0x60,0x0a,0xe2,0x42,0x36,
0x9f,0x26,0x4f,0xc6,0x0f,0x98,0x4f,0xf3,0x27,0xe3,0x87,0x03,0x87,0x6f,0xd0,0x1b,
0x93,0xf1,0x33,0x99,0xce,0x27,0x27,0x92,0x3f,0xa7,0xea,0xfc,0x92,0x12,0xfc,0x18,
0x22,0x7d,0x6a,0x27,0x7e,0x0c,0x11,0x9b,0xfa,0x94,0x59,0x02,0x52,0x89,0xb5,0x11,
0x3b,0x3f,0x25,0x29,0x60,0x20,0x36,0x7f,0x30,0x07,0x56,0xa0,0x17,0xd0,0x19,0x42,
0x4a,0x7f,0x92,0x29,0xe4,0x24,0x53,0x02,0x15,0x08,0x00,0x81,0x40,0x0d,0x82,0x40,
0x30,0x08,0x01,0x0a,0x7f,0x36,0x60,0x4b,0x2a,0xd8,0xa2,0x0a,0xb6,0xac,0x82,0x2d,
0xac,0x60,0x4b,0x2b,0xd8,0xe2,0x0a,0xb6,0xbc,0x82,0xad,0xa0,0x60,0x6b,0x28,0xd9,
0x1a,0x63,0xc0,0x58,0x30,0x0e,0x8c,0x07,0x13,0xc0,0x44,0x30,0x09,0xbc,0x0a,0x26,
0x83,0x29,0x60,0x2a,0x98,0x06,0xa6,0x83,0x19,0x60,0x26,0x98,0x05,0x66,0x83,0x39,
0x60,0x2e,0x78,0x0d,0xcc,0x03,0xf3,0xc1,0xeb,0xe0,0x0d,0xb0,0x00,0x2c,0x94,0xdf,
0x74,0x03,0xeb,0x89,0xd0,0xd0,0x08,0x8a,0x60,0x7f,0x22,0xe8,0x7c,0x49,0xde,0x7b,
0x55,0x74,0x7e,0xf7,0x6e,0x50,0x06,0x30,0x92,0x76,0x63,0x78,0xed,0xde,0x03,0x30,
0x9c,0x76,0xef,0x05,0xfb,0x00,0x5b,0xa6,0x1a,0xd4,0x80,0x5a,0x50,0x07,0xea,0x41,
0x03,0x68,0xc4,0x6e,0x07,0xcb,0x8d,0x32,0x2c,0x37,0xca,0xb0,0xdc,0x28,0xc3,0x72,
0xa3,0x0c,0xcb,0x8d,0x32,0x2c,0x37,0xca,0xb0,0xdc,0x28,0xc3,0x72,0xa3,0x0c,0xcb,
0x8d,0x32,0x2c,0x37,0xca,0xb0,0xdc,0x28,0xc3,0x72,0xa3,0x0c,0xcb,0x8d,0x32,0x2c,
0x37,0xca,0xb0,0xdc,0x28,0xc3,0x72,0xa3,0x0c,0xcb,0x8d,0x32,0x2c,0x37,0xca,0xb0,
0xdc,0x28,0xc3,0x72,0xa3,0x0c,0x43,0xbd,0x0c,0xcb,0x8d,0x32,0x2c,0x37,0xca,0xb0,
0xdc,0x28,0xc3,0x72,0xa3,0x0c,0xcb,0x8d,0x32,0x76,0x67,0x85,0xe5,0x46,0x19,0x96,
0x1b,0x65,0x58,0x6e,0x94,0x61,0xb9,0x51,0x86,0xe5,0x46,0x19,0x9e,0xa8,0x98,0x53,
0x2b,0xeb,0xa9,0x15,0x56,0x95,0x6d,0x05,0xdb,0xc1,0x0e,0xc0,0xee,0xca,0xf6,0xd2,
0x61,0x3c,0x9b,0x61,0x63,0x39,0x6c,0x2c,0x87,0x7d,0xe5,0xb0,0xad,0x1c,0x76,0x95,
0xc3,0xa6,0x72,0xd8,0x53,0x0e,0x5b,0xca,0x61,0x47,0x39,0x6c,0x28,0x87,0xfe,0x72,
0xe8,0x2e,0x87,0xde,0x72,0xe8,0x2c,0x87,0xbe,0x72,0xe8,0x2a,0x87,0x9e,0x72,0x2c,
0x69,0xca,0xb1,0x9c,0x29,0xc7,0x52,0xa6,0x1c,0x4b,0x99,0xf2,0x6d,0x00,0x43,0xab,
0xbc,0x14,0xec,0x02,0xf0,0x61,0x39,0x34,0x96,0xc3,0x77,0xe5,0xf0,0x5b,0x39,0x7c,
0x56,0x0e,0x7f,0x95,0xc3,0xaa,0x72,0xf8,0xa9,0x02,0xfa,0x2b,0xa0,0xbf,0x02,0xfa,
0x2b,0xa0,0xbf,0x02,0xfa,0x2b,0xa0,0xbf,0x02,0xfa,0x2b,0xa0,0xbf,0x02,0xfa,0x2b,
0xa0,0xbf,0x02,0xfa,0x2b,0xa0,0xbf,0x02,0xfa,0x2b,0xa0,0xbf,0x02,0xfa,0x2b,0xa0,
0xbf,0x02,0xfa,0x2b,0xa0,0xbf,0x02,0x3d,0xab,0xc0,0x58,0xae,0x80,0xae,0xca,0x42,
0xea,0xde,0x95,0x4e,0xbd,0x0d,0x05,0x74,0xa1,0x8a,0x01,0x5b,0xc1,0x5e,0xd0,0x48,
0x17,0xf0,0xfc,0xbd,0x80,0x67,0xe5,0x85,0x9a,0x65,0x60,0x03,0xa8,0xa1,0xae,0xc4,
0x46,0xea,0x4a,0x2a,0x06,0x25,0xd4,0x95,0x1c,0x0f,0xd6,0x00,0xa4,0x53,0x36,0x80,
0x4a,0xea,0x5a,0xc2,0x50,0x57,0xda,0x7a,0xea,0x5a,0x5a,0x4d,0x5d,0xcb,0xb2,0x40,
0x0e,0xa8,0xa2,0xae,0xf4,0x38,0x90,0x0b,0xb6,0x51,0x57,0x06,0xea,0x65,0xec,0xa5,
0xae,0xcc,0x25,0x60,0x23,0x75,0xad,0x5f,0x4b,0x5d,0xb9,0x05,0xd4,0xb5,0x11,0xed,
0x6c,0xc2,0xb9,0x4d,0x69,0x00,0x75,0x37,0x6d,0xa1,0xae,0xe2,0x0a,0xea,0x2a,0x5d,
0x4e,0x5d,0x3b,0xd1,0xee,0x2e,0xb4,0xb3,0x3b,0x13,0x14,0x01,0xa4,0xcb,0x76,0x82,
0x32,0xea,0xda,0x07,0x7d,0xfb,0x60,0xd3,0x3e,0x36,0xdd,0x40,0x5d,0xd5,0xe5,0x00,
0xb6,0xe2,0x99,0xdf,0x55,0xbb,0x07,0x20,0x0f,0x2b,0xec,0x2e,0x3c,0xe0,0xba,0xea,
0xd1,0x16,0x1e,0x38,0x5d,0xf5,0x68,0xb7,0x31,0x81,0xba,0x97,0x2c,0x01,0x7b,0xa9,
0x3b,0x75,0x29,0x75,0xaf,0xde,0x05,0xf6,0x50,0xf7,0x9a,0x14,0xb0,0x16,0x6c,0x02,
0xd5,0xd4,0xbd,0x76,0x03,0x28,0xa6,0xee,0xf5,0xbb,0xa9,0x3b,0x17,0xe5,0x73,0xb7,
0x52,0xf7,0x0e,0xe4,0x95,0x16,0x01,0x9c,0xdf,0x59,0x01,0x1f,0xa2,0xfe,0xae,0xd5,
0x60,0x3d,0x75,0xc3,0xc6,0xee,0xdd,0x48,0xe3,0x3e,0xb8,0x18,0x57,0x42,0x17,0x97,
0x6c,0x07,0x7b,0x41,0x2d,0x68,0xa4,0x8b,0xa9,0x29,0x20,0x1b,0xac,0xa7,0x8b,0x69,
0x3b,0xe8,0x62,0x46,0x22,0x48,0xa5,0x8b,0xab,0x72,0xc1,0x66,0xba,0xb8,0x7a,0x1d,
0x28,0x00,0x5b,0xc1,0x6e,0xba,0xb8,0x66,0x29,0x58,0x49,0x17,0xb3,0xd1,0x46,0x76,
0x3d,0x5d,0xcc,0xd9,0x09,0xd0,0xce,0x7a,0xc4,0x05,0x68,0xa3,0xa0,0x08,0x54,0xd0,
0xc5,0x4d,0x35,0x74,0x71,0x73,0x15,0x68,0xa0,0x8b,0xdb,0xa0,0xbb,0x04,0xf5,0x4a,
0xaa,0xe9,0x22,0x46,0xf1,0xc5,0x0a,0xe4,0xe3,0xe1,0x7c,0x11,0x0f,0xe0,0x8b,0x0d,
0x69,0xa0,0x9e,0x7a,0x98,0x38,0xb0,0x0c,0xac,0x04,0x15,0xd4,0x13,0xd7,0x48,0x3d,
0xf1,0xa9,0xd4,0x93,0xb2,0x11,0x6c,0x07,0xc8,0x4b,0xa9,0xa3,0x9e,0x25,0x28,0xb3,
0x64,0x3d,0x28,0xa0,0x9e,0xd4,0x9d,0xa0,0x1c,0x54,0x51,0x4f,0x76,0x3a,0x28,0xa1,
0x9e,0x42,0x06,0xa0,0x4c,0x21,0xea,0x15,0x37,0x50,0xcf,0xe6,0xa5,0xd4,0xb3,0x05,
0x6d,0x6e,0x45,0x3e,0xee,0xff,0x1e,0xdc,0xc7,0x3d,0xb8,0x1f,0x7b,0xca,0x50,0x07,
0xf7,0x42,0x4f,0xe5,0x26,0xb0,0x9b,0x7a,0xf6,0xa2,0x7d,0x2c,0xa6,0x7a,0x6a,0xd3,
0xa8,0xa7,0x01,0xed,0xe3,0x31,0xda,0x83,0xed,0x47,0x6f,0xfc,0x0a,0xea,0x4d,0x4a,
0xa5,0xde,0x94,0x64,0xb0,0x0c,0xe0,0x38,0x6b,0x1f,0xf5,0xae,0x61,0xa8,0x77,0x5d,
0x2e,0xf5,0xe6,0xec,0x05,0xd5,0xd4,0xbb,0x7e,0x2b,0xf5,0xe6,0xe1,0x5c,0x5e,0x3e,
0x28,0x02,0xdb,0xa8,0xb7,0x60,0x29,0x28,0x05,0x15,0xd4,0xbb,0x21,0x8e,0x7a,0x8b,
0x50,0x66,0xe3,0x7a,0x50,0x40,0xbd,0x9b,0xd7,0x80,0x6c,0xb0,0x83,0x7a,0xb7,0x23,
0xbf,0x64,0x1d,0x40,0xfe,0x8e,0x62,0xb0,0x0b,0x94,0x83,0x3a,0xea,0x2d,0xcd,0xa1,
0xde,0x0a,0xe4,0x61,0x1d,0xd9,0x8b,0x31,0xd4,0x8b,0xc5,0x5f,0x2f,0x16,0x75,0xbd,
0x58,0xc8,0xf5,0x62,0xe1,0xd6,0x8b,0x45,0x5b,0x2f,0x16,0x5a,0xbd,0x58,0x64,0xf5,
0xd6,0x65,0x80,0x55,0x60,0x03,0x40,0x99,0xfa,0x34,0xb0,0x12,0xf7,0x13,0x7b,0x4f,
0xc1,0xd6,0x86,0x0d,0xe4,0x8b,0xe7,0xc4,0x4a,0x8c,0xfc,0x44,0x90,0x44,0xce,0x9f,
0xc6,0x67,0xb3,0x41,0x0e,0x7d,0x1a,0xbf,0xe4,0xd3,0xf8,0x34,0x44,0x15,0x9f,0x26,
0x2c,0xa1,0x73,0x89,0x58,0x32,0x25,0x62,0xc9,0x94,0x8c,0x95,0x7d,0x22,0x96,0x0e,
0xc9,0xd8,0x54,0x24,0x63,0x99,0x97,0x88,0xe5,0x53,0x22,0x96,0x4f,0x89,0x58,0x3e,
0x25,0xe3,0xf1,0x9f,0x8c,0x85,0x46,0x32,0x16,0x10,0xc9,0x58,0x76,0x25,0x63,0xd9,
0x95,0x8c,0x65,0x57,0x22,0x36,0x31,0x89,0x58,0xd2,0x25,0x62,0x49,0x97,0xc8,0xb6,
0x85,0xe5,0x41,0x22,0x96,0x9a,0x89,0xd8,0x08,0x25,0x62,0xb9,0x99,0xb8,0x0c,0x60,
0xc9,0x99,0x98,0x01,0xb0,0xec,0x4c,0xc4,0x1a,0x23,0x11,0x6b,0x8c,0x44,0x2c,0xfb,
0x92,0x50,0x36,0x09,0xcb,0xaf,0x24,0x2c,0xbf,0x92,0xb0,0xfc,0xc2,0xdd,0x7d,0x2e,
0x09,0xcb,0xaf,0x24,0x2c,0xbf,0x92,0xb0,0xd1,0x49,0xc2,0x92,0x33,0x09,0x36,0xe1,
0x8e,0x3f,0x97,0x04,0x9b,0x92,0x60,0x53,0x12,0x36,0x3a,0x49,0x58,0x7e,0x26,0xc1,
0x9e,0x24,0xd8,0x93,0x04,0x7b,0x92,0x60,0x4f,0x12,0xec,0x49,0x62,0xed,0xc1,0x32,
0x32,0x11,0x4b,0xbc,0x14,0xd8,0x93,0x02,0x7b,0x70,0x15,0xcf,0xa5,0x40,0x77,0x0a,
0x96,0x7e,0x29,0x58,0xf6,0xa5,0x60,0x99,0x9b,0x88,0x3d,0x4e,0x0a,0x96,0xb9,0x29,
0x58,0xe6,0x26,0x22,0x4e,0xc4,0xe6,0x2b,0x11,0x4b,0x9b,0x44,0xd8,0x92,0x08,0x5b,
0x12,0xa1,0x3f,0x11,0xba,0x13,0xa1,0x37,0x11,0x7a,0x13,0x59,0x5f,0x40,0x6f,0x22,
0xf4,0x26,0x42,0x5f,0x22,0x96,0x9a,0x49,0xf0,0x59,0x12,0x74,0x24,0xb1,0xed,0xc3,
0x8e,0x14,0xd6,0x0e,0xb4,0x9f,0x84,0xcd,0x5d,0x12,0x74,0xe0,0x79,0x7e,0x2e,0x99,
0xf5,0x1b,0x6c,0x48,0x46,0x7f,0x93,0xd1,0xdf,0x64,0xd8,0x96,0x0c,0x5d,0xc9,0x85,
0x98,0xe5,0x52,0x31,0xfb,0xac,0x47,0x9c,0x06,0x4a,0x01,0xee,0x98,0xd5,0xe5,0x88,
0x31,0xf3,0x61,0xb7,0xd4,0xb5,0x09,0xb3,0x55,0xee,0x6e,0x92,0xe1,0xe2,0xc8,0xd9,
0x30,0x9e,0x0b,0x13,0xb8,0x30,0x89,0x0b,0x93,0xb9,0x30,0x85,0x0b,0x53,0xb9,0x70,
0x29,0x17,0x2e,0xe3,0xc2,0x0c,0x2e,0xcc,0xe4,0xc2,0xe5,0x5c,0xb8,0x82,0x0b,0x57,
0x22,0xbc,0xb4,0x9b,0x6d,0xf3,0xb3,0xf8,0x75,0x6c,0xb8,0x74,0x13,0x1b,0xe6,0xd5,
0xb1,0xe1,0x96,0x25,0x6c,0xb8,0x7b,0x35,0xc2,0xcf,0xe3,0x77,0xb0,0x61,0x56,0x22,
0x1b,0xe6,0xb3,0x2d,0x7c,0xbe,0x7b,0x2b,0x1b,0x56,0xef,0x41,0x78,0x39,0x81,0x6d,
0xe1,0xf2,0x32,0x56,0xd7,0xe5,0x2c,0xb6,0x9d,0xcf,0x37,0xb2,0x2d,0x7c,0xbe,0x6e,
0xd3,0xe7,0x1b,0x12,0xf5,0x89,0xcb,0xeb,0xd9,0x04,0xa6,0x76,0x36,0xac,0x59,0xc6,
0xa5,0x59,0x3b,0xd1,0x6d,0x2e,0x87,0xd5,0xd2,0x95,0x54,0xca,0xe5,0x27,0x70,0xe9,
0x12,0x36,0x5d,0x9d,0xc7,0xa6,0xd3,0xe3,0x10,0x62,0xca,0x43,0x88,0x89,0x8c,0x4d,
0xef,0xde,0xc3,0xe5,0xb0,0x36,0xe0,0xb6,0x64,0xcb,0xe4,0x16,0xb0,0x39,0x6b,0x8b,
0xd9,0x70,0xc3,0x76,0xee,0x2c,0xdb,0xfe,0xc5,0x4d,0x0d,0xec,0xd9,0xe5,0xe9,0x6c,
0x3a,0xb5,0x1a,0x61,0x4f,0x79,0x21,0x9b,0x2e,0xe6,0x5a,0x4e,0x63,0xdb,0xb9,0x50,
0xbb,0x91,0x4d,0xaf,0x60,0x6d,0xee,0x2a,0xdd,0xcc,0x9e,0x5d,0xcf,0xe6,0x5c,0xa8,
0x63,0xf5,0xf6,0x54,0xa4,0x70,0x36,0xac,0xe6,0x6a,0x71,0x16,0xd6,0xb1,0x1a,0x31,
0x35,0x71,0x61,0x85,0x9c,0xba,0xb2,0xf0,0x34,0xa8,0xae,0xa3,0x8b,0x3b,0x33,0x69,
0xd6,0x6b,0x13,0x48,0xa9,0x20,0xa5,0x92,0x94,0x58,0x2f,0x06,0x90,0x12,0x2b,0x45,
0x35,0x29,0x83,0x48,0x19,0x4c,0xca,0x10,0x52,0xf9,0x93,0x4a,0x41,0x2a,0x25,0xa9,
0x54,0xa4,0x0a,0x20,0x55,0x20,0xc1,0xff,0x04,0xef,0x13,0x7c,0x4f,0xf0,0x3c,0xc1,
0xef,0x04,0xaf,0x13,0x7c,0x4e,0xf0,0x38,0xc1,0xdf,0x04,0x6f,0x13,0x7c,0x4d,0xf0,
0x34,0xc1,0xcf,0x04,0x2f,0x23,0xaf,0xea,0x52,0xc5,0x06,0x82,0xab,0x3f,0xcf,0xc3,
0x51,0xce,0x6e,0x3c,0x18,0x57,0xe3,0x81,0xc8,0x0e,0x9f,0x04,0x3c,0x34,0xf3,0x08,
0x7e,0xc0,0x43,0x02,0x13,0xfa,0x26,0x3c,0x78,0x96,0xa7,0x63,0xa2,0xaf,0xc6,0xc4,
0x57,0x48,0xe8,0x3b,0x1e,0x8e,0x98,0x98,0xb7,0xb0,0x13,0x3c,0x26,0xb4,0x38,0x0c,
0xaf,0xc4,0xed,0x98,0x16,0xf0,0x60,0xa9,0xc0,0x84,0xb4,0x01,0x0f,0x5b,0xec,0xc6,
0xba,0x92,0xb3,0xf1,0x60,0xc1,0x83,0x71,0xdf,0x66,0x3c,0x20,0xf1,0xa0,0x5a,0x56,
0x8b,0x07,0x20,0x1e,0x92,0xa5,0x78,0x38,0xac,0xdf,0x88,0x32,0x98,0xb8,0xb1,0x00,
0x80,0x6f,0x30,0x44,0x73,0x49,0xa5,0x26,0x55,0x10,0xa9,0xb0,0xec,0x0d,0xa1,0x00,
0xac,0xce,0x15,0x14,0xa0,0xa4,0x00,0x15,0x05,0x04,0x50,0x00,0xd6,0xc8,0x6a,0x0a,
0x08,0xa2,0x80,0x60,0x0a,0x08,0xa1,0x40,0x2c,0x56,0xd9,0x47,0x98,0x92,0x0d,0x54,
0x6c,0x10,0xc0,0x06,0x81,0x6c,0xa0,0x66,0x83,0x20,0x36,0x08,0x66,0x83,0x10,0x36,
0x50,0xf8,0x73,0x21,0x57,0x47,0xc1,0x55,0x7a,0x75,0x12,0x4d,0x98,0x03,0xe6,0xd3,
0xb4,0xd7,0xc6,0x63,0xee,0x2a,0x02,0x9b,0xc0,0x66,0xb0,0x15,0x6c,0x07,0x25,0xa0,
0x14,0xec,0x02,0x65,0xec,0xfc,0x06,0x2a,0xc1,0x3e,0x50,0x0d,0x6a,0x41,0x3d,0x68,
0xa4,0x4f,0x13,0xe2,0x40,0x22,0x48,0x26,0x76,0x12,0xfc,0x34,0x01,0xf3,0x61,0xc2,
0x52,0xb0,0x0c,0xa4,0x83,0x0c,0x90,0x09,0x56,0x82,0x2c,0xb0,0x0e,0xac,0x07,0xf9,
0xa0,0x00,0x6c,0x00,0x85,0x00,0x76,0x24,0xc0,0x8e,0x04,0xd8,0x91,0x00,0x3b,0x12,
0xb6,0x01,0xd8,0x92,0x00,0x5b,0x12,0x76,0x00,0xd8,0x93,0x00,0x7b,0x12,0x76,0x03,
0xd8,0x94,0x80,0x9b,0xbc,0x76,0x53,0xd7,0xca,0x65,0x6c,0x17,0x3e,0x4d,0x58,0xf1,
0x69,0x42,0x1d,0xa7,0x9f,0x3d,0x28,0x81,0xa6,0x4f,0xe3,0x0b,0xf5,0x07,0x98,0x9b,
0x73,0xf4,0xbd,0x2c,0xe2,0xca,0xb0,0x7d,0xdb,0x04,0x13,0xd9,0x33,0xf1,0xbb,0xf5,
0x07,0x15,0x5c,0x37,0xe2,0x37,0x7f,0x1a,0xbf,0x0d,0x07,0xac,0x23,0xd0,0x4f,0x74,
0x9f,0xab,0x90,0xca,0x1d,0x23,0x15,0x8f,0x76,0xeb,0x58,0x0f,0x71,0x55,0xab,0xf5,
0xa9,0x3a,0xae,0x07,0x38,0xc5,0xb6,0xc3,0xf9,0x0e,0xa6,0x7f,0x9a,0x90,0xa0,0x37,
0x06,0x07,0xa5,0xc8,0xd6,0xd7,0xdb,0xc1,0x1d,0x54,0xe8,0x53,0x15,0x9c,0x07,0xe2,
0x77,0xe2,0x80,0x8b,0x58,0x83,0xd8,0x42,0x28,0x51,0x3c,0x50,0x63,0x27,0xd7,0x17,
0x66,0xe0,0x4c,0xa9,0x21,0x82,0xe1,0x9c,0x96,0x0d,0xfd,0xc7,0x09,0x85,0xfa,0xfe,
0xeb,0xbb,0xa7,0xcf,0xda,0x35,0x60,0xc5,0xcd,0xc2,0x86,0x14,0x57,0x92,0x35,0x64,
0x17,0xab,0x20,0xbe,0x8e,0x33,0xbe,0x54,0x7f,0x5c,0xca,0xb5,0x94,0xce,0x5e,0x79,
0xae,0xd3,0xd5,0xfa,0xe7,0x5b,0x09,0x77,0x65,0xd9,0x14,0xce,0xe6,0xb1,0xe3,0x81,
0xad,0xc4,0x35,0xc0,0x1d,0x70,0x3e,0x1c,0x70,0xc7,0x3e,0xae,0x0b,0x06,0x07,0xd7,
0x0e,0x38,0x58,0x9f,0x62,0x47,0x09,0xd3,0xdf,0x76,0x42,0x0a,0x37,0xac,0x12,0x52,
0xf5,0x57,0x5a,0x6f,0x57,0x42,0x9a,0x7e,0xdc,0x64,0xf4,0x77,0x21,0x21,0x93,0x33,
0x91,0x1d,0x67,0xdc,0x95,0xbe,0xa5,0x25,0xfd,0x95,0x67,0xcf,0x2c,0xe7,0x52,0x3b,
0xf4,0x0d,0xad,0x66,0xaf,0x37,0x2e,0xa2,0xc1,0x27,0xec,0xf1,0xae,0x81,0x14,0xab,
0x62,0x95,0xfe,0x88,0x1d,0x28,0xfd,0x57,0x2c,0x55,0x7f,0xbc,0xb1,0x7f,0x2c,0x25,
0xac,0x61,0xb3,0xd1,0x99,0xf8,0x2d,0xfd,0x85,0x13,0xf4,0x03,0x24,0x61,0x1d,0xdb,
0x5c,0x7c,0x63,0xff,0x88,0x62,0x87,0x58,0x3d,0x17,0xb1,0xd7,0x71,0x25,0x57,0x80,
0x75,0x59,0xa2,0x3e,0x4f,0x3f,0x5c,0xd8,0x14,0x4c,0xaf,0x42,0x2a,0x9b,0x4b,0xb1,
0xb7,0x4f,0x5e,0xff,0x00,0x64,0xf5,0xe5,0x72,0x95,0xd8,0xd4,0x7a,0xbd,0x9a,0x3c,
0xee,0x54,0xaa,0x3e,0xc3,0xa0,0x4a,0x9f,0x62,0xcf,0xe6,0xf7,0x5f,0x82,0xd2,0xfe,
0x03,0xae,0x40,0x3e,0xd7,0x99,0x4c,0x7d,0xaa,0x84,0xbb,0x8b,0xd9,0x54,0x05,0x77,
0x59,0xb6,0xe8,0xab,0x16,0xf4,0x5f,0x6b,0xfd,0x01,0x77,0xa7,0x15,0x70,0x17,0x6d,
0xf9,0x80,0xa2,0x42,0x6e,0x6c,0x72,0xd1,0xc0,0x85,0xb9,0x75,0x9c,0x25,0x6c,0xea,
0xbf,0x3f,0x0c,0x29,0x36,0x6f,0xb3,0xfe,0xa6,0x23,0xae,0xad,0x84,0x81,0xa2,0xdb,
0xf5,0x37,0x74,0x09,0xeb,0x7e,0x76,0x34,0xb3,0xa9,0x3a,0xce,0xc1,0xdc,0xfd,0xad,
0x9f,0x06,0xf4,0xb7,0x05,0xd6,0x54,0xe5,0xfa,0x16,0xfa,0x47,0xb0,0xff,0x45,0xb8,
0x4f,0xc1,0x06,0x4a,0x36,0x50,0xb1,0x41,0x00,0x1b,0x04,0xb2,0x81,0x9a,0x0d,0x82,
0xd8,0x20,0x98,0x0d,0x42,0xb8,0xc2,0xfa,0x2a,0x5c,0x1d,0x05,0x57,0x49,0xc1,0xd5,
0x52,0x70,0xd5,0x14,0x5c,0x3d,0x05,0x57,0x51,0xc1,0xd5,0x54,0x70,0x55,0x15,0x5c,
0x5d,0x25,0x57,0x57,0xa9,0xd7,0xc7,0xd5,0x55,0x72,0x75,0x95,0x5c,0xdd,0x57,0x67,
0x8d,0xa1,0xf1,0x63,0x68,0xcc,0x3c,0x1a,0x3b,0x66,0x0e,0xcd,0x9c,0x4f,0xb3,0xc6,
0xd1,0xf8,0xe9,0xf8,0x51,0x02,0x15,0x4d,0x9e,0x87,0xe7,0x59,0x45,0xf7,0x92,0xe5,
0xd4,0xbd,0xae,0x94,0x9d,0x9d,0xb0,0x07,0x62,0x9f,0x04,0xdd,0xeb,0x32,0xba,0xb1,
0x13,0xc4,0x83,0xa5,0xab,0x2e,0xf3,0x42,0x5d,0x0e,0xfb,0x64,0x41,0x4b,0x33,0xc6,
0xd0,0xb1,0xba,0x31,0x34,0x7d,0x0c,0x4d,0xc5,0xcf,0x58,0x9a,0x3e,0x96,0x26,0x8d,
0xa5,0x71,0x63,0xa6,0xd1,0x54,0x36,0x98,0x35,0x91,0x66,0x4c,0x44,0x09,0x96,0x49,
0x34,0x7d,0x12,0x4d,0x9d,0x44,0xaf,0x2e,0xa4,0xa9,0x60,0x3a,0x98,0x04,0x5e,0x03,
0xc7,0xea,0xa6,0xd1,0xf4,0x69,0x34,0x1e,0xb5,0xa6,0xd1,0xc4,0xe9,0x34,0x63,0x3a,
0xb2,0xa6,0xd3,0xf4,0xe9,0x34,0x6e,0x3a,0x4d,0x65,0x13,0x4a,0xa4,0x94,0x84,0x9f,
0xa9,0x6c,0x04,0x3b,0xc7,0x01,0xfc,0x4c,0x65,0xa3,0xf3,0x4b,0xb2,0xe6,0xea,0x43,
0x9c,0x87,0x51,0xd3,0xc1,0x24,0x30,0x67,0xcc,0x78,0x16,0xee,0xb4,0x21,0x56,0xd2,
0xac,0xb9,0x34,0x63,0x2e,0x9a,0x47,0x8d,0xb9,0x34,0x6b,0x3e,0xcd,0x98,0x8f,0x83,
0xf9,0x34,0x7d,0x3e,0x4d,0x85,0x2f,0x5e,0xa7,0x19,0xaf,0xe3,0xf8,0x75,0x9a,0xfe,
0x3a,0x4d,0xc5,0x4f,0x5b,0x2a,0x4d,0x07,0x63,0x67,0xd3,0xb8,0x71,0x34,0x6e,0x3c,
0x8d,0x43,0x23,0xe8,0xc3,0x78,0x74,0x73,0x01,0xbd,0x3a,0x06,0xde,0xa4,0xc9,0x33,
0x68,0xea,0x54,0x9a,0xfa,0x1a,0x4d,0x9b,0x4e,0xd3,0x66,0xd0,0xb4,0x99,0x93,0x68,
0xda,0x1b,0x34,0x7d,0x32,0xba,0x34,0x13,0x1e,0x78,0x95,0x66,0xcd,0x9a,0x4e,0xb3,
0xe6,0xd0,0x5c,0xfc,0xcc,0xa7,0xd7,0xc7,0xd2,0x7c,0xb4,0x31,0x9d,0xc6,0x70,0xa1,
0x82,0xdd,0xd6,0x29,0xd9,0x40,0xc5,0x06,0x01,0x6c,0x10,0xc8,0x06,0x6a,0x36,0x08,
0x62,0x83,0x60,0x36,0x08,0x61,0x03,0x3c,0x0b,0xd9,0x90,0xab,0xa3,0xe0,0x2a,0x29,
0xb8,0x5a,0x0a,0xae,0x9a,0x82,0xab,0xa7,0xe0,0x2a,0x2a,0xb8,0x9a,0x0a,0xae,0xaa,
0x82,0xab,0xab,0xe4,0xea,0x2a,0xf5,0xfa,0xb8,0xba,0x4a,0xae,0xae,0x92,0xab,0xab,
0xe4,0xea,0x2a,0xb9,0xba,0x4a,0xae,0xae,0x92,0xab,0xab,0xe4,0xea,0xaa,0xb8,0xba,
0x2a,0xae,0xee,0x24,0x5c,0xd5,0x4b,0xd9,0x71,0x20,0x01,0x24,0x81,0x14,0x90,0x0a,
0xd2,0x41,0x26,0x58,0x01,0x56,0x81,0x2c,0xb0,0x16,0x64,0x83,0xf5,0x20,0x0f,0x14,
0x80,0x42,0xb0,0x11,0x14,0x83,0x2d,0x60,0x1b,0x28,0x01,0xa5,0x74,0x29,0x07,0xed,
0xe6,0xa0,0xdd,0x1c,0xb4,0x9b,0x83,0x76,0x73,0xd0,0x6e,0xce,0x52,0x80,0xb6,0x73,
0xd0,0x76,0x0e,0xda,0xce,0x41,0xdb,0x39,0x68,0x3b,0x07,0x6d,0xe7,0xa0,0xed,0x1c,
0xb4,0x9d,0x8b,0xf6,0x72,0xd1,0x5e,0x2e,0xda,0xcb,0x45,0x7b,0xb9,0x68,0x2f,0x17,
0xed,0xe5,0xee,0x02,0x15,0xa0,0x12,0xec,0x03,0xd5,0xa0,0x16,0xd4,0x83,0x46,0xba,
0x94,0x07,0x7d,0x79,0xd0,0x97,0x07,0x7d,0x79,0xd0,0x97,0x07,0x7d,0x79,0xd0,0x97,
0x07,0x7d,0x79,0xd0,0x87,0xad,0xdd,0xa5,0x3c,0xe8,0xcb,0x83,0xbe,0x3c,0xe8,0xcb,
0x83,0xbe,0x3c,0xe8,0xcb,0x43,0x5f,0xf2,0xd0,0x97,0x3c,0xf4,0x25,0x0f,0xba,0xf3,
0xa0,0x3b,0x0f,0xba,0xb1,0xfd,0xbb,0x94,0x07,0xdd,0x79,0xd0,0x9d,0x07,0xdd,0x79,
0x35,0xa0,0x8e,0xce,0x55,0x42,0x6f,0x1e,0xf4,0xe5,0x43,0x5f,0x3e,0xf4,0xe5,0x43,
0x5f,0x3e,0xf4,0xe5,0x2f,0x03,0xd0,0x91,0x0f,0x1d,0xf9,0x68,0x3f,0x1f,0xed,0xe7,
0xa3,0xfd,0x7c,0xb4,0x9f,0x8f,0xf6,0xf3,0xd1,0x7e,0x3e,0xda,0xcf,0x47,0xfb,0xf9,
0x68,0x3f,0x7f,0x1b,0xb5,0xee,0xa0,0x23,0xf9,0x74,0x04,0x95,0x4b,0xd9,0x4a,0xe8,
0x58,0x3e,0x3a,0x96,0x0f,0x05,0xf9,0xe8,0x58,0x3e,0x3a,0x96,0x0f,0x45,0x05,0x50,
0x54,0xc0,0x2a,0xc2,0x4e,0x63,0x6f,0x06,0xd2,0x4b,0x40,0x1a,0xb5,0x6e,0x42,0x84,
0xbe,0x15,0xa0,0x6f,0x05,0xd0,0x5b,0x80,0x26,0x0a,0xd0,0xb7,0x02,0xe8,0x2e,0x80,
0x6e,0x6c,0xe5,0x0f,0xae,0xa7,0xd6,0x7d,0xd4,0x5a,0x87,0x83,0xbd,0x74,0x69,0x07,
0xda,0x2e,0x5d,0x49,0x47,0x50,0xa7,0x14,0x7e,0x29,0xc5,0x26,0x27,0x03,0x1b,0xa4,
0x0c,0x6c,0xd8,0x32,0xb0,0x49,0xca,0xc0,0x26,0x29,0x03,0x1b,0xb6,0x0c,0x6c,0xd8,
0x32,0xb0,0x61,0xcb,0xc0,0x86,0x29,0x03,0x1b,0xb6,0x0c,0x6c,0x9a,0x32,0xb0,0x61,
0xcb,0xc0,0xc6,0x29,0x03,0x1b,0xa7,0x0c,0x6c,0x9c,0x32,0xb0,0x71,0xca,0xc0,0xc6,
0x29,0x03,0x1b,0xb6,0x0c,0x6c,0x94,0x32,0xb0,0x51,0xca,0xc0,0x86,0x2d,0x03,0x1b,
0xb6,0x0c,0x6c,0xd8,0x32,0xb0,0x99,0xca,0xd8,0x07,0xaa,0x40,0x35,0xa8,0x01,0xb5,
0x00,0xfe,0xcb,0xa8,0x07,0x0d,0xa0,0x91,0xce,0x65,0x62,0xc3,0x95,0x89,0x4d,0x6a,
0x26,0x36,0xa8,0x99,0xd8,0x98,0x66,0x62,0x83,0x95,0x89,0x0d,0x56,0x26,0x36,0x9f,
0x99,0xd8,0x88,0x65,0x62,0xa3,0x95,0x89,0x8d,0x67,0x26,0x36,0x9e,0x99,0xd8,0x78,
0x66,0xc2,0xe6,0x4c,0x6c,0x3c,0x33,0xb1,0xf9,0xcb,0xc4,0xc6,0x33,0x13,0x1b,0xcf,
0x4c,0x6c,0xc4,0x32,0xb1,0x11,0xcb,0xc4,0x66,0x30,0x13,0x2e,0xca,0xc4,0x46,0x31,
0x73,0x0d,0xc0,0xc6,0x2d,0x13,0x1b,0xb7,0x4c,0x6c,0xdc,0x32,0xb1,0xa1,0xcd,0x5c,
0x0f,0xd8,0x6f,0xfa,0xb0,0x39,0xcc,0xc4,0x86,0x2d,0x13,0x1b,0xc5,0x4c,0xf4,0x3f,
0x13,0xfd,0xcf,0x44,0xff,0x33,0xd1,0xff,0x4c,0xf4,0x3f,0x13,0xfd,0xcf,0x44,0xff,
0x33,0xd1,0xff,0x4c,0xf4,0x3f,0x13,0xfd,0xcf,0x44,0xff,0x33,0xd1,0xff,0x4c,0xf4,
0x3f,0x13,0xfd,0xcf,0x44,0xff,0x33,0x77,0x51,0x4f,0xd9,0x12,0xea,0x5e,0xbf,0x07,
0xab,0x67,0xc4,0xd8,0xc6,0x5f,0xa8,0x2a,0xc7,0x0a,0xbb,0x98,0xba,0x8a,0xb1,0xea,
0x5e,0x83,0x15,0x75,0x31,0xf2,0x53,0xd8,0xd7,0x2c,0xdb,0xe8,0x62,0x43,0x12,0xf5,
0xac,0x6b,0xa4,0x9e,0xfc,0x1a,0xea,0xd9,0x58,0x45,0xbd,0xf1,0x99,0xd4,0xbd,0x35,
0x9e,0xba,0xf7,0xac,0xa7,0x8b,0x09,0xd9,0x74,0x11,0x36,0xf5,0x2c,0xaf,0xa7,0x5e,
0x6c,0x8e,0x7b,0xb7,0x94,0x61,0x17,0x10,0x8f,0x15,0x79,0x25,0x75,0xef,0x48,0xa4,
0x8b,0xec,0xeb,0x92,0x75,0xa5,0xd4,0x5b,0x95,0x4f,0x5d,0x95,0x98,0xcd,0x1b,0x4b,
0xa8,0x67,0x6d,0x3a,0xf5,0x14,0x6f,0xa2,0xee,0xa5,0xec,0x2b,0x96,0x75,0xd4,0xb3,
0xa1,0x80,0xba,0x6a,0xd3,0xb0,0x53,0x58,0x4b,0xdd,0x95,0xdb,0xe9,0xe2,0xd2,0x3a,
0xea,0xc5,0xba,0xe5,0x42,0x43,0x32,0x76,0x00,0xfb,0xa8,0x6b,0x69,0x3e,0x75,0xaf,
0x4a,0xa4,0xee,0x92,0x55,0x68,0x6f,0x39,0x56,0xfe,0x5b,0xd0,0x66,0x32,0xf5,0x64,
0xe7,0x52,0xcf,0xbe,0x5d,0xd4,0x9b,0x5b,0x4e,0xbd,0xa5,0x88,0xf7,0xd5,0xd0,0xc5,
0xa2,0x65,0xd8,0x5d,0x34,0xd2,0xc5,0xbd,0x1b,0xa8,0x07,0xfe,0xef,0x5d,0x96,0x48,
0x3d,0x25,0x6b,0xa8,0x6b,0x23,0x74,0xd4,0xc1,0x9e,0x32,0xe4,0xc7,0x35,0x60,0x27,
0x52,0x44,0x17,0x37,0xa6,0xa1,0xff,0xf1,0xd4,0xbb,0x1e,0x3a,0x36,0xae,0xa3,0xae,
0xb2,0x22,0xf4,0x6b,0x15,0x75,0xef,0xcb,0xa1,0xee,0xba,0x4c,0xba,0xb8,0x67,0x17,
0x5d,0xac,0xc2,0xee,0x24,0x7b,0x29,0x6c,0x58,0x49,0x3d,0xf1,0x88,0x53,0x72,0x01,
0x74,0x6c,0xcd,0x85,0x8e,0x06,0xe8,0x28,0xc3,0xf9,0x4a,0xea,0xd9,0xc9,0xa0,0x3f,
0x99,0xd0,0xd5,0x00,0x5f,0x56,0x53,0xd7,0xae,0x2d,0xd4,0xcd,0xac,0xa4,0x8b,0x19,
0x29,0x74,0x31,0x6b,0x37,0x76,0x2e,0x6b,0xa1,0xaf,0x16,0x7d,0x6a,0xa4,0xae,0x86,
0x6d,0x28,0x93,0x8e,0x9d,0xce,0x32,0xea,0xce,0xaa,0x82,0x9e,0x22,0xf8,0x3e,0x81,
0xba,0x0a,0xf3,0xe9,0x62,0x2e,0x76,0x34,0x2b,0xe0,0x97,0xed,0xd8,0x39,0xed,0xac,
0xa1,0xee,0x72,0x5c,0x87,0xa5,0xd0,0xb3,0xb4,0x98,0xba,0x31,0xe6,0x2f,0x66,0x15,
0xc3,0xbf,0x3b,0xb1,0xcb,0xc2,0x8e,0x29,0x25,0x95,0xba,0x8b,0xe2,0xe8,0x62,0x05,
0xfc,0x91,0x8a,0x6b,0x5a,0xb2,0x92,0x7a,0x53,0xb0,0x11,0x5c,0x5a,0x49,0x5d,0x2b,
0x70,0x0d,0x6a,0x77,0x50,0xf7,0xda,0x24,0xf8,0x1c,0xfd,0xdd,0x84,0x6b,0xb3,0x06,
0xd7,0x61,0x1b,0xe2,0x9a,0xb5,0xd4,0x5b,0x9b,0x81,0xeb,0x9f,0x8c,0xdd,0xd5,0x3e,
0xea,0xa9,0x87,0x7e,0xec,0xed,0xba,0x93,0x71,0x7d,0x96,0xa0,0x1f,0x2b,0xd9,0xfe,
0x6f,0xa4,0x8b,0x49,0xd8,0xb9,0xad,0x04,0x5b,0xd2,0xe8,0xe2,0xff,0x63,0xd7,0x6d,
0x80,0x9a,0xba,0xd6,0xfd,0xff,0x85,0x82,0x12,0x0b,0x05,0x94,0x28,0x58,0xb0,0xa0,
0x44,0xc5,0x12,0x48,0x4e,0x93,0x96,0x60,0x68,0x45,0x41,0x09,0x24,0xbc,0xa3,0xa0,
0xa0,0xd2,0x02,0x26,0x90,0x28,0x81,0x04,0x08,0x24,0x90,0x57,0x48,0x42,0xc2,0x4b,
0x05,0x0a,0x15,0x5a,0x50,0x50,0xb0,0x60,0x45,0x88,0x82,0x05,0x2b,0x77,0x64,0xae,
0xf4,0x27,0x33,0x32,0x23,0xb7,0xd2,0xca,0x8c,0x9c,0x12,0x24,0x77,0x64,0x06,0x7e,
0x23,0xff,0x29,0xff,0x91,0x99,0xff,0xb3,0x42,0xdb,0x7f,0xcf,0xb9,0xe7,0xdc,0xf3,
0xd6,0xd3,0x7b,0x7b,0x4a,0x3e,0xac,0xef,0x5e,0x7b,0xad,0xbd,0xd7,0x5e,0xeb,0x79,
0x9e,0xb5,0xf6,0xde,0x24,0xb7,0x20,0x56,0x14,0x70,0x8d,0xc1,0xcb,0x68,0xee,0xfc,
0x35,0x64,0x91,0x5f,0x42,0x16,0xa3,0x1e,0x99,0xb5,0xf0,0x36,0xa6,0x87,0x37,0xb4,
0x0f,0x86,0x20,0x16,0xb4,0x10,0x1f,0xf8,0xba,0x3a,0x64,0xfe,0x02,0xfc,0x6f,0x84,
0x1b,0xf5,0xb5,0x6b,0xe8,0xd9,0x75,0xb8,0x3e,0xc4,0x03,0xbc,0x67,0x20,0xf3,0x05,
0xb0,0xcd,0x4d,0x18,0x97,0x1c,0xec,0x07,0x73,0xef,0x59,0x0d,0x8e,0xaf,0x8f,0xa0,
0xed,0x32,0x64,0xd1,0xf6,0x81,0x2f,0x6e,0x22,0x4b,0xb3,0x16,0xde,0x00,0x1b,0xc0,
0x56,0x15,0xe8,0xd9,0x65,0xb8,0x56,0x19,0x94,0x7f,0xd4,0x8f,0x66,0xe1,0xfd,0x66,
0xe6,0x36,0xc4,0x84,0xea,0x23,0xb0,0x2f,0xd8,0xe0,0xfa,0x17,0x68,0xb6,0x1e,0xe2,
0xaf,0xbc,0x12,0xe2,0x54,0x09,0xfd,0x82,0xb8,0x51,0x0c,0xa2,0xd9,0x8f,0xe0,0xfc,
0x06,0xa8,0xd7,0x83,0x7d,0x9a,0xa1,0x0f,0x9f,0xf4,0x42,0x5c,0x29,0xd0,0xec,0x6d,
0xb8,0x66,0x35,0x8c,0xa7,0x0e,0xce,0x69,0xfd,0x14,0xec,0x5e,0x8d,0x2c,0x60,0xf3,
0x59,0x2d,0x5c,0xa3,0xb1,0x1f,0x99,0xe5,0x9f,0x22,0x73,0x1f,0xbc,0x71,0xde,0xba,
0x0a,0xe3,0x84,0xb7,0x51,0xb8,0xfe,0xac,0x06,0xe2,0xae,0x05,0xec,0xf5,0x11,0x5c,
0x57,0x0b,0x36,0xaf,0x06,0xfb,0xf6,0x80,0x2f,0x1a,0x20,0x4e,0x9a,0xc1,0x86,0x17,
0x3b,0xc0,0x8f,0xed,0xd0,0x6e,0x19,0x7a,0xf6,0x21,0xc4,0xd4,0x10,0xbc,0xe1,0x5e,
0x82,0x38,0xb8,0xd4,0x0a,0x63,0x01,0xbb,0x1a,0xa0,0x8f,0xf8,0xdf,0xc5,0xd5,0xcd,
0xd0,0x4f,0x88,0xdd,0x0f,0x20,0xde,0x3f,0xbc,0x0d,0xed,0x81,0xfd,0x7a,0xa0,0xdd,
0xdb,0x9f,0xa0,0x59,0x58,0x73,0x67,0x6f,0x55,0xc0,0x5c,0xe8,0x40,0xcf,0xba,0xc0,
0xc7,0x37,0x20,0x6e,0x2a,0xe4,0xe8,0x99,0xb2,0x11,0xcd,0x75,0x83,0x1d,0x3e,0x97,
0xa3,0x39,0xc3,0x4d,0xb8,0x3e,0xb4,0xa3,0x85,0xb9,0x79,0xfb,0x32,0xc4,0x04,0xcc,
0x85,0x5e,0x88,0xeb,0x6b,0xe0,0xdf,0x3e,0x18,0xc3,0x47,0xe0,0x1f,0xfc,0x6f,0x37,
0xb8,0xff,0x99,0x3f,0x3f,0x0f,0xf1,0x21,0x47,0xe6,0x0f,0x21,0xb5,0x82,0x2f,0x1b,
0xfb,0x20,0x56,0x20,0xb6,0x0c,0x30,0xb7,0x2e,0x80,0x2f,0xdb,0x06,0x61,0x8e,0xc0,
0x7e,0x3b,0xf4,0xfb,0x72,0x15,0xd8,0xbb,0x1e,0xae,0x09,0x31,0xd6,0x00,0x31,0xfe,
0x29,0xcc,0x6f,0x39,0x24,0x15,0xcc,0xe7,0x4b,0x30,0xa7,0x2e,0x81,0x4d,0xdb,0xe0,
0x8d,0xfc,0x26,0xf8,0x00,0xde,0xb4,0x2c,0x1f,0xdd,0x02,0xbf,0x80,0x6d,0x55,0x57,
0xe0,0x1a,0x70,0x2d,0x98,0xc3,0xe6,0x0a,0xf0,0xab,0x11,0xaf,0x1b,0xf0,0x56,0x0f,
0xf3,0xd2,0xdc,0xd8,0x01,0xd7,0x85,0x6b,0x83,0x6d,0xcc,0x3d,0x30,0xcf,0x95,0xb5,
0x60,0x47,0xb0,0x53,0x19,0xd8,0xab,0xfc,0x06,0xc4,0x3c,0xac,0x1f,0x60,0xab,0x59,
0xb8,0x8f,0xce,0x5e,0x84,0xfe,0x9b,0x6e,0xa1,0xd9,0x7e,0x1c,0x73,0x60,0x3f,0x0d,
0xc4,0x8b,0x16,0x7c,0x53,0x0d,0xf9,0x8b,0x35,0xd0,0x47,0xf0,0x17,0xac,0x45,0xcf,
0xda,0xc1,0x76,0xed,0xd0,0xcf,0xcb,0x46,0x48,0xe0,0xef,0x4e,0xb0,0xcf,0x55,0x88,
0xfd,0xcf,0x60,0xdb,0x0f,0xc7,0x0c,0x40,0x7e,0xe8,0x06,0x9a,0x93,0xc3,0x5a,0x55,
0xde,0x0d,0xf3,0x01,0xfc,0x50,0xf3,0x21,0x9a,0x6b,0xab,0x46,0x73,0x97,0xeb,0xd1,
0x5c,0x17,0xcc,0xab,0x2e,0x28,0xeb,0x3d,0x8f,0xe6,0xfa,0x20,0x4e,0xef,0x40,0x9c,
0x5d,0x00,0x1f,0x7c,0xf2,0x05,0xc4,0x1a,0xc4,0x88,0xc2,0x84,0x16,0xda,0x2a,0xae,
0xa1,0x39,0x2d,0x18,0xbc,0xff,0x32,0x2c,0x3c,0x30,0x89,0xa0,0xd3,0x33,0x77,0x60,
0x20,0x1a,0x0d,0xec,0xc3,0xb6,0x02,0x8c,0x5f,0x01,0x4e,0xa8,0xab,0x83,0xc1,0x36,
0x82,0x81,0xc1,0xc1,0x17,0x7b,0x61,0xb1,0x54,0x43,0xaa,0x45,0xe6,0x4e,0xd8,0xef,
0x82,0x41,0x7f,0xfe,0x01,0x24,0xa8,0x1f,0x82,0x80,0xb9,0xd3,0x0d,0x81,0xdb,0x00,
0x06,0x80,0xc1,0xab,0x61,0x32,0x6b,0x5a,0x20,0xe0,0x60,0xb2,0xc1,0x0d,0x63,0xb6,
0xba,0x09,0xcd,0xd6,0x7c,0x00,0x06,0xa9,0x87,0xc5,0xef,0x02,0x04,0x14,0x6c,0x3f,
0x87,0xed,0xe7,0x10,0xf8,0x72,0x70,0x10,0xdc,0x6c,0x9f,0x69,0x4d,0xe8,0x99,0x1e,
0x16,0xa2,0x9a,0x1e,0xf4,0xac,0x16,0x82,0xac,0xf6,0x73,0xf4,0xac,0x01,0x82,0xa9,
0xe1,0x13,0x70,0x26,0x2c,0xc0,0xb0,0x88,0x3f,0x6b,0x06,0xa7,0x36,0x83,0x21,0x2e,
0xc1,0xc2,0x74,0x15,0x8e,0xeb,0x81,0x63,0x4c,0x50,0x37,0x08,0x4e,0x35,0x82,0x53,
0xf1,0x82,0xdf,0x0c,0x83,0x6f,0x07,0x23,0x5c,0x86,0x85,0xf3,0x2a,0x2c,0xe6,0x9f,
0x42,0xc0,0x7d,0x0a,0x86,0xba,0x06,0x8b,0xe0,0x20,0x38,0x5c,0x01,0x8b,0x68,0x59,
0x23,0xb2,0xe8,0xc0,0x30,0x8d,0xe0,0x74,0xb8,0x09,0x5b,0x5a,0x2a,0x90,0xa5,0xeb,
0x03,0xb4,0x70,0xb1,0x55,0x8f,0x45,0x8d,0x16,0x2e,0xc1,0x3d,0xea,0xdb,0x6b,0xcd,
0x68,0x46,0x0e,0x66,0x92,0x0f,0xa0,0x85,0x76,0x9d,0x0e,0xa4,0xb7,0x1a,0x2d,0x5c,
0x81,0xb0,0xb3,0x0c,0xa9,0x90,0xe5,0x4e,0x25,0xca,0xcc,0x44,0x99,0x3c,0x94,0x09,
0x4f,0xd1,0x78,0x03,0xdb,0x3c,0x11,0x9a,0xe8,0xc3,0x3f,0x65,0xea,0xc3,0x3f,0x81,
0xea,0xc3,0xbf,0x7a,0xba,0xb3,0xba,0xdb,0x8d,0xbe,0x6a,0xfc,0x8f,0x3e,0xf4,0xd5,
0x8d,0xff,0xb8,0x85,0xbe,0xba,0x88,0xbe,0xaa,0x45,0x5f,0x5d,0x40,0x5f,0x35,0xa1,
0xaf,0x9a,0xd1,0x57,0x1d,0xe8,0xab,0xab,0xe8,0xab,0xce,0xaf,0x14,0x58,0x94,0x20,
0xff,0x31,0x68,0xcd,0xc3,0x06,0xf6,0xaa,0xf1,0x19,0xd5,0xff,0xd1,0x8f,0x65,0x10,
0x7d,0x55,0x83,0xe5,0x03,0x2c,0xe7,0xb1,0xd4,0x62,0xa9,0xc3,0x52,0x8f,0xa5,0x01,
0x4b,0x23,0x96,0x8f,0xb0,0x5c,0xc0,0xd2,0x84,0xe5,0x63,0x2c,0x2d,0x58,0x5a,0xb1,
0x5c,0xc2,0xd2,0x86,0xe5,0x32,0x96,0x2b,0x58,0x3a,0xb0,0x74,0x62,0xb9,0xba,0xda,
0xe8,0x00,0xbe,0xda,0x17,0xb8,0x95,0x2f,0xf0,0xc1,0x20,0xd5,0xd0,0xe3,0xc9,0x1e,
0x34,0xf9,0x39,0x9a,0xbc,0x83,0xbe,0x96,0xa3,0xc9,0xdb,0x68,0xf2,0x0b,0x34,0x39,
0x80,0xbe,0x6e,0x43,0x5f,0x5f,0x46,0x5f,0xab,0xd1,0xd7,0x2a,0xf4,0x75,0x19,0xfa,
0xba,0x1c,0x7d,0x6d,0x44,0x5f,0x1b,0xd0,0xd7,0x95,0xe8,0x6b,0x2d,0xfa,0xba,0x01,
0x7d,0x5d,0x83,0xbe,0xee,0x44,0x5f,0x7f,0x86,0xbe,0xee,0x45,0x5f,0xf7,0xa0,0xaf,
0x6f,0xa3,0xaf,0x3f,0x47,0xdf,0xc8,0xd1,0x37,0x0a,0xf4,0xf5,0x1d,0xf4,0xcd,0x07,
0xe8,0x9b,0xf3,0xe8,0xeb,0x6e,0xf4,0x4d,0x39,0xfa,0xa6,0x0c,0x7d,0xa3,0x45,0xdf,
0x54,0xa0,0x6f,0x34,0xe8,0x1b,0x1d,0xfa,0xa6,0x1a,0x4d,0xea,0xd0,0xe3,0xcb,0x8f,
0xaf,0x80,0x7c,0x53,0x07,0x32,0xa9,0xc5,0xb9,0x72,0x2c,0x65,0x58,0xac,0xbb,0xd5,
0xb8,0x02,0x8e,0x36,0xe0,0x43,0xbb,0xb0,0x74,0xe3,0x12,0x0d,0x16,0x3d,0x7a,0xdc,
0x81,0xcb,0x3a,0x70,0x59,0xc7,0xe3,0x6b,0x20,0xb8,0xa2,0x03,0xb7,0xdb,0x81,0x6b,
0xaf,0xe2,0xda,0xab,0xb8,0xf6,0x2a,0xae,0xbd,0x8a,0x6b,0xaf,0xe2,0xda,0xab,0xb8,
0xf6,0x53,0x5c,0xfb,0x29,0x2e,0xfb,0x14,0x97,0x7d,0x8a,0xcb,0xba,0xf0,0xc1,0x5d,
0xb8,0xac,0x1b,0xd7,0x76,0xe3,0xdc,0x35,0x9c,0xbb,0x86,0x2b,0xae,0xe1,0xdd,0x5e,
0xbc,0xdb,0x8b,0x77,0x7b,0x71,0xa3,0xbd,0xb8,0xcc,0x84,0x77,0x4d,0x38,0x77,0x13,
0xd7,0xde,0xc4,0xbb,0x37,0x71,0xed,0x4d,0x5c,0x76,0x0b,0xef,0xde,0xc2,0xb9,0x7e,
0x2c,0x03,0xf8,0x90,0x01,0x9c,0xbb,0x8d,0x73,0xb7,0x21,0x37,0xa9,0x80,0x1c,0x48,
0x37,0x96,0x6b,0x20,0xd6,0x32,0xe8,0x15,0x88,0x1e,0x4d,0x2a,0x71,0x85,0x12,0x97,
0x29,0x71,0x99,0x12,0x97,0xa9,0xc0,0x70,0x20,0x5d,0x58,0xba,0xb1,0xc0,0x69,0xaa,
0x49,0x35,0x16,0x0d,0x16,0x1d,0x16,0x38,0x4e,0x8d,0x0f,0x51,0xe3,0x43,0xd4,0xf8,
0x10,0x35,0xae,0x55,0xe3,0x5a,0x35,0xae,0xd5,0xe0,0x5a,0x0d,0xae,0xd5,0xe0,0x5a,
0x0d,0xae,0xd5,0xe0,0x5a,0x0d,0xae,0x2d,0xc3,0xb5,0x65,0xb8,0xb6,0x0c,0xd7,0x96,
0xe1,0xda,0x32,0x5c,0x5b,0x86,0x6b,0xcb,0x71,0x6d,0x39,0x2e,0x2b,0xc7,0x65,0xe5,
0xb8,0x4c,0x8f,0xcb,0xf4,0xf8,0x0c,0x3d,0x3e,0x43,0x8f,0x6b,0xf5,0xb8,0x56,0x8f,
0xad,0x7b,0x7d,0xf2,0x3a,0x7a,0xdc,0x03,0x32,0xa9,0x03,0xf1,0x9a,0x34,0x4c,0xd6,
0x80,0x1a,0xad,0x5a,0x69,0xd5,0x2a,0xab,0x56,0x5b,0xb5,0x06,0x1f,0x7d,0xf9,0x71,
0x0f,0x96,0x1b,0xd8,0xdf,0x65,0xd8,0xcb,0x3d,0x58,0x6e,0x60,0x07,0x97,0x61,0xb7,
0xf6,0x60,0xb9,0x81,0x3d,0x5a,0x86,0x3d,0xda,0x83,0xe5,0x06,0x76,0x66,0x19,0x1e,
0xd2,0x15,0xdc,0xf3,0x1e,0x2c,0x37,0x70,0xa7,0xcb,0x70,0xb7,0x7a,0xb0,0xdc,0xc0,
0x3d,0xc2,0x51,0x86,0x9d,0x74,0x79,0xb2,0x1c,0xb7,0x57,0x8e,0x5b,0x29,0xc7,0xce,
0xb4,0xda,0xa9,0x1c,0x9f,0x51,0x8e,0xc7,0x75,0x1d,0x1f,0x5c,0x8e,0x1b,0x2d,0xc7,
0xfe,0x06,0xe9,0xc3,0xde,0xeb,0xc3,0xb5,0x72,0x6b,0xc7,0x61,0x53,0xb5,0xba,0xc1,
0x5d,0x07,0x5f,0xeb,0xb0,0xe8,0xb1,0x9b,0x75,0x58,0xf4,0xd8,0xcd,0x3a,0x2c,0x7a,
0xdc,0x82,0x0e,0x8b,0x1e,0xb7,0xa0,0xc3,0xa2,0xc7,0x81,0xa6,0xc3,0x82,0x23,0x10,
0xe7,0xba,0x70,0xee,0x1a,0xce,0x5d,0xc3,0x39,0x13,0xce,0x99,0x70,0xee,0x26,0xce,
0xdd,0xb4,0x9e,0x8b,0x63,0xa7,0x0f,0x47,0x56,0x1f,0x1e,0x43,0x1f,0x1e,0x7a,0x2f,
0x16,0x13,0x96,0x9b,0x58,0xae,0x4c,0x56,0x58,0xe7,0x80,0x35,0xec,0x57,0x03,0xfa,
0xea,0x6a,0x48,0x5f,0x5d,0x0d,0xe5,0xab,0x56,0xff,0x5b,0x37,0xdd,0xab,0x9b,0x6b,
0xd6,0xe8,0xc7,0x7b,0xdd,0xd6,0x10,0xb0,0x6e,0x74,0xd6,0x78,0x5f,0x0d,0xfb,0xae,
0xd5,0xc0,0xef,0x5a,0x1d,0x83,0xf5,0xc8,0xde,0xd5,0x56,0x7a,0xad,0xd1,0x83,0xa7,
0xc2,0xf7,0x93,0xc1,0x6a,0xa3,0xd5,0xeb,0xf5,0xad,0x8e,0xa8,0x6f,0xf5,0x0a,0x7d,
0xab,0x75,0x37,0x57,0x47,0x7d,0x73,0xb5,0x2f,0xb7,0x56,0x1b,0xbb,0xb5,0x5a,0x77,
0x6b,0xf5,0xea,0x03,0xab,0x9d,0x1f,0x58,0x2d,0x1c,0x58,0xed,0xcb,0xed,0xd5,0xbd,
0xdb,0xab,0x87,0xdc,0x5e,0x8d,0x57,0x85,0xb5,0x15,0x3c,0x49,0xbe,0x9f,0x2b,0xd6,
0x38,0xb7,0x5e,0xdd,0xba,0xd1,0xaf,0x6e,0x74,0xd6,0x09,0xb1,0x3a,0x25,0xae,0xad,
0x4e,0x85,0xef,0xa3,0xbf,0xfb,0xfb,0x99,0x60,0x9d,0x01,0xab,0x27,0x68,0xac,0xa3,
0xc5,0x9b,0xd5,0xc2,0x6b,0xab,0x87,0x5c,0x5b,0xdd,0xeb,0xc2,0x61,0x52,0xbe,0x3a,
0x83,0xca,0x57,0xaf,0x57,0xb6,0x7a,0x7a,0xd9,0xea,0x85,0xca,0x56,0xcf,0x2b,0xb3,
0x1a,0x0b,0x4f,0x1e,0xeb,0x94,0x5a,0xed,0xae,0x7e,0x75,0x0c,0x1d,0xab,0xfe,0xbd,
0xba,0x6a,0x9e,0xab,0xab,0x66,0xbd,0xfa,0x43,0xe1,0xb5,0xd5,0xa5,0xca,0x3a,0xcc,
0xab,0xab,0x63,0xef,0x5a,0xdd,0xeb,0x5a,0x35,0x5d,0xd7,0x0f,0xce,0xb1,0x1e,0x69,
0x5a,0x0d,0xa0,0xbe,0xd5,0xcd,0xcd,0x1f,0x06,0xdd,0x65,0xdd,0xac,0x5e,0x5d,0xbf,
0x5a,0xa8,0x5f,0x2d,0xd4,0xaf,0x16,0x6a,0x56,0x37,0xca,0x1f,0xe6,0x7c,0xf7,0x6a,
0xe0,0x5a,0xf7,0x54,0x3f,0x2e,0x04,0xdf,0xaf,0x11,0x3f,0xb4,0xa9,0x59,0xad,0xd3,
0xac,0xf6,0x45,0x6f,0x5d,0x2f,0xbf,0xb7,0x19,0xde,0x28,0x56,0xfb,0xd9,0xb1,0x5a,
0xd7,0xbb,0x7a,0x5e,0xd9,0xea,0x30,0x4d,0x93,0x6a,0xb8,0x2f,0xc0,0xf5,0xf0,0x06,
0x82,0x54,0x6d,0x9d,0x6c,0x90,0x51,0x59,0xa7,0xf7,0xaa,0x13,0x1e,0x7f,0x66,0x3d,
0x70,0x75,0x9d,0xec,0x81,0xe0,0xd2,0xc2,0xda,0x06,0x7b,0x6a,0xeb,0x54,0x9c,0xd4,
0x42,0x89,0xda,0x1a,0x6e,0xd6,0xc5,0x6c,0x75,0xe3,0xf5,0x43,0x63,0x5e,0x3f,0x1c,
0xe8,0xf5,0xff,0x1f,0xd8,0x35,0xa9,0xf6,0xc2,0x62,0x3d,0x06,0x2e,0xd7,0xf3,0x8d,
0x01,0x67,0x91,0x1f,0xfa,0x56,0xae,0x40,0x41,0xc8,0x1b,0xbd,0x0b,0xb9,0x7a,0x48,
0x1f,0xa2,0xdf,0xcb,0xf1,0x8f,0xac,0xce,0xa3,0x53,0xa8,0x18,0xc9,0xa0,0xa4,0x16,
0x12,0x3c,0x38,0xc8,0xab,0x21,0xd5,0x40,0xd2,0x43,0xaa,0x80,0x64,0x80,0x64,0x84,
0x54,0x09,0xa9,0x0a,0x9d,0x40,0xa9,0x68,0x17,0xda,0x8d,0xf6,0x21,0x32,0x62,0xa2,
0x77,0x50,0x0a,0xf2,0x41,0x24,0x74,0x00,0x56,0xb2,0x0a,0xbc,0x32,0x54,0xe0,0x05,
0x0f,0x2f,0x77,0x78,0xb1,0xb3,0x2e,0x1c,0x78,0xbd,0xb3,0x2e,0x1d,0x78,0xc9,0xb3,
0x2e,0x1e,0x78,0xd5,0xc3,0x19,0xbc,0xfc,0x7d,0x80,0x33,0x60,0xa0,0x56,0xf4,0xf8,
0x22,0x7a,0x7c,0x09,0x3d,0x6e,0x43,0x8f,0xdb,0x61,0xb1,0x42,0xf8,0x8e,0xd9,0x81,
0x1e,0x77,0x42,0x50,0xc0,0x9a,0x84,0xac,0xf7,0x29,0x84,0xe7,0x15,0x98,0x0c,0xaf,
0xaf,0x08,0x2f,0x80,0xbd,0x10,0x08,0x60,0x16,0x88,0x03,0x98,0x4c,0x70,0xe3,0x01,
0xdb,0xc1,0x5c,0x01,0xc7,0x80,0xe1,0xc1,0x75,0x08,0xdf,0x29,0x70,0x70,0x22,0xab,
0x35,0xd1,0xaa,0x5b,0x2f,0x62,0xb9,0x84,0xa5,0x1d,0xcb,0x15,0xb4,0x13,0xed,0x41,
0x01,0xe8,0x24,0x92,0xa2,0x12,0xf4,0xfb,0xcb,0x1a,0x48,0xf8,0xfb,0x1d,0xfc,0xbd,
0x0f,0xfe,0x5a,0xe5,0x12,0xa4,0x76,0x48,0x57,0x20,0xe1,0x7f,0xeb,0xc2,0xbe,0x0a,
0xf6,0xe1,0xd9,0xfa,0x5b,0x95,0x0a,0xad,0xfe,0x83,0x17,0x7f,0xbd,0xd0,0x88,0xf0,
0xd7,0xe4,0xff,0x76,0x11,0xfd,0xdb,0x25,0xf4,0x6f,0x5d,0xe8,0xdf,0x2e,0xa3,0x7f,
0x6b,0x47,0xbf,0x87,0x53,0x7e,0x5f,0xab,0x44,0xbf,0x87,0xd7,0xb6,0xdf,0x97,0xd5,
0x40,0xfa,0x00,0xd2,0x79,0xf4,0xfb,0xfa,0x16,0xf4,0xfb,0x0f,0x2b,0xd0,0x42,0x75,
0x75,0x07,0x96,0x4e,0x2c,0x57,0xb1,0x7c,0x8a,0xa5,0x0b,0x4b,0x37,0x96,0x6b,0x58,
0x3e,0xc3,0x72,0x1d,0x4b,0x0f,0x96,0x1b,0x58,0x7a,0xb1,0xf4,0x61,0x31,0x61,0xb9,
0x89,0xe5,0x16,0x96,0x7e,0x2c,0x03,0x58,0x6e,0x63,0xf9,0x1c,0xcb,0x20,0x96,0x21,
0x2c,0x77,0xb0,0x7c,0x01,0x52,0x23,0xc7,0xa2,0xc0,0xa2,0xc4,0xa2,0xc2,0xa2,0xc6,
0xa2,0xc1,0x52,0x86,0xa5,0x1c,0x8b,0x16,0x8b,0x0e,0x8b,0x1e,0x0b,0xee,0x73,0x8d,
0x01,0x8b,0x11,0x4b,0x25,0x96,0x2a,0x90,0xf3,0x0d,0x58,0x1a,0xb1,0x7c,0x84,0xe5,
0x02,0x96,0x26,0x2c,0xcd,0x58,0x3e,0xc6,0xf2,0x09,0x96,0x16,0x2c,0xad,0x58,0x2e,
0x62,0xb9,0x84,0xa5,0x0d,0x4b,0x3b,0x96,0xcb,0x58,0xae,0x60,0xc1,0x76,0x39,0x8f,
0xed,0x72,0x1e,0xdb,0xe5,0x3c,0xb6,0xcb,0x79,0x6c,0x97,0xf3,0xd8,0x2e,0xe7,0xb1,
0x5d,0xce,0x63,0xbb,0x9c,0xc7,0x76,0x39,0x8f,0xed,0x72,0x1e,0xdb,0xe5,0x3c,0xb6,
0xcb,0x79,0x6c,0x97,0xf3,0xd8,0x2e,0xe7,0xb1,0x5d,0xce,0x63,0xbb,0x9c,0xc7,0x76,
0x39,0x8f,0xed,0x72,0x1e,0xdb,0xe5,0x3c,0xb6,0x4b,0xfd,0x87,0x58,0x70,0xc7,0xeb,
0x71,0xc7,0xeb,0x71,0xc7,0xeb,0x71,0xc7,0xeb,0x71,0xc7,0xeb,0x71,0xc7,0xeb,0x71,
0xc7,0xeb,0x71,0xc7,0xeb,0x71,0xc7,0xeb,0x71,0xc7,0xeb,0x71,0x9f,0xeb,0x71,0x9f,
0xeb,0x71,0x9f,0xeb,0x71,0x9f,0xeb,0x71,0x9f,0xeb,0x71,0x9f,0xeb,0x71,0x9f,0xeb,
0x71,0x9f,0xeb,0x71,0x9f,0xeb,0x71,0x9f,0xeb,0x71,0x9f,0xeb,0x71,0x9f,0xeb,0x71,
0x9f,0xeb,0x71,0x9f,0xeb,0x71,0x9f,0xeb,0x71,0x77,0xeb,0x71,0x77,0xeb,0x71,0x77,
0xeb,0x71,0x77,0xeb,0x71,0x77,0xeb,0x71,0x77,0xeb,0x71,0x77,0xeb,0xad,0x3d,0x1d,
0x44,0xff,0xa7,0x1a,0xfd,0x9f,0x1a,0xf4,0x65,0x23,0xfa,0xf2,0x12,0xfa,0xcf,0xee,
0xcb,0xe8,0xcb,0x76,0xf4,0x65,0x1b,0x9a,0xbe,0x59,0x83,0x46,0x1b,0xd0,0xe8,0xc7,
0xe8,0xcb,0x4e,0x34,0x7a,0x11,0x7d,0x79,0x01,0x7d,0xd9,0x84,0x46,0xaf,0xa0,0x2f,
0xd5,0xe8,0xcb,0xab,0xe8,0x4b,0xe8,0x42,0xf3,0xa0,0x1a,0xfd,0xe7,0xc7,0x95,0x68,
0xf4,0x1a,0xce,0x6b,0xd0,0x97,0x95,0x78,0x5b,0x86,0x46,0x6f,0xa2,0xd1,0xdb,0x38,
0xab,0x45,0xa3,0x77,0xd0,0x97,0x1d,0xe8,0xcb,0xcb,0xd0,0x30,0x9c,0x79,0x05,0xfd,
0xbe,0xa7,0x07,0x7d,0x59,0x85,0xbe,0x6c,0x45,0x5f,0x42,0x93,0x0d,0xe8,0xdf,0xe5,
0xe8,0xdf,0x15,0xe8,0xdf,0x95,0xf8,0x68,0x3d,0x16,0xb8,0x5c,0x3d,0xfa,0xf2,0x43,
0x9c,0xc5,0x01,0xd1,0x8b,0x83,0xa9,0x17,0x07,0x53,0x2f,0x0e,0xa6,0x5e,0x1c,0x4c,
0xbd,0x38,0x98,0x7a,0x71,0x30,0xf5,0xe2,0x60,0xea,0xc5,0xc1,0xd4,0x8b,0x83,0xa9,
0x17,0x07,0x53,0x2f,0x0e,0xa6,0x5e,0xeb,0xb9,0x38,0x98,0x7a,0x71,0x30,0xf5,0xe2,
0x60,0xea,0xc5,0xc1,0x84,0x5f,0x55,0xaa,0x7b,0x6b,0xb0,0x7c,0x80,0xe5,0x3c,0x96,
0x5a,0x2c,0x75,0x58,0xea,0xb1,0x60,0xdf,0xf5,0x62,0xdf,0xf5,0x62,0xdf,0xf5,0x62,
0xdf,0xf5,0x62,0xdf,0xf5,0x62,0xdf,0xf5,0x62,0xdf,0xf5,0x62,0xdf,0xf5,0x62,0xdf,
0xf5,0x62,0xdf,0xf5,0x62,0xdf,0xf5,0xe2,0xa0,0xeb,0xc5,0x0e,0xec,0xc5,0x0e,0xec,
0xc5,0x0e,0xec,0xc5,0x0e,0xec,0xc5,0x0e,0xec,0xc5,0x0e,0xec,0xc5,0x0e,0xec,0xc5,
0x0e,0xec,0xc5,0x0e,0xec,0xc5,0x0e,0xec,0xc5,0x0e,0xec,0xc5,0x0e,0xec,0xc5,0x0e,
0xec,0xc5,0x0e,0xec,0xc5,0x0e,0xec,0xc5,0x41,0x67,0xc2,0xbb,0x26,0xbc,0x6b,0xb2,
0xee,0x62,0xa7,0x9a,0xb0,0x53,0x4d,0xd8,0xa9,0x26,0xec,0x54,0x13,0x76,0xaa,0x09,
0x3b,0xd5,0x84,0x9d,0x6a,0xc2,0x31,0x68,0xc2,0x9e,0x35,0xe1,0xb9,0x69,0xc2,0x73,
0xd3,0x84,0xe7,0xa6,0x09,0xcf,0xcd,0x9b,0xd8,0x9c,0x37,0xb1,0x39,0x6f,0x62,0x73,
0xde,0xc4,0xe6,0xbc,0x89,0xcd,0x79,0x13,0xcc,0x59,0x73,0x49,0x8e,0x45,0x81,0x45,
0x89,0x45,0x85,0x45,0x8d,0xc5,0x5a,0x5b,0x86,0xa5,0x1c,0x8b,0x16,0x8b,0x0e,0x8b,
0x1e,0x4b,0x05,0x16,0x03,0x16,0x23,0x96,0x4a,0x2c,0x55,0x58,0xaa,0xb1,0xd4,0x60,
0xf9,0x00,0xcb,0x79,0x2c,0xb5,0x58,0xea,0xb0,0xd4,0x63,0xf9,0x10,0x4b,0x03,0x96,
0x46,0x2c,0x1f,0x61,0xb9,0x80,0xa5,0x09,0x4b,0x33,0x96,0x8f,0xb1,0x80,0xb1,0xeb,
0x07,0x5a,0xb0,0xb4,0x62,0xb9,0x88,0xe5,0x12,0x96,0x36,0x2c,0xed,0x58,0x2e,0x63,
0xb9,0x82,0xa5,0x03,0x4b,0x27,0x96,0xab,0x58,0x3e,0xc5,0xd2,0x85,0xa5,0x1b,0xcb,
0x35,0x2c,0x9f,0x61,0xb9,0x8e,0xa5,0x07,0xcb,0x0d,0x2c,0xbd,0x58,0xfa,0xb0,0x98,
0xb0,0xdc,0xc4,0x72,0x0b,0x4b,0x3f,0x96,0x01,0x2c,0xb7,0xb1,0x7c,0x8e,0x65,0x10,
0xcb,0x10,0x96,0x3b,0x58,0xc0,0xba,0xf5,0xb7,0x71,0xc5,0x6d,0x5c,0x71,0x1b,0x57,
0xdc,0xc6,0x15,0xb7,0x71,0xc5,0xe7,0x72,0x2c,0x0a,0x2c,0x4a,0x2c,0x2a,0x2c,0x6a,
0x2c,0x1a,0x2c,0x65,0x58,0xca,0xb1,0x68,0xb1,0xe8,0xb0,0xe8,0xb1,0x54,0x60,0x31,
0x60,0x31,0x62,0xa9,0xc4,0x52,0x85,0xa5,0x1a,0x4b,0x0d,0x96,0x0f,0xb0,0x9c,0x47,
0xdf,0x2a,0xce,0x7f,0xab,0xe8,0xb0,0x7e,0xf5,0x8b,0x7f,0x73,0x80,0xbf,0x30,0xc4,
0xb7,0x9a,0x0e,0xfc,0x9d,0xe4,0x42,0xb3,0xe6,0x43,0x48,0xed,0x38,0xd3,0xf0,0x07,
0x19,0x48,0xd7,0x7e,0xba,0xf3,0xd9,0x4f,0x77,0xae,0xff,0x74,0xa7,0xe7,0xa7,0x3b,
0x60,0xac,0xe6,0xb2,0x81,0xef,0x5b,0x2a,0xbb,0xfd,0x43,0x66,0xe0,0x27,0x4d,0xae,
0x96,0xfe,0xb0,0x33,0xf0,0x93,0xf6,0x7f,0xac,0xf9,0x0c,0xdd,0xeb,0x41,0xf7,0x6f,
0xa1,0xbc,0x3c,0xf4,0x7b,0x6d,0x39,0x24,0xbc,0x08,0x0c,0x29,0xb0,0xe8,0xb0,0x54,
0x60,0xc1,0x2b,0xca,0xd0,0x07,0x58,0x3a,0xb1,0xe0,0x45,0x67,0xa8,0x1b,0x0b,0x6e,
0x6a,0xa8,0x17,0x8b,0x09,0xcb,0x2d,0x2c,0x03,0x58,0x3e,0xc7,0x32,0x84,0xe5,0x0b,
0x2c,0x78,0x25,0x19,0x6a,0xc0,0xd2,0x88,0xa6,0xfb,0xac,0x99,0x6a,0xbc,0xb8,0xdc,
0x41,0xd3,0x78,0x46,0x34,0x0f,0x7e,0x81,0xee,0xf7,0xa3,0xfb,0xf8,0xd4,0x41,0xeb,
0x92,0x06,0xcb,0x60,0x19,0x2c,0x7e,0xf8,0xc8,0xc1,0x2e,0x2c,0x4d,0xe8,0xcb,0xf3,
0x50,0xf0,0x11,0x9c,0xae,0x81,0x24,0x87,0x54,0x8e,0x46,0xbf,0x40,0x5f,0xc2,0x82,
0x77,0x0d,0x7d,0xf9,0x19,0xba,0xdf,0x8a,0xee,0xf7,0xa1,0xfb,0x26,0x74,0xff,0x26,
0x1c,0x87,0xbf,0x5d,0xa9,0x83,0x6d,0x39,0x24,0x3d,0xfa,0xb2,0x05,0x37,0x01,0xe3,
0xf9,0xb8,0xed,0x22,0x96,0x4b,0x58,0xda,0xb0,0xb4,0x63,0xb9,0x8c,0xe5,0x0a,0x96,
0x0e,0x2c,0x9d,0x58,0xae,0x62,0xf9,0x14,0x4b,0x17,0x96,0x6e,0x2c,0xd7,0xb0,0x7c,
0x86,0xe5,0x3a,0x96,0x1e,0x2c,0x37,0xb0,0xf4,0x62,0xe9,0xc3,0x62,0xc2,0x72,0x13,
0xcb,0x2d,0x2c,0xfd,0x58,0x06,0xb0,0xdc,0xc6,0xf2,0x39,0x96,0x41,0x2c,0x43,0x58,
0xee,0x60,0x81,0xe1,0x7f,0xdc,0x2e,0xc7,0xa2,0xc0,0xa2,0xc4,0x02,0x4f,0x36,0xd7,
0xd0,0xd7,0xad,0x68,0xf2,0x33,0x44,0xf1,0x43,0x54,0x3f,0xf4,0x3b,0x3f,0xf4,0xa6,
0x1f,0xa2,0xf9,0x21,0xba,0x1f,0x7a,0xcb,0x0f,0xbd,0xed,0x87,0x02,0xfd,0x10,0x03,
0x3f,0xf5,0xd5,0xe6,0xe1,0xa7,0xba,0x82,0x22,0xc4,0xcd,0x47,0x79,0xe9,0x28,0x27,
0x27,0x1f,0x15,0xbc,0x8f,0x04,0xf0,0x97,0x8e,0x04,0xb9,0x28,0x3d,0x0b,0x82,0xf2,
0xf3,0x6f,0x15,0x15,0xd6,0xdf,0x3b,0x28,0xf1,0xef,0x57,0x3f,0x44,0xe6,0x2a,0xfc,
0x83,0x96,0x72,0x64,0x6e,0xfb,0x08,0xcd,0x5d,0xb9,0x84,0x66,0x6e,0xb7,0xa1,0xd9,
0x86,0x16,0xf4,0x4c,0xdd,0x8a,0xcc,0x3a,0x23,0x32,0xdf,0x31,0x20,0x73,0x99,0x11,
0xcd,0xc2,0x8d,0xcc,0xac,0x6d,0x46,0xcf,0x4c,0x4a,0x34,0x77,0xa3,0x13,0x99,0x2f,
0xc1,0x3e,0x3c,0x7b,0xcc,0x0e,0xd6,0xa2,0x59,0x7d,0x1d,0x9a,0x35,0xd6,0x21,0x8b,
0x42,0x8f,0x66,0x0d,0xe5,0x68,0x56,0x77,0x1e,0x3d,0xbb,0xac,0x40,0xcf,0x3a,0xf1,
0x3f,0x5a,0xb5,0x68,0xf6,0xb6,0x1c,0x3d,0xab,0x85,0xeb,0xe9,0x6e,0x20,0x33,0xdc,
0xf7,0x2c,0x1a,0xfc,0x8c,0x59,0x3b,0xdb,0xd4,0xb5,0xfa,0x14,0x5a,0x3b,0xd3,0xaf,
0xfb,0x21,0x77,0xdb,0xf0,0x7d,0xce,0x7c,0xed,0x87,0xb2,0x67,0xca,0x81,0xef,0x73,
0xd0,0xf0,0x0f,0x65,0x17,0x3e,0xfc,0xe1,0xb8,0x8a,0xe6,0x1f,0x6a,0xeb,0xac,0x65,
0xe6,0x3b,0x78,0x54,0x9f,0xa1,0x99,0xfe,0x21,0x48,0xfd,0x68,0x66,0x00,0x8c,0xd9,
0xa2,0xbe,0x88,0x66,0x86,0x5a,0xd0,0xcc,0x9d,0xcf,0x91,0x59,0xae,0x44,0x66,0x05,
0x74,0x0d,0x9e,0xe3,0xcc,0xf8,0xf7,0x04,0x1f,0xc0,0x7a,0xd6,0xd2,0x00,0x05,0x1a,
0xfc,0x73,0xa9,0x36,0x48,0xe0,0xb0,0x96,0xda,0x26,0xa8,0x19,0x80,0x1d,0x88,0x86,
0x96,0xba,0x0a,0xb0,0x02,0xb4,0x5b,0xd6,0x86,0x66,0x3e,0xc7,0x16,0x81,0x48,0xe8,
0x2c,0xff,0x04,0x4c,0x02,0xcf,0x85,0xe7,0xf1,0x16,0xda,0xd5,0x95,0x41,0xba,0x85,
0xbe,0xad,0xc5,0x3f,0x2f,0xd6,0x40,0x82,0x7d,0xa3,0x0e,0xd2,0x47,0x90,0x60,0xf8,
0xc6,0x21,0x48,0xe0,0xe3,0x96,0x8e,0x2e,0xf4,0x4c,0x01,0xf6,0xab,0xd2,0x43,0x82,
0x75,0xb4,0x05,0xff,0xa6,0xaa,0xea,0x53,0x48,0x3d,0x60,0x30,0x38,0x0b,0x7a,0x64,
0x86,0xa7,0x3b,0x33,0x3c,0x91,0x99,0x6b,0x3a,0x60,0xff,0x22,0x32,0xc3,0xf3,0x8d,
0xb9,0xb6,0x1a,0x99,0xeb,0xce,0x43,0x82,0xe3,0xeb,0xd5,0x90,0xe0,0x1c,0x78,0xae,
0x30,0x7f,0x08,0x23,0x6a,0xaa,0x87,0x04,0x5d,0x6c,0xac,0x81,0xd4,0x07,0x0e,0xba,
0x86,0xcc,0x9f,0x54,0x42,0x82,0x7c,0x0b,0x38,0xf2,0x63,0x18,0x42,0x0b,0x38,0xa0,
0x05,0xae,0x71,0x11,0xba,0xdf,0x0a,0x8f,0x62,0xe6,0x4b,0x50,0x70,0xe9,0x16,0x78,
0x1f,0x2e,0x0a,0xf3,0xc1,0xdc,0x0e,0x73,0xa2,0xf5,0x23,0x08,0xfd,0xd6,0x0b,0x57,
0x91,0xf9,0x4a,0x17,0x32,0x77,0x5c,0x80,0x74,0x05,0xf2,0x0d,0xc8,0xdc,0x79,0x19,
0x7d,0x7b,0xe1,0x1a,0xa4,0x41,0x64,0xee,0x82,0xae,0x75,0x41,0xd4,0xb6,0x5e,0x81,
0xcc,0x67,0x2a,0x48,0x70,0xc0,0x67,0x10,0xfd,0xad,0x5d,0x38,0xf3,0x05,0x32,0x5f,
0x87,0x36,0x87,0x60,0x21,0xfc,0x58,0x81,0xcc,0x3d,0x2d,0xc8,0x0c,0x4f,0x0e,0xe6,
0x1b,0xb0,0x6c,0xb6,0xde,0x82,0x0b,0x9b,0x54,0x38,0x73,0x19,0x32,0xd0,0x4d,0x13,
0x0c,0x03,0x6e,0x8e,0xe6,0x5b,0x10,0x73,0xb7,0x2e,0xa2,0x6f,0x5b,0x3e,0x83,0x2d,
0x18,0xab,0x1f,0x86,0x0e,0x5e,0x34,0xc3,0x9d,0xe3,0xdb,0x56,0xe8,0xd9,0xc5,0x32,
0xb0,0x76,0x2b,0x1c,0x78,0x1b,0x8c,0x77,0x1b,0xc6,0x7d,0x1b,0xa6,0xd7,0xd5,0x4a,
0xfc,0x1f,0x51,0x43,0x0f,0x9a,0xd3,0xc2,0x85,0x06,0xe1,0x74,0x7c,0x4b,0xbc,0xa4,
0x87,0xf9,0x76,0xb9,0x1c,0x2c,0x8f,0xbf,0x4d,0x81,0x65,0xea,0xdb,0x4b,0x60,0xb3,
0x3b,0xb0,0xff,0x05,0xd8,0xe2,0x0b,0xb0,0xd3,0x17,0x10,0xbc,0x4a,0x05,0xfa,0x16,
0xa6,0xe3,0xb7,0x6d,0x70,0x6f,0xbb,0x78,0x01,0x22,0x19,0x66,0xc2,0xac,0x06,0xff,
0x57,0xd8,0x00,0xe9,0x36,0x9a,0x2d,0xbb,0x01,0x09,0x66,0x44,0xd9,0x67,0x68,0xb6,
0x1c,0x7f,0x35,0x81,0xbf,0x92,0xb9,0x00,0x11,0xde,0x0c,0x51,0xdf,0x83,0x66,0x2b,
0xe0,0x1c,0x23,0x2c,0x5f,0x17,0xbb,0xe0,0x04,0xc3,0x10,0x14,0x0c,0x42,0x41,0x07,
0x9a,0xad,0x54,0xa1,0xd9,0x2a,0x58,0x56,0x2e,0x7e,0x06,0x47,0x55,0x5f,0x84,0x1d,
0x0d,0x14,0xc2,0x38,0x3a,0xae,0xa1,0xd9,0x9a,0x4e,0x48,0x77,0xd0,0xec,0x07,0xd0,
0x4a,0x0d,0x04,0x4c,0x67,0x17,0x9a,0xad,0x03,0x97,0x5c,0x82,0x17,0xb1,0xd9,0x0f,
0x2f,0xa1,0xd9,0x0b,0xfd,0x68,0xb6,0x51,0x87,0xbe,0xed,0x82,0x37,0x0d,0x30,0xf4,
0xb7,0x9f,0x82,0xc5,0xe0,0x75,0xc2,0x5c,0x06,0x13,0xad,0x49,0x8e,0x66,0x3f,0x6a,
0x42,0x73,0x70,0x57,0x99,0xa9,0x6a,0x84,0xfd,0x56,0x34,0xdb,0x0c,0x5d,0x6b,0x3e,
0x8f,0xff,0x1d,0x0c,0x06,0xea,0xd6,0xa1,0xd9,0x4f,0xa0,0xef,0x1f,0xc3,0x15,0x5b,
0xc1,0x36,0x97,0x6a,0xba,0xd1,0xec,0xc5,0x4a,0x34,0xdb,0xf2,0x09,0x9a,0x6d,0x83,
0x0e,0xc3,0xc2,0x32,0x7b,0x19,0xae,0x72,0xe5,0x2a,0x9a,0xbd,0x0a,0xbe,0xbe,0xf4,
0x11,0xec,0x7c,0x7a,0x01,0x7d,0x7b,0xbd,0x01,0xcd,0x76,0xc1,0xdd,0xfc,0xd2,0xc5,
0x2b,0x68,0xb6,0x1b,0x5e,0x12,0x7b,0xe0,0xac,0x6e,0x30,0xc1,0x35,0x38,0xf3,0x1a,
0xac,0x58,0x97,0xae,0x62,0xff,0xf5,0xc1,0x8d,0xe0,0xd2,0xa7,0x70,0x05,0xa8,0x5e,
0xb8,0x74,0x03,0x46,0x7c,0xe3,0x0b,0x34,0x0b,0xcf,0x75,0xb3,0x3d,0x70,0x5e,0x5f,
0x3d,0x24,0x18,0x9c,0x09,0x06,0x09,0x4f,0x41,0xb3,0xf8,0x41,0xe6,0x12,0xfe,0x4a,
0xa4,0xaf,0x0f,0xcd,0xf6,0x83,0x1d,0xe1,0x76,0xff,0x6d,0x5f,0x2f,0x9a,0xc5,0x37,
0xd8,0x4b,0x70,0xcf,0x9c,0xbd,0x05,0x9e,0x18,0x82,0x05,0xf5,0xd2,0x10,0x4c,0xc4,
0x4b,0x77,0xe0,0x9a,0x5f,0x94,0xa1,0x67,0xf2,0x01,0x48,0xd0,0xa9,0x9b,0xf5,0x30,
0x59,0xf4,0x90,0x86,0x20,0xdd,0x42,0xcf,0x60,0xdc,0x30,0x39,0xdb,0xd1,0x33,0x0d,
0x34,0xdc,0xa6,0xbb,0x84,0x9e,0x95,0x81,0xf7,0xda,0x2a,0xf1,0xef,0xd9,0x3b,0xd0,
0x33,0x1d,0x78,0xa3,0xad,0x41,0x8b,0x9e,0xe9,0x61,0xd1,0x81,0x85,0x69,0xa1,0xad,
0x09,0x7f,0x95,0xd0,0x52,0x8b,0x9e,0x19,0x6f,0xa3,0x67,0x95,0xb0,0xfa,0xdd,0xc6,
0x3f,0x6d,0x87,0xf7,0xba,0xdb,0xfd,0xe8,0x19,0xbc,0xf8,0x3c,0xab,0x69,0x42,0xcf,
0x3e,0xd0,0xa0,0x67,0xe7,0xe1,0x35,0x78,0xf0,0x02,0x2c,0x55,0xe0,0xb7,0xb6,0xeb,
0x37,0x21,0x03,0xf1,0xdd,0x76,0x03,0x87,0x57,0xd9,0x27,0xe8,0x59,0x03,0x6e,0xf9,
0x4e,0x2b,0x16,0x88,0xad,0x76,0x85,0x1a,0x7d,0xfb,0xc5,0x20,0x9a,0x91,0xc3,0x23,
0x42,0x3b,0xbc,0x16,0x82,0xc0,0x0d,0xa0,0x5d,0xdd,0x88,0xa5,0x17,0x3d,0x6b,0xc2,
0xdf,0x1e,0xc2,0x69,0x30,0xef,0x66,0x14,0x65,0x68,0x46,0x09,0x4f,0x57,0xed,0xf8,
0x6b,0xa7,0xd6,0x4a,0x34,0x03,0xaf,0x96,0x0b,0xed,0x0d,0x70,0xb3,0x69,0xff,0x08,
0x1e,0xb0,0xda,0x2f,0xc0,0xd5,0xaf,0x7c,0x8a,0x66,0xd4,0x9f,0xc1,0xa2,0x09,0x63,
0xed,0x84,0x67,0x8a,0xf6,0x76,0xb8,0x3b,0xb4,0x5f,0xbd,0x82,0x9e,0x7d,0x7a,0x0d,
0xcd,0xe0,0x7b,0x71,0xfb,0x35,0x18,0xe3,0x67,0x60,0x9a,0xcf,0x74,0x50,0x00,0xcb,
0x52,0xfb,0x0d,0x18,0x23,0x3c,0x36,0xcf,0xe8,0x61,0xc1,0x86,0x07,0xda,0x67,0xf0,
0xb4,0xfb,0x0c,0xee,0x87,0x0b,0xed,0x77,0xe0,0x28,0x13,0xac,0xe6,0x06,0x58,0x85,
0x6f,0xc1,0x10,0xfb,0x95,0xe8,0xd9,0x80,0x06,0xf6,0xe1,0xce,0x74,0x19,0xcc,0xb4,
0x70,0x59,0x57,0x8e,0x66,0x8c,0xd0,0xd7,0xcb,0x15,0x8d,0xe8,0xd9,0x10,0xdc,0x92,
0x2e,0x1b,0xee,0xa0,0x67,0x77,0xea,0xd0,0xb3,0x2f,0xf0,0x0e,0x7e,0xb3,0xbb,0x5c,
0x7b,0x09,0xcd,0x29,0xe0,0x7e,0x79,0x19,0xde,0x76,0xe6,0x60,0xc1,0x5a,0xb8,0x64,
0xfc,0x04,0x82,0xae,0x0e,0x82,0xef,0x06,0x9a,0x53,0xab,0xd0,0x4c,0x75,0x05,0x6c,
0xef,0x20,0xf3,0x55,0xb0,0xf1,0xe5,0x8f,0xaf,0x60,0x81,0xdc,0xa5,0x4a,0x1c,0x8b,
0x95,0x10,0xa4,0x5a,0x35,0x9a,0xbb,0xf3,0x31,0x9a,0xa9,0xf9,0x14,0xcd,0xe9,0x6b,
0x20,0xc1,0xf1,0x7a,0xfc,0x63,0xd3,0x5e,0xd8,0xc2,0x94,0xb5,0x6e,0x87,0xd0,0x5c,
0x05,0x98,0xe2,0x72,0xd7,0x20,0x9a,0x33,0x34,0xa3,0x39,0x23,0x5c,0xb6,0xb2,0x1b,
0xf2,0x78,0x0b,0x95,0x55,0x57,0xa0,0xec,0x3c,0x6c,0xf5,0x90,0x0c,0x90,0xc0,0xdf,
0x97,0xc1,0x3f,0x0b,0x97,0x61,0xe1,0x58,0xb8,0x0c,0x2f,0x0a,0x33,0xb5,0xd0,0x3e,
0xbc,0x19,0xce,0xc1,0x3b,0xe1,0x5c,0x2d,0x18,0xfa,0x0a,0x3e,0xb6,0x0e,0xfc,0x78,
0x19,0x1e,0x19,0x66,0xea,0x9a,0x21,0x81,0xe3,0x2e,0xdf,0x81,0xfb,0xf4,0x15,0x15,
0x18,0xac,0x0e,0x8e,0x6f,0xac,0x86,0x04,0x4d,0x37,0x76,0xa2,0xb9,0x8f,0x70,0xd2,
0xa2,0xb9,0xa6,0x4a,0x34,0x77,0xe1,0x22,0x6c,0x61,0xc0,0xcd,0x70,0xcc,0xc7,0xe0,
0xb8,0x0f,0x3f,0x44,0x73,0x9f,0xb4,0xa2,0xb9,0x16,0x05,0xe4,0x07,0xd0,0x5c,0x2b,
0x58,0xe4,0x0a,0x3e,0x11,0x1e,0x95,0xe7,0xe0,0x59,0x78,0xa6,0xc1,0x04,0x5b,0x58,
0x45,0x3e,0x80,0x19,0x72,0xe5,0x22,0x04,0xf2,0x95,0xf6,0xcb,0x68,0xe6,0xa3,0x3b,
0x68,0xe6,0x42,0x39,0x9a,0xbb,0x8a,0x0f,0xbf,0x01,0xed,0xdd,0x80,0xf6,0xe0,0xc5,
0x69,0xae,0xef,0x02,0x9a,0xc3,0xef,0x08,0x57,0x06,0xe1,0xf9,0xa1,0xa5,0x05,0x2c,
0x84,0xbf,0x6c,0xbc,0x09,0x83,0xbf,0x05,0x26,0x6e,0x81,0x16,0xe7,0x3e,0x87,0x67,
0xf2,0x8e,0x0f,0x3f,0xc0,0xd2,0x8d,0x2c,0xca,0x5a,0x64,0x51,0xf5,0x20,0x8b,0x1a,
0x9e,0x2f,0x3b,0x9a,0xae,0x41,0xe6,0x02,0xb2,0x68,0xfb,0x91,0xa5,0xe2,0x43,0x48,
0x0d,0xc8,0xa2,0x1b,0x44,0x96,0xaa,0x01,0x64,0xa9,0x86,0x70,0xef,0xf8,0xec,0x36,
0xb2,0xd4,0x43,0xcc,0x5d,0x86,0x1b,0x32,0x7e,0xbf,0xec,0x80,0x6b,0xcd,0x5c,0xb9,
0x8c,0x2c,0x17,0x60,0x91,0xbe,0x79,0x03,0x59,0x9a,0x20,0xf6,0x3a,0xf1,0xe4,0xe9,
0xd4,0x7e,0x84,0x66,0x3a,0x21,0xb8,0x3a,0xe1,0x9e,0xfc,0x09,0x74,0xb3,0xb3,0x5a,
0x8f,0x66,0xae,0x42,0x14,0x77,0x7e,0x50,0x8f,0x2c,0x2d,0xf0,0xf0,0xd3,0x89,0x6f,
0xd7,0x97,0xe0,0xde,0xd9,0xd5,0x8b,0x2c,0xf0,0x34,0x64,0xb9,0x7c,0x05,0x59,0xae,
0x28,0x21,0xc1,0xe8,0x3e,0x83,0xe9,0xdf,0xd9,0x75,0x1d,0x59,0x7a,0xe4,0xc8,0xd2,
0x0b,0x77,0x5b,0x78,0xab,0x9b,0x81,0xd7,0x27,0x8b,0x09,0x02,0xe1,0x2a,0xfe,0xc5,
0x40,0x2f,0x4c,0x94,0xab,0x6a,0xb8,0xd4,0x55,0x2d,0x1c,0x7b,0x15,0x22,0x60,0xc6,
0x04,0x2d,0x7f,0x7e,0x07,0x59,0xe0,0xed,0xd4,0x32,0x58,0x05,0x09,0xbc,0x75,0xb5,
0x41,0x8e,0x90,0xcd,0xba,0xf5,0xb6,0x76,0x1b,0x36,0x6e,0xb4,0x27,0x6c,0x7a,0xc5,
0xc1,0xf1,0x55,0xa7,0x8d,0x3f,0x7e,0x9c,0x37,0xba,0x6c,0xde,0xe2,0x4a,0xdc,0xba,
0xcd,0xcd,0xba,0xeb,0xbe,0x71,0xfb,0x6b,0x1e,0x9e,0x3b,0x5e,0xf7,0xf2,0xde,0xf8,
0x8b,0x7f,0x76,0xee,0x02,0xf1,0xf9,0x59,0x9b,0x24,0xed,0xde,0xb3,0xd7,0x77,0xdf,
0x1b,0xd6,0xbc,0xdf,0x46,0xf2,0x0f,0xc5,0xfe,0x01,0x1b,0x29,0xd4,0xdf,0x41,0xe6,
0xcd,0x9f,0xe9,0x3a,0xb4,0x9f,0xe4,0xe9,0x3f,0x43,0x7b,0x6f,0xfd,0xf9,0xaa,0xb7,
0xb1,0x04,0x6e,0xdc,0xc8,0x08,0xda,0xcf,0xfc,0xbe,0x28,0xf8,0x9d,0x3f,0x38,0xe2,
0xdd,0x8d,0x1b,0x0f,0x84,0xfc,0xb0,0x73,0x70,0xe3,0x6f,0xf8,0x73,0x28,0x34,0x6c,
0xe3,0xda,0x67,0xed,0xb3,0xf6,0x59,0xfb,0xac,0x7d,0xd6,0x3e,0x6b,0x9f,0xb5,0xcf,
0xda,0x67,0xed,0xb3,0xf6,0x59,0xfb,0xac,0x7d,0x7e,0x3b,0x1f,0x64,0xbb,0xc6,0x3f,
0x84,0x1d,0xb2,0xff,0x03,0x08,0xc8,0x19,0xb9,0x20,0xd7,0xef,0x21,0x22,0x0f,0xc0,
0x13,0x79,0x23,0x12,0x22,0x23,0x0a,0x40,0x45,0x0c,0x14,0x8c,0x0e,0xa0,0x10,0xc4,
0x41,0xc9,0x28,0x1d,0xe0,0x23,0x11,0x92,0x22,0x35,0x32,0xa0,0x5a,0xa0,0x09,0xb5,
0xa1,0x2e,0xd4,0x87,0x06,0xd1,0x3d,0xf4,0x00,0x3d,0x42,0x4f,0x80,0x19,0xf4,0x1c,
0xbd,0x40,0x2f,0x91,0xad,0x8d,0x83,0x15,0x57,0x1b,0x0f,0x1b,0x1f,0x1b,0x3f,0x1b,
0x9a,0x15,0xa6,0x4d,0xa8,0x0d,0xdb,0x26,0xc1,0x26,0xc5,0x26,0x1d,0xe0,0xdb,0x88,
0x6c,0xa4,0x36,0x6a,0x1b,0x83,0x4d,0xad,0x4d,0x93,0x4d,0x9b,0x4d,0x17,0xd0,0x67,
0x33,0x68,0x73,0xcf,0xe6,0x81,0xcd,0x23,0x9b,0x27,0x56,0x66,0x6c,0x9e,0xdb,0xbc,
0xb0,0x79,0x69,0x63,0xbb,0xce,0x76,0x9d,0x03,0xe0,0xba,0xce,0x63,0x9d,0xcf,0x3a,
0xbf,0x75,0xb4,0x75,0xcc,0x75,0xa1,0xeb,0xd8,0xeb,0x12,0xd6,0xa5,0xac,0x4b,0x5f,
0xc7,0x5f,0x27,0x5a,0x27,0x5d,0xa7,0x5e,0x67,0xb0,0x52,0xbb,0xae,0x69,0x5d,0xdb,
0xba,0xae,0x75,0x7d,0xeb,0x06,0xd7,0xdd,0x5b,0xf7,0x60,0xdd,0xa3,0x75,0x4f,0xd6,
0xcd,0xac,0x7b,0xbe,0xee,0xc5,0xba,0x97,0xeb,0x6c,0xd7,0x3b,0xac,0x77,0x5d,0xef,
0xb1,0xde,0x67,0xbd,0x9f,0x15,0xda,0x7a,0xe6,0xfa,0xd0,0xf5,0xec,0xf5,0x09,0xeb,
0x53,0xd6,0xa7,0xaf,0xe7,0xaf,0x17,0xad,0x17,0xaf,0x97,0xad,0x57,0xaf,0x37,0xac,
0xaf,0x5d,0xdf,0xb4,0xbe,0x0d,0xe8,0x5a,0xdf,0xb7,0x7e,0x70,0xfd,0xbd,0xf5,0x0f,
0xd6,0x4f,0xac,0x9f,0x5a,0x3f,0x63,0xe5,0xf9,0xfa,0x17,0xeb,0x5f,0xae,0xb7,0xb5,
0x75,0xb0,0x25,0xda,0x7a,0x58,0xf1,0xb1,0xf5,0xb3,0xa5,0xd9,0x32,0x6d,0x43,0x6d,
0xd9,0x56,0x12,0x6c,0x53,0x6c,0xd3,0x6d,0xf9,0xb6,0x22,0x5b,0xa9,0xad,0xda,0xd6,
0x60,0x5b,0x6b,0xdb,0x64,0xdb,0x66,0xdb,0x65,0xdb,0x67,0x3b,0x68,0x7b,0xcf,0xf6,
0x81,0xed,0x23,0xdb,0x27,0x56,0x66,0x6c,0x9f,0xdb,0xbe,0xb0,0x7d,0x69,0x6b,0x6b,
0xe7,0x60,0xe7,0x6a,0xe7,0x61,0xe7,0x63,0xe7,0x67,0x47,0xb3,0x63,0xda,0x85,0xda,
0xb1,0xed,0x12,0xec,0x52,0xec,0xd2,0xed,0xf8,0x76,0x22,0x3b,0xa9,0x9d,0xda,0xce,
0x60,0x57,0x67,0xd7,0xf0,0x0f,0xd3,0x62,0xd7,0xf1,0xdf,0x70,0xdd,0xae,0xff,0xaf,
0x62,0xc0,0x6e,0xc4,0x6e,0xdc,0x6e,0xca,0xce,0x6c,0x37,0x6f,0xb7,0x64,0xb7,0x62,
0x67,0xb7,0xc1,0x61,0x83,0xeb,0x06,0x8f,0x0d,0x3e,0x1b,0xfc,0x36,0xd0,0x36,0x30,
0x37,0x84,0x6e,0x60,0x6f,0x48,0xda,0x90,0xbe,0x21,0x67,0x83,0x74,0x83,0x76,0x43,
0xed,0x86,0x96,0x0d,0x5d,0x40,0xff,0x86,0x7b,0x1b,0x1e,0x6e,0x78,0xb2,0x61,0x66,
0xc3,0x73,0x2b,0x2f,0x36,0xbc,0xdc,0x60,0xbb,0xd1,0x61,0xa3,0xeb,0x46,0x8f,0x8d,
0x7b,0x37,0xd2,0x36,0x32,0x37,0x86,0x6e,0xe4,0x6c,0x4c,0xdc,0x98,0xba,0x31,0x7d,
0x23,0x7f,0xa3,0xc8,0x8a,0x74,0xa3,0x7a,0x63,0xf5,0xc6,0xa6,0x8d,0x6d,0x1b,0xbb,
0x36,0xf6,0x6d,0x1c,0x04,0xee,0x6d,0x7c,0xb0,0xf1,0xd1,0xc6,0x27,0x1b,0x67,0x36,
0x3e,0xdf,0xf8,0x62,0xe3,0xcb,0x8d,0xb6,0xf6,0x0e,0xf6,0xae,0xf6,0x1e,0xf6,0x3e,
0xf6,0x7e,0xf6,0x34,0x7b,0xa6,0x7d,0xa8,0x3d,0xdb,0x3e,0xc1,0x3e,0xc5,0x3e,0xdd,
0x9e,0x6f,0x2f,0xb2,0x97,0xda,0xab,0xed,0x0d,0xf6,0xb5,0xf6,0x4d,0x56,0xda,0xec,
0xbb,0xfe,0x80,0x3e,0xfb,0x41,0xfb,0x7b,0xf6,0x0f,0xec,0x1f,0xdb,0xcf,0xd8,0x2f,
0xd8,0xbf,0xb4,0xb7,0x25,0x38,0x10,0xdc,0x08,0x3e,0x04,0x3f,0x02,0xed,0x37,0x0a,
0x9d,0xc0,0x20,0x04,0x13,0x42,0x08,0x61,0x04,0x16,0x81,0x43,0x88,0x25,0x24,0x12,
0x92,0xfe,0x21,0x92,0x09,0x69,0x04,0x1e,0x41,0x48,0x90,0x10,0x14,0x04,0x2d,0xa0,
0x23,0x18,0x09,0x35,0x84,0x3a,0x42,0x23,0xa1,0xe9,0x57,0x4b,0x0b,0xa1,0x0d,0xe8,
0x20,0x5c,0xff,0x27,0xd3,0xf7,0x23,0x26,0xc2,0xe0,0xf7,0xdc,0xfd,0x91,0x61,0xc2,
0x97,0x84,0x87,0x84,0xc7,0x84,0x27,0x84,0x19,0xc2,0x73,0xc2,0x0b,0xe0,0x25,0x60,
0xbb,0xc9,0x61,0x93,0xdb,0xdf,0x81,0xd7,0xa6,0xbd,0x9b,0x28,0x9b,0x02,0x37,0x1d,
0xd8,0x14,0xbe,0x29,0xe1,0xef,0x20,0x65,0x53,0xfa,0x26,0xfe,0x26,0xd1,0x26,0xe9,
0x26,0xd9,0x26,0xc5,0x26,0xcd,0x26,0xfd,0xa6,0x0f,0x36,0x35,0x6e,0x6a,0xde,0xd4,
0xf2,0x37,0xd3,0xba,0xa9,0x7d,0x53,0xe7,0xa6,0xae,0x4d,0xdd,0x9b,0x7a,0x36,0xf5,
0x59,0x31,0x6d,0xea,0xff,0x23,0xee,0x6e,0xba,0x0f,0x3c,0xfc,0x9e,0xc7,0x3f,0xf2,
0x74,0xd3,0xdc,0xa6,0x85,0x3f,0xc9,0x77,0xff,0x20,0xe8,0x95,0xbf,0x05,0xfb,0x57,
0x9c,0x01,0xb7,0xef,0xf1,0xfa,0x91,0xbd,0xaf,0x50,0x5e,0x09,0xfc,0x1b,0x39,0xf0,
0x4a,0xf8,0xff,0x42,0x62,0x5e,0x49,0xfa,0x6f,0x38,0xfd,0x0a,0xf7,0x95,0x9c,0x57,
0x0a,0xad,0xc8,0x5f,0xd1,0x5a,0xa9,0x7e,0xa5,0xe1,0x95,0x96,0x57,0x3a,0x5e,0xb9,
0xfe,0x4a,0xbf,0x95,0xbb,0xaf,0xdc,0x7f,0xe5,0xe1,0x2b,0x8f,0x5f,0x79,0xfa,0xca,
0x9c,0x95,0x85,0x57,0xbe,0x7b,0x05,0x39,0xd8,0x3b,0x38,0x3b,0xb8,0x39,0x78,0x39,
0xec,0x75,0xa0,0x38,0x04,0x3a,0x1c,0x70,0x08,0xb7,0x12,0xe3,0x90,0xf4,0xab,0x26,
0xd9,0x21,0xe5,0x9f,0x48,0xaa,0x43,0xba,0x95,0x0c,0x07,0x9e,0x03,0x7f,0x8d,0xbf,
0x01,0x91,0x83,0xd4,0x41,0xed,0x60,0x70,0xa8,0xfd,0x5f,0x4c,0x9d,0x43,0xb3,0x43,
0xbb,0x43,0xb7,0x43,0xdf,0xff,0x32,0x06,0x81,0x7b,0x7f,0x91,0x07,0xff,0x34,0xd0,
0xda,0xe7,0x37,0xfe,0xf9,0x67,0x44,0xd5,0xa3,0x3f,0xe2,0x89,0x95,0x99,0x9f,0x89,
0xe7,0x0e,0x2f,0x1c,0x5e,0x3a,0xd8,0x3a,0x3a,0x38,0xba,0x3a,0x7a,0x38,0xfa,0xfc,
0x8b,0xe2,0xe7,0x48,0xfb,0x0b,0x30,0x1d,0x43,0x01,0xf6,0xaf,0x86,0x04,0x2b,0x29,
0x3f,0x0b,0xe9,0x8e,0x7c,0x47,0x91,0x15,0xe9,0x1a,0xff,0x82,0xa8,0xad,0x18,0x1c,
0x6b,0xff,0x02,0x4d,0x8e,0x6d,0xbf,0x28,0x5d,0xbf,0x20,0x7d,0x8e,0x83,0x8e,0xf7,
0x7e,0xb3,0x3c,0xf8,0x8d,0xf1,0xe8,0x0f,0x78,0xe2,0x38,0x03,0x3c,0x77,0xfc,0xee,
0x37,0x0e,0x7a,0xd5,0xfe,0x55,0xe7,0x35,0xfe,0x2c,0x6e,0x80,0xd7,0xab,0x7e,0xaf,
0xd2,0x7e,0x35,0xd0,0x5f,0x65,0xfe,0xa6,0x09,0x7e,0x35,0xf4,0x67,0x26,0xec,0x55,
0xce,0xab,0x09,0xff,0x54,0x12,0x5f,0x4d,0xfa,0x45,0x39,0xfd,0x27,0xe0,0xfe,0x48,
0xce,0x8f,0x14,0xfe,0x88,0xfc,0xcf,0xa2,0xfd,0x13,0x54,0x03,0x0d,0xaf,0xb6,0xbe,
0xda,0xf5,0xaa,0xe9,0xd5,0xbb,0x7f,0xc4,0xfd,0xbf,0x82,0x87,0x7f,0x82,0xc7,0x3f,
0xf2,0xf4,0x47,0xe6,0x7e,0x64,0xe1,0xcf,0xf2,0xdd,0xbf,0x30,0xc8,0x69,0x8d,0x5f,
0x07,0x36,0x4e,0xb6,0x7f,0x12,0x07,0xc0,0x15,0xf0,0x00,0x7c,0x00,0xbf,0xef,0xa1,
0xfd,0xec,0x30,0x81,0x50,0x2b,0x6c,0xa7,0x04,0x20,0x65,0x8d,0x7f,0x31,0x52,0x9d,
0xd2,0x9c,0x32,0x9c,0xb8,0x4e,0x3c,0x27,0x81,0x93,0xd0,0x49,0xec,0x24,0x71,0x92,
0x39,0x29,0x9c,0x34,0x4e,0x3a,0x27,0xa3,0x53,0x8d,0x53,0xad,0x53,0x9d,0x53,0xa3,
0x53,0xb3,0x53,0xab,0x53,0xbb,0x53,0xa7,0x53,0xb7,0x53,0x8f,0x93,0xc9,0x69,0xc0,
0x69,0xc8,0x69,0xd8,0x69,0xc4,0x69,0xd4,0x69,0xcc,0x69,0xdc,0x69,0xc2,0x69,0xd2,
0xe9,0x89,0xd3,0x94,0xd3,0xb4,0x93,0xd9,0xc9,0xe2,0x34,0xef,0xb4,0xe8,0xb4,0xe4,
0xb4,0xec,0xb4,0xe2,0x64,0xe3,0x6c,0xe7,0x4c,0x70,0x76,0x74,0x76,0x71,0x26,0x3a,
0xbb,0x3b,0x7b,0x3a,0x7b,0x3b,0x93,0x9c,0x7d,0x9d,0xc9,0xce,0x54,0x67,0xba,0x33,
0xc3,0x39,0xd8,0x39,0xc4,0x39,0xcc,0x99,0xe5,0xcc,0xfe,0xb3,0x70,0x9c,0x63,0x7e,
0x06,0x62,0x9d,0x13,0x9d,0x93,0x9d,0x53,0x9d,0xd3,0x9c,0x33,0x9c,0x79,0xce,0x02,
0x67,0xa1,0xb3,0xd8,0x59,0xe2,0x2c,0x73,0x56,0x38,0x6b,0x9c,0x75,0xce,0x46,0xe7,
0x1a,0xe7,0x3a,0xe7,0x46,0xe7,0x66,0xe7,0x56,0xe7,0x76,0xe7,0x4e,0xe7,0x6e,0xe7,
0x1e,0x67,0x93,0xf3,0x80,0xf3,0x90,0xf3,0xb0,0xf3,0x88,0xf3,0xa8,0xf3,0x98,0xf3,
0xb8,0xf3,0x84,0xf3,0xa4,0xf3,0x94,0xf3,0xb4,0xf3,0xcc,0xff,0x02,0x9e,0x3b,0xbf,
0x70,0x7e,0xe9,0x6c,0xeb,0xe2,0xe0,0xe2,0xea,0xe2,0xe1,0xe2,0xe3,0x42,0x71,0x61,
0xba,0x84,0xba,0xb0,0x5d,0x12,0x5c,0x52,0x5c,0xd2,0x5d,0xf8,0x2e,0x22,0x17,0xa9,
0x8b,0xda,0xc5,0xe0,0xd2,0xe0,0xd2,0xe6,0x72,0xdd,0x65,0xd0,0xe5,0x9e,0xcb,0x03,
0x97,0x47,0x2e,0x4f,0x5c,0xe6,0x5c,0x5e,0xb8,0xbc,0x74,0xb1,0xdd,0xec,0xb0,0xd9,
0x75,0xb3,0xc7,0x66,0x9f,0xcd,0x7e,0x9b,0x69,0x9b,0x99,0x9b,0x43,0x37,0xb3,0x37,
0x27,0x6c,0x4e,0xd9,0x9c,0xbe,0x99,0xbf,0x59,0xb4,0x59,0xbe,0xd9,0xb0,0xb9,0x76,
0x73,0xd3,0xe6,0xb6,0xcd,0x5d,0x9b,0xfb,0x36,0x0f,0x6e,0xbe,0xb7,0xf9,0xc1,0xe6,
0xc7,0x9b,0x67,0x36,0x3f,0xdf,0xfc,0x62,0xf3,0xcb,0xcd,0xb6,0x5b,0x1c,0xb6,0xb8,
0x6e,0xf1,0xd8,0xe2,0xb3,0xc5,0x6f,0x0b,0x6d,0x0b,0x73,0x4b,0xe8,0x16,0xf6,0x96,
0x84,0x2d,0x29,0x5b,0xd2,0xb7,0xf0,0xb7,0x88,0xb6,0xc8,0xb7,0x18,0xb6,0x34,0x6c,
0x69,0xdb,0x72,0x7d,0xcb,0xe0,0x96,0xfb,0x5b,0x1e,0x6d,0x79,0xb2,0x65,0x66,0xcb,
0xf3,0x2d,0x2f,0xb6,0xbc,0xdc,0x62,0xeb,0xea,0xe0,0xea,0xea,0xea,0xe5,0xea,0xe7,
0x4a,0x73,0x65,0xba,0x86,0xba,0xb2,0x5d,0x13,0x5c,0x53,0x5c,0xb9,0xae,0x22,0x57,
0xb9,0xab,0xc1,0xb5,0xc1,0xb5,0xcd,0xb5,0xcb,0xb5,0xcf,0x75,0xd0,0xf5,0x9e,0xeb,
0x03,0xd7,0x47,0xae,0x4f,0x5c,0x67,0x5c,0x9f,0xbb,0xbe,0x70,0x7d,0xe9,0x6a,0x4b,
0x74,0x20,0xba,0x12,0xbd,0x88,0x7e,0xc4,0x40,0x62,0x28,0x91,0x4d,0x4c,0x20,0xa6,
0x10,0xd3,0x89,0x7c,0xa2,0x88,0x28,0x25,0xaa,0x89,0x06,0x62,0x2d,0xb1,0x89,0xd8,
0x46,0xec,0x22,0xf6,0x11,0x07,0x89,0xf7,0x88,0x0f,0x88,0x8f,0x88,0x4f,0x88,0x33,
0xc4,0xe7,0xc4,0x17,0xc4,0x97,0x44,0xdb,0xad,0x0e,0x5b,0x5d,0xb7,0x7a,0x6c,0xf5,
0xd9,0xea,0xb7,0x95,0xbe,0xf5,0x9d,0xad,0xa1,0x3f,0xc2,0xde,0x9a,0xb0,0x35,0x65,
0x6b,0xfa,0xd6,0x9c,0xad,0xd2,0xad,0xda,0xad,0xb5,0x5b,0x5b,0xb6,0x76,0x6d,0xed,
0xdf,0x7a,0x6f,0xeb,0xc3,0xad,0x4f,0xb6,0xce,0x6d,0x7d,0xb1,0x15,0x6d,0x73,0xd8,
0xe6,0xb6,0xcd,0x67,0x1b,0x65,0x1b,0x73,0x5b,0xf8,0xb6,0x84,0x6d,0x29,0xdb,0xd2,
0xb7,0xf1,0xb7,0x89,0xb6,0x49,0xb7,0xa9,0xb7,0x55,0x6f,0x6b,0xda,0xd6,0xb1,0xad,
0x6f,0xdb,0xdd,0x6d,0x0f,0xb6,0x3d,0xde,0x36,0xb3,0x6d,0x61,0xdb,0xcb,0x6d,0xb6,
0x6e,0x0e,0x6e,0xae,0x6e,0x1e,0x6e,0x3e,0x6e,0x7e,0x6e,0x34,0x37,0xa6,0x5b,0xb8,
0x5b,0x82,0xdb,0x69,0x37,0xbe,0x5b,0xa1,0x9b,0xda,0xad,0xda,0xad,0xc9,0xad,0xc3,
0xad,0xcf,0xed,0xae,0xdb,0x03,0xb7,0xc7,0x6e,0x33,0x6e,0x0b,0x6e,0x2f,0xdd,0xec,
0xdd,0x5d,0xdd,0xbd,0xdc,0xfd,0xdc,0x69,0xee,0x4c,0xf7,0x50,0x77,0xb6,0x7b,0x92,
0x7b,0xba,0x7b,0x8e,0xbb,0xd4,0x5d,0xeb,0x5e,0xeb,0xde,0xe2,0xde,0xe5,0xde,0xef,
0x7e,0xcf,0xfd,0x81,0xfb,0x23,0xf7,0x27,0xee,0x33,0xee,0xcf,0xdd,0x5f,0xb8,0xbf,
0x74,0xb7,0xdd,0xfe,0x87,0x38,0x6c,0x77,0xdd,0xee,0xb5,0xdd,0x6f,0x7b,0xe0,0xf6,
0xd0,0xed,0x31,0xdb,0x53,0xb6,0xa7,0x6f,0xe7,0x6f,0x2f,0xdc,0xae,0xde,0x5e,0xbd,
0xbd,0x69,0x7b,0xc7,0xf6,0xbe,0xed,0x83,0xdb,0xef,0x6d,0x7f,0xb8,0xfd,0xc9,0xf6,
0xb9,0xed,0x2f,0xac,0xbc,0xdc,0x6e,0xfb,0x9a,0xf3,0x6b,0x1e,0xaf,0xed,0x7d,0x8d,
0x66,0x85,0xf9,0x5a,0xe8,0x6b,0x31,0xaf,0xa5,0xbc,0xc6,0x7d,0x4d,0xf4,0x9a,0xfc,
0x35,0xc3,0x6b,0xb5,0xaf,0x35,0xbd,0xd6,0xf1,0x5a,0xdf,0x6b,0x77,0x5f,0x7b,0xf0,
0xda,0xe3,0xd7,0x66,0x5e,0x7b,0xfe,0xda,0x8b,0xd7,0x90,0x87,0x83,0x87,0x9b,0x87,
0x8f,0x07,0xc5,0x83,0xe9,0x11,0xea,0xc1,0xf6,0x48,0xf2,0x48,0xf7,0xc8,0xf1,0x90,
0x7a,0x68,0x3d,0x6a,0x3d,0x9a,0x3c,0xda,0x3c,0xae,0x7b,0x0c,0x7a,0xdc,0xf7,0x78,
0x64,0xe5,0x89,0xc7,0x8c,0xc7,0x82,0xc7,0x4b,0x0f,0x7b,0x4f,0x57,0x2b,0x1e,0x9e,
0x3e,0x9e,0x14,0x4f,0xa6,0x67,0xb8,0x67,0x82,0xe7,0x69,0x4f,0x3e,0x20,0x02,0xe4,
0x80,0x01,0x68,0xf0,0x6c,0xf1,0xec,0xf0,0xec,0xf3,0xbc,0xeb,0xf9,0xc0,0xf3,0xb1,
0xe7,0x8c,0xe7,0x82,0xe7,0x77,0x9e,0x68,0x87,0xc3,0x0e,0xb7,0x1d,0x3e,0x3b,0x28,
0x3b,0x98,0x3b,0xc2,0x77,0xc4,0xec,0x48,0xda,0x71,0x7a,0x07,0x77,0x47,0xce,0x8e,
0xc2,0x1d,0xf2,0x1d,0xda,0x1d,0xd5,0x3b,0x1a,0x76,0xb4,0xec,0xe8,0xd8,0x71,0x7d,
0x47,0xbf,0x95,0x7b,0x3b,0x1e,0xee,0x78,0xba,0x63,0x61,0x07,0x7a,0xdd,0xf9,0x75,
0xaf,0xd7,0x29,0xaf,0x33,0x5f,0x0f,0x7f,0x3d,0xe9,0x75,0xee,0xeb,0x85,0xaf,0x6b,
0x5f,0x6f,0x78,0xbd,0xe3,0xf5,0xbe,0xd7,0xef,0xbe,0xfe,0xf0,0xf5,0xa7,0xaf,0x2f,
0xbc,0x8e,0xbc,0x9c,0xbd,0xbc,0xbc,0xfc,0xbc,0x02,0xbd,0xc2,0xbd,0x92,0xbc,0xb8,
0x5e,0x85,0x5e,0x5a,0xaf,0x06,0xaf,0x36,0xaf,0xeb,0x5e,0x77,0xbd,0x1e,0x7a,0x3d,
0xf5,0x5a,0xf0,0x42,0xde,0xce,0xde,0x1e,0xde,0x7b,0xbd,0x03,0xbd,0xc3,0xbd,0x93,
0xbc,0xb9,0xde,0x85,0xde,0x5a,0xef,0x6a,0xef,0x06,0xef,0x36,0xef,0x2e,0xef,0x7e,
0xe0,0xae,0xf7,0x03,0xef,0x47,0xde,0x4f,0xbc,0x67,0xbc,0x9f,0x7b,0x2f,0x79,0xbf,
0xf4,0xb6,0xd9,0x49,0xd8,0xb9,0x79,0xa7,0xdb,0x4e,0x9f,0x9d,0x7e,0x3b,0x03,0x81,
0x03,0x3b,0xd9,0x3b,0x13,0x76,0xa6,0xec,0x4c,0xdf,0xc9,0xdf,0x99,0xbf,0xb3,0x64,
0x67,0xd9,0x4e,0xc3,0xce,0xda,0x9d,0x4d,0x3b,0x3b,0x76,0xf6,0x59,0x19,0xdc,0x79,
0x7f,0xe7,0xc3,0x9d,0x8f,0x77,0x3e,0xdd,0x39,0xb7,0xf3,0x3f,0x77,0xfe,0xdf,0x9d,
0xff,0xef,0x4e,0xb4,0xcb,0x7e,0x97,0xf3,0x2e,0x8f,0x5d,0x7b,0x77,0x51,0x76,0x05,
0xee,0x3a,0xb0,0x8b,0xbd,0x2b,0x61,0x57,0xca,0xae,0xf4,0x5d,0xfc,0x5d,0xf9,0xbb,
0x4a,0x76,0xa9,0x77,0x69,0xad,0xd4,0xee,0x6a,0xda,0xd5,0x01,0x5c,0xdf,0x35,0xb8,
0xeb,0xde,0xae,0x07,0xbb,0x1e,0xed,0x7a,0xb2,0x6b,0x76,0x97,0x65,0xd7,0xc2,0xae,
0xff,0x0b,0xfc,0x3f,0xbb,0x96,0x77,0xad,0xec,0xb2,0xf1,0xb1,0xf3,0x21,0xf8,0x38,
0xfa,0xb8,0xf8,0x10,0x7d,0xdc,0x7d,0x3c,0x7e,0x82,0xa7,0x8f,0xd7,0x8f,0x78,0xfb,
0xec,0xfd,0x33,0xf8,0xfa,0x90,0x7d,0xe8,0x3e,0x07,0xfe,0x88,0x10,0x9f,0x50,0x2b,
0x61,0x3e,0x1c,0x9f,0x24,0x9f,0x64,0x9f,0x34,0x1f,0xfe,0xf7,0x08,0x7c,0x44,0x3e,
0x62,0x1f,0xe9,0x1f,0x21,0xf3,0xd1,0xf8,0x18,0x7d,0x6a,0xff,0x2c,0x75,0x3e,0x6d,
0x7f,0x40,0xbb,0x4f,0xc7,0x5f,0xa0,0xd3,0xa7,0xdb,0xe7,0x3a,0xd0,0xe3,0x63,0xf2,
0x19,0xf0,0x19,0xf2,0x19,0xf6,0x19,0xf1,0x19,0xf5,0x19,0xf3,0x19,0xf7,0x99,0xf0,
0x99,0xf4,0x99,0xf2,0x99,0xf6,0x31,0xfb,0x58,0x7c,0xe6,0x7d,0x16,0x7d,0x96,0x7c,
0x96,0x7d,0x56,0x7c,0x6c,0x48,0x76,0x24,0x02,0xc9,0x91,0xe4,0x42,0x22,0x92,0xdc,
0x49,0x1e,0x24,0x4f,0x92,0x37,0x89,0x44,0xf2,0x25,0x91,0x49,0x54,0x12,0x9d,0xc4,
0x20,0x05,0x93,0x42,0x48,0x61,0x24,0x16,0x89,0x43,0x8a,0x25,0x25,0x92,0x92,0x49,
0x29,0x7f,0x44,0x2a,0x29,0xfd,0x57,0x45,0x06,0x20,0x24,0xc9,0x48,0x0a,0x92,0x96,
0xa4,0x23,0xd5,0x91,0x5a,0x49,0x6d,0xa4,0x76,0x52,0x37,0xa9,0x87,0x64,0x22,0x0d,
0x90,0x86,0x48,0xc3,0xa4,0x11,0xd2,0x28,0x69,0x8c,0x34,0x4e,0x7a,0x44,0x9a,0x20,
0x4d,0x92,0x9e,0x02,0xd3,0x24,0x33,0xc9,0x42,0x9a,0x27,0x2d,0x92,0x5e,0x00,0x4b,
0xa4,0x15,0x12,0x61,0xb7,0xf3,0x6e,0x97,0xdd,0xae,0x80,0xdb,0x6e,0xf7,0xdd,0x1e,
0x80,0xd7,0x6e,0xdf,0xdd,0xe4,0xdd,0x94,0xdd,0xd4,0xdd,0xf4,0xdd,0x8c,0xdd,0xcc,
0xdd,0xc1,0xbb,0x43,0x76,0x87,0xed,0x66,0xed,0xe6,0xec,0x8e,0xdd,0x9d,0xb8,0x3b,
0x69,0x77,0xf2,0xee,0x8c,0xdd,0xbc,0xdd,0x82,0xdd,0xc2,0xdd,0xe2,0xdd,0x85,0xdf,
0x23,0xd9,0x2d,0xdb,0xad,0xd8,0xad,0xd9,0xad,0xdb,0x6d,0xf8,0x09,0xc6,0xdd,0x8d,
0xbb,0xdb,0x77,0x9b,0x76,0x0f,0xef,0x1e,0xdb,0x3d,0xb9,0xdb,0xbc,0x7b,0x71,0xf7,
0xca,0x6e,0xc2,0x1e,0xe2,0x1e,0xef,0x3d,0xe4,0x3d,0x8c,0x3d,0x61,0x7b,0x38,0x7b,
0x62,0xf7,0x24,0xef,0xc9,0xd8,0x23,0xd8,0x23,0xdc,0x23,0xd9,0xa3,0xd9,0x53,0xb7,
0xa7,0x79,0x4f,0xeb,0x9e,0xce,0x3d,0xa6,0x3d,0x03,0x7b,0x86,0xf6,0x0c,0xef,0x19,
0xd9,0x33,0xba,0x67,0x7c,0xcf,0xd4,0x1e,0xf3,0x1e,0xcb,0x9e,0xc5,0x3d,0x2b,0x7b,
0x1c,0xf7,0x12,0xf7,0xba,0xef,0xf5,0xde,0x4b,0xde,0x4b,0xdd,0x4b,0xdf,0xcb,0xd8,
0xcb,0xfc,0x2f,0x04,0xef,0x0d,0xff,0x8b,0xc4,0xec,0x4d,0xfa,0xab,0x38,0xfd,0x0f,
0xc1,0xdd,0x9b,0xb3,0xb7,0xf0,0x17,0x44,0xfe,0x23,0x5a,0x2b,0xd5,0x7f,0x23,0x0d,
0x40,0xcb,0x8f,0xb4,0xee,0xed,0xdc,0xdb,0xb7,0xd7,0xb4,0x77,0x68,0xef,0xfd,0xbf,
0xc8,0x43,0x2b,0x8f,0xad,0x3c,0x05,0xe6,0xfe,0x26,0x16,0x80,0xef,0xfe,0x24,0xc8,
0xd7,0xde,0xd7,0xd9,0xd7,0xcd,0xd7,0xcb,0xca,0x5e,0x5f,0x8a,0x95,0x40,0xdf,0x03,
0x7f,0x40,0xb8,0x6f,0x8c,0x95,0x24,0xdf,0xd3,0x56,0xb8,0xbe,0x39,0x3f,0x0b,0x85,
0xbe,0x72,0x5f,0xad,0x6f,0xf5,0x3f,0x9d,0x06,0xdf,0x16,0xdf,0x0e,0xdf,0xeb,0x7f,
0x40,0xbf,0xef,0x5d,0xdf,0xfb,0xbe,0x0f,0xff,0xc7,0x78,0xe4,0xfb,0x78,0x8d,0x35,
0x7e,0x21,0x26,0x7d,0xa7,0x7c,0xa7,0x7d,0xcd,0xbe,0x16,0xdf,0x79,0xdf,0x45,0xdf,
0x25,0xdf,0x65,0xdf,0x15,0x5f,0xbb,0x7d,0x8e,0xfb,0x88,0xfb,0x3c,0xf7,0x91,0xf6,
0x91,0xf7,0xd1,0xf7,0x05,0xef,0x0b,0xdb,0xc7,0xd9,0x97,0xb8,0x2f,0x6d,0x9f,0x60,
0x9f,0x64,0x9f,0x66,0x5f,0xcd,0xbe,0xe6,0x7d,0x9d,0xfb,0x4c,0xfb,0x86,0xf7,0x8d,
0xef,0x9b,0xde,0xb7,0xb8,0xcf,0xe6,0x0d,0x97,0x37,0xbc,0xdf,0xa0,0xbe,0x11,0xf2,
0x46,0xec,0x1b,0x69,0x6f,0x08,0xdf,0x90,0xbc,0xa1,0x78,0x43,0xf7,0x46,0xcd,0x1b,
0x8d,0x6f,0xb4,0xbe,0xd1,0xf9,0x46,0xcf,0x1b,0x03,0x6f,0x8c,0xbc,0x31,0xfe,0xc6,
0xd4,0x1b,0x96,0x37,0x96,0xde,0xb0,0xf1,0x73,0xf4,0x73,0xf7,0x23,0xf9,0x51,0xfd,
0x82,0xfd,0x58,0x7e,0x89,0x7e,0x69,0x7e,0x02,0x3f,0x89,0x9f,0xc6,0xaf,0xc6,0xaf,
0xd9,0xaf,0xd3,0xcf,0xe4,0x37,0xec,0x37,0xe6,0x37,0xe9,0x67,0xf6,0x5b,0xf4,0x5b,
0xf1,0x23,0x90,0x89,0x64,0x6f,0x32,0x99,0xcc,0x20,0x87,0x91,0x63,0xc9,0xa9,0x64,
0x1e,0x59,0x4c,0x96,0x90,0x65,0x64,0x05,0x59,0x43,0xd6,0x91,0x8d,0xe4,0x1a,0x72,
0x1d,0xb9,0x91,0xdc,0x4c,0x6e,0x25,0xb7,0x93,0x3b,0xc9,0xdd,0xe4,0x1e,0xb2,0x89,
0x3c,0x40,0x1e,0x22,0x0f,0x93,0x47,0xc8,0xa3,0xe4,0x31,0xf2,0x38,0x79,0x82,0x3c,
0x49,0x9e,0x22,0x4f,0x93,0xcd,0x64,0x0b,0x79,0x9e,0xbc,0x48,0x5e,0x22,0x2f,0x93,
0x57,0xc8,0x36,0xfe,0x76,0xfe,0x04,0x7f,0x47,0x7f,0x17,0x7f,0xa2,0xbf,0xbb,0xbf,
0xa7,0xbf,0xb7,0x3f,0xc9,0xdf,0xd7,0x9f,0xec,0x4f,0xf5,0xa7,0xfb,0x33,0xfc,0x83,
0xfd,0x43,0xfc,0xc3,0xfc,0xc3,0x7f,0x06,0x58,0xfe,0x49,0xff,0x52,0x24,0xfb,0x67,
0xf8,0x0b,0xfc,0x0b,0xff,0x85,0x90,0xaf,0xf1,0x0f,0xa1,0xf0,0xd7,0xf8,0x6b,0xd7,
0xf8,0x97,0x47,0xe7,0x6f,0x58,0x63,0x8d,0x7f,0x22,0x46,0xff,0xea,0x5f,0x05,0x35,
0xfe,0xb5,0x7f,0x86,0x3a,0xa0,0xd1,0xbf,0xd9,0xbf,0xd5,0xbf,0xdd,0xbf,0xd3,0xbf,
0xdb,0xbf,0xc7,0xdf,0xe4,0x3f,0xe0,0x3f,0xe4,0x3f,0xec,0x3f,0xe2,0x3f,0xea,0x3f,
0xe6,0x3f,0xee,0x3f,0xe1,0x3f,0xe9,0x3f,0xe5,0x3f,0xed,0x6f,0xf6,0xb7,0xf8,0xcf,
0xfb,0x2f,0xfa,0x2f,0xf9,0x2f,0xfb,0xaf,0xf8,0xdb,0x04,0xd8,0x05,0x10,0x02,0x1c,
0x03,0x5c,0x02,0x88,0x01,0xee,0x01,0x9e,0x01,0xde,0x01,0xa4,0x00,0xdf,0x00,0x72,
0x00,0x35,0x80,0x1e,0xc0,0x08,0x08,0x0e,0x08,0x09,0x08,0x0b,0x60,0x05,0x70,0x02,
0x62,0x03,0x12,0x03,0x92,0x03,0x52,0x03,0xd2,0x02,0x32,0x02,0x78,0x01,0x82,0x00,
0x61,0x80,0x38,0x40,0x12,0x20,0x0b,0x50,0x04,0x68,0x02,0x74,0x01,0xc6,0x80,0x9a,
0x80,0xba,0x80,0xc6,0x80,0xe6,0x80,0xd6,0x80,0xf6,0x80,0xce,0x80,0xee,0x80,0x9e,
0x00,0x53,0xc0,0x40,0xc0,0x50,0xc0,0x70,0xc0,0x48,0xc0,0x68,0xc0,0x58,0xc0,0x78,
0xc0,0x44,0xc0,0x64,0xc0,0x54,0xc0,0x74,0x80,0x39,0xc0,0x12,0x30,0x1f,0xb0,0x18,
0xb0,0x14,0xb0,0x1c,0xb0,0x12,0x60,0x43,0xb1,0xa3,0x10,0x28,0x8e,0x14,0x17,0x0a,
0x91,0xe2,0x4e,0xf1,0xa4,0x78,0x53,0x48,0xf0,0xa2,0x47,0xa6,0x50,0x29,0x74,0x0a,
0x83,0x12,0x4c,0x09,0xa1,0x84,0x51,0x58,0x14,0x0e,0x25,0x96,0x92,0x48,0x49,0xa6,
0xa4,0x52,0xd2,0x28,0x19,0x14,0x1e,0x45,0x40,0x11,0x52,0xc4,0x14,0x09,0x45,0x46,
0x51,0x50,0x34,0x14,0x1d,0xc5,0x48,0xa9,0xa1,0xd4,0x51,0x1a,0x29,0xcd,0x94,0x56,
0x4a,0x3b,0xa5,0x93,0xd2,0x4d,0xe9,0xa1,0x98,0x28,0x03,0x94,0x21,0xca,0x30,0x65,
0x84,0x32,0x4a,0x19,0xa3,0x8c,0x53,0x26,0x28,0x93,0x94,0x29,0xca,0x34,0xc5,0x4c,
0xb1,0x50,0xe6,0x29,0x8b,0x94,0x25,0xca,0x32,0x65,0x85,0x62,0x43,0xb5,0xa3,0x12,
0xa8,0x8e,0x54,0x17,0x2a,0x91,0xea,0x4e,0xf5,0xa4,0x7a,0x53,0x49,0x54,0x5f,0x2a,
0x99,0x4a,0xa5,0xd2,0xa9,0x0c,0x6a,0x30,0x35,0x84,0x1a,0x46,0x65,0x51,0x39,0xd4,
0x58,0x6a,0x22,0x35,0x99,0x9a,0x4a,0x4d,0xa3,0x66,0x50,0x79,0x54,0x01,0x55,0x48,
0x15,0x53,0x25,0x54,0x19,0x55,0x41,0xd5,0x50,0x75,0x54,0x23,0xb5,0x86,0x5a,0x47,
0x6d,0xa4,0x36,0x53,0x5b,0xa9,0xed,0xd4,0x4e,0x6a,0x37,0xb5,0x87,0x6a,0xa2,0x0e,
0x50,0x87,0xa8,0xc3,0xd4,0x11,0xea,0x28,0x75,0x8c,0x3a,0x4e,0x9d,0xa0,0x4e,0x52,
0xa7,0xa8,0xd3,0x54,0x33,0xd5,0x42,0x7d,0xfe,0x4f,0x60,0x1e,0x58,0xf8,0xc5,0x58,
0xa4,0xbe,0xa0,0x2e,0x51,0x97,0xa9,0x2b,0x54,0xf4,0xbb,0xbf,0x8c,0x3d,0xe0,0x0c,
0xb8,0x01,0x5e,0xc0,0x5e,0x80,0x02,0x04,0x02,0x07,0x80,0x70,0x20,0x06,0x48,0x02,
0x4e,0x5b,0xe1,0x02,0x39,0x40,0xe1,0x1f,0x20,0xff,0x9d,0x16,0xa8,0xfe,0x5d,0x03,
0xd0,0xf2,0xbb,0x0e,0xe0,0xfa,0xef,0xfa,0x81,0xbb,0xbf,0xbb,0xff,0x37,0xf1,0xf0,
0x27,0x8c,0xff,0x6e,0xf2,0x77,0x4f,0x01,0xcb,0xef,0x16,0xfe,0x2c,0xdf,0x01,0xe8,
0x4d,0xf4,0xa6,0x3d,0xe0,0x0c,0xb8,0x01,0x5e,0xc0,0x5e,0x80,0x02,0x04,0x02,0x07,
0x80,0x70,0x20,0xc6,0x4a,0x12,0x70,0x1a,0xe0,0xfe,0x01,0x39,0x6f,0x16,0x02,0xf2,
0x37,0xb5,0x40,0xf5,0x9b,0x0d,0x40,0xcb,0x9b,0x1d,0xc0,0xf5,0x37,0xfb,0xff,0x26,
0xee,0x5a,0xb9,0xff,0xe6,0xc3,0x37,0x1f,0xbf,0xf9,0xf4,0x7b,0x2c,0x6f,0x2e,0xfc,
0x02,0x2c,0xbe,0xb9,0xf4,0xe6,0xf2,0x9b,0x2b,0x6f,0xda,0xd0,0xec,0x68,0x04,0x9a,
0x23,0xcd,0x85,0x46,0xa4,0xb9,0xd3,0x3c,0x69,0xde,0x34,0x12,0xcd,0x97,0x46,0xa6,
0x51,0x69,0x74,0x1a,0x83,0x16,0x4c,0x0b,0xa1,0x85,0xd1,0x58,0x34,0x0e,0x2d,0x96,
0x96,0x48,0x4b,0xa6,0xa5,0xd2,0xd2,0x68,0x19,0x34,0x1e,0x4d,0x40,0x13,0xd2,0xc4,
0x34,0x09,0x4d,0x46,0x53,0xd0,0x34,0x34,0x1d,0xcd,0x48,0xab,0xa1,0xd5,0xd1,0x1a,
0x69,0xcd,0xb4,0x56,0x5a,0x3b,0xad,0x93,0xd6,0x4d,0xeb,0xa1,0x99,0x68,0x03,0xb4,
0x21,0xda,0x30,0x6d,0x84,0x36,0x4a,0x1b,0xa3,0x8d,0xd3,0x26,0x68,0x93,0xb4,0x29,
0xda,0x34,0xcd,0x4c,0xb3,0xd0,0xe6,0x69,0x8b,0xb4,0x25,0xda,0x32,0x6d,0x85,0x66,
0x43,0xb7,0xa3,0x13,0xe8,0x8e,0x74,0x17,0x3a,0x91,0xee,0x4e,0xf7,0xa4,0x7b,0xd3,
0x49,0x74,0x5f,0x3a,0x99,0x4e,0xa5,0xd3,0xe9,0x0c,0x7a,0x30,0x3d,0x84,0x1e,0x46,
0x67,0xd1,0x39,0xf4,0x58,0x7a,0x22,0x3d,0x99,0x9e,0x4a,0x4f,0xa3,0x67,0xd0,0xb9,
0x56,0x78,0x74,0x01,0x5d,0x48,0x17,0xd3,0x25,0x74,0x19,0x5d,0x41,0xd7,0xd0,0x75,
0x74,0x23,0xbd,0x86,0x5e,0x47,0x6f,0xa4,0x37,0xd3,0x5b,0x7e,0xe5,0xb4,0x02,0xdd,
0xf4,0x01,0xfa,0x08,0x7d,0x9c,0x3e,0x45,0xb7,0xd0,0x97,0xe8,0x36,0x6f,0x39,0xbe,
0xe5,0xfe,0x16,0xe9,0x2d,0xea,0x5b,0xc1,0x6f,0xb1,0xde,0x4a,0x7e,0x8b,0xf7,0x96,
0xe4,0x2d,0xdd,0x5b,0x8d,0x6f,0x75,0xbe,0x35,0xf0,0xd6,0xe8,0x5b,0x93,0x6f,0x59,
0xde,0x5a,0x7e,0x8b,0xf0,0xb6,0xfb,0xdb,0xbe,0x6f,0x33,0xde,0x4e,0x7c,0x9b,0xff,
0xb6,0xe0,0x6d,0xc9,0xdb,0x9a,0xb7,0x6b,0xde,0x6e,0x7e,0xbb,0xf3,0x6d,0xd3,0xdb,
0xc3,0x6f,0x8f,0xbd,0x3d,0xf9,0xb6,0xf9,0xed,0xc5,0xb7,0x57,0xde,0x26,0x04,0x12,
0x03,0xbd,0x03,0xc9,0x81,0x8c,0xc0,0xb0,0xc0,0xd8,0xc0,0xd4,0x40,0x5e,0xa0,0x38,
0x50,0x11,0x68,0x0c,0x6c,0x0c,0x6c,0x0f,0xec,0x09,0x1c,0x0a,0x1c,0x0d,0x9c,0x08,
0x9c,0x0e,0x9c,0x0f,0x5c,0x0e,0xb4,0x63,0xb8,0x30,0x3c,0x19,0xde,0x0c,0x12,0xc3,
0x97,0xe1,0xf7,0x47,0x90,0x19,0x0c,0x46,0x08,0x83,0xc5,0x88,0x65,0x24,0x33,0xd2,
0x18,0x3c,0x86,0x90,0x21,0x61,0x28,0x18,0x3a,0x46,0x0d,0xa3,0x91,0xd1,0xca,0xe8,
0x64,0xf4,0x30,0x4c,0x8c,0x01,0xc6,0x10,0x63,0x98,0x31,0xc2,0x18,0x65,0x8c,0x31,
0xc6,0x19,0x13,0x8c,0x49,0xc6,0x14,0x63,0x9a,0x61,0x66,0x58,0x18,0x8b,0x8c,0x65,
0x86,0x4d,0x10,0x21,0xc8,0x25,0xc8,0x3d,0xc8,0x3b,0xc8,0x37,0x88,0x1a,0xc4,0x08,
0x0a,0x09,0x62,0x05,0xc5,0x06,0x25,0x07,0x09,0x82,0x64,0x41,0xea,0x20,0x4d,0x90,
0x2e,0xc8,0x18,0x54,0x13,0x54,0x17,0xd4,0x18,0xd4,0x1c,0xd4,0x1a,0xd4,0x1e,0xd4,
0x19,0xd4,0x1d,0xd4,0x13,0x64,0x0a,0x1a,0x08,0x1a,0x0a,0x1a,0x0e,0x1a,0x09,0x1a,
0x0d,0x1a,0x0b,0x1a,0x0f,0x9a,0x08,0x9a,0x0c,0x9a,0x0a,0x9a,0x0e,0x32,0x07,0x59,
0x82,0xe6,0x83,0x16,0x83,0x96,0x82,0x96,0x83,0x56,0x82,0x6c,0xf6,0xdb,0xed,0x27,
0xec,0x77,0xdc,0xef,0xb2,0x9f,0xb8,0xdf,0x7d,0xbf,0xe7,0x7e,0xef,0xfd,0xa4,0xfd,
0xbe,0xfb,0xc9,0xfb,0xa9,0xfb,0xe9,0xfb,0x19,0xfb,0x83,0xf7,0x87,0xec,0x0f,0xdb,
0xcf,0xda,0x1f,0xbb,0x3f,0x79,0x7f,0xda,0x7e,0xde,0x7e,0xe1,0x7e,0xc9,0x7e,0xc5,
0x7e,0xdd,0xfe,0x9a,0xfd,0x8d,0xfb,0x5b,0xf7,0x77,0xee,0xef,0xd9,0x3f,0xb0,0x7f,
0x78,0xff,0xe8,0xfe,0xf1,0xfd,0x93,0xfb,0xa7,0xf7,0x5b,0xf6,0x2f,0xee,0x5f,0xde,
0x6f,0xc3,0x24,0x30,0x89,0x4c,0x6f,0x26,0x99,0x49,0x67,0x86,0x30,0x59,0xcc,0x44,
0x66,0x32,0x33,0x95,0x99,0xc6,0xcc,0x60,0xf2,0x98,0x02,0xa6,0x90,0x29,0x66,0x4a,
0x98,0x32,0xa6,0x82,0xa9,0x61,0xea,0x98,0x46,0x66,0x0d,0xb3,0x8e,0xd9,0xc8,0x6c,
0x66,0xb6,0x32,0xdb,0x99,0x9d,0xcc,0x6e,0x66,0x0f,0xd3,0xc4,0x1c,0x60,0x0e,0x31,
0x87,0x99,0x23,0xcc,0x51,0xe6,0x18,0x73,0x9c,0x39,0xc1,0x9c,0x64,0x4e,0x31,0xa7,
0x99,0x66,0xa6,0x85,0x39,0xcf,0x5c,0x64,0x2e,0x31,0x97,0x99,0x2b,0x4c,0x9b,0x60,
0xbb,0x60,0x42,0xb0,0x63,0xb0,0x4b,0xb0,0x3b,0x40,0x0e,0x0e,0x0e,0x8e,0x0d,0x4e,
0x0d,0x16,0x06,0xcb,0x82,0x75,0xc1,0xad,0xc1,0x3d,0xc1,0x43,0xc1,0xa3,0xc1,0x13,
0xc1,0xe6,0xe0,0xa5,0x60,0xbb,0x77,0x88,0xef,0x90,0xde,0xa1,0xbf,0x13,0xf6,0x4e,
0xea,0x3b,0x19,0xef,0xc8,0xde,0xa9,0x7b,0xa7,0xf3,0x9d,0x81,0x77,0xc6,0xdf,0xb1,
0xbc,0xb3,0xfc,0x8e,0xdd,0xbb,0x2e,0xef,0x7a,0xbf,0x4b,0x7d,0x37,0xec,0xdd,0xe4,
0x77,0x33,0xde,0x15,0xbe,0xab,0x78,0xd7,0xf8,0x6e,0xe3,0xbb,0xad,0xef,0x76,0xbe,
0x6b,0x7a,0x77,0xf8,0xdd,0xc9,0x77,0x2d,0xef,0xae,0xbc,0x4b,0x3c,0x40,0x3a,0x40,
0x3d,0x10,0x7c,0x20,0xf1,0x40,0xc6,0x01,0xd9,0x01,0xdd,0x81,0xe6,0x03,0x9d,0x07,
0x06,0x0e,0x8c,0x1c,0x98,0x38,0x60,0x39,0xb0,0x7c,0xc0,0x31,0xc4,0x33,0x84,0x14,
0xc2,0x08,0x09,0x0b,0x89,0x0d,0x49,0x0b,0x11,0x84,0x48,0x42,0x34,0x21,0x8d,0x21,
0x9d,0x21,0x3d,0x21,0xa3,0x21,0x13,0x21,0x96,0x90,0xe5,0x10,0xc2,0x41,0xe2,0x41,
0xef,0x83,0xd4,0x83,0x8c,0x83,0xac,0x83,0xa9,0x07,0x33,0x0e,0xca,0x0e,0xea,0x0e,
0xd6,0x1c,0x6c,0x3c,0xd8,0x7a,0xb0,0xf3,0x60,0xcf,0xc1,0x81,0x83,0xc3,0x07,0x47,
0x0f,0x8e,0x1f,0x9c,0x3c,0x68,0x3e,0xb8,0x78,0x70,0xe5,0x20,0xe1,0x10,0xf1,0x90,
0xf7,0x21,0xf2,0x21,0xc6,0xa1,0xb0,0x43,0xb1,0x87,0x52,0x0f,0xf1,0x0e,0x89,0x0f,
0x29,0x0e,0x19,0x0f,0x35,0x1e,0x6a,0x3d,0xd4,0x79,0xc8,0x74,0x68,0xe8,0xd0,0xc8,
0xa1,0xb1,0x43,0x93,0x87,0xcc,0x87,0xe6,0x0f,0x2d,0x1d,0x5a,0x39,0x64,0x17,0xea,
0x18,0xea,0x19,0x4a,0x0a,0x25,0x87,0xd2,0x43,0x83,0x43,0xc3,0x42,0x39,0xa1,0x89,
0xa1,0xa9,0xa1,0xbc,0x50,0x49,0xa8,0x22,0x54,0x17,0x5a,0x13,0xda,0x18,0xda,0x1a,
0xda,0x19,0xda,0x13,0x3a,0x14,0x3a,0x1a,0x3a,0x11,0x3a,0x1d,0x6a,0x09,0x5d,0x0c,
0x5d,0x0e,0xb5,0x09,0x23,0x84,0xb9,0x84,0xb9,0x87,0x79,0x87,0xf9,0x86,0x51,0xc3,
0x82,0xc3,0x58,0x61,0xb1,0x61,0xa9,0x61,0xbc,0x30,0x71,0x98,0x2c,0x4c,0x17,0x56,
0x17,0xd6,0x1e,0xd6,0x1d,0x36,0x10,0x36,0x12,0x36,0x1e,0x36,0x15,0xb6,0x18,0x46,
0x38,0xec,0x72,0xd8,0xfd,0xb0,0xf7,0x61,0xdf,0xc3,0xd4,0xc3,0x8c,0xc3,0x21,0x87,
0x59,0x87,0x63,0x0f,0x27,0x1f,0x4e,0x3b,0xcc,0x3b,0x2c,0x3c,0x2c,0x39,0xac,0x38,
0xac,0x3b,0x5c,0x73,0xb8,0xf1,0x70,0xe7,0xe1,0x9e,0xc3,0x03,0x87,0x87,0x0f,0x8f,
0x1f,0x9e,0x3a,0x6c,0x3e,0x3c,0x7f,0x78,0xe9,0xf0,0xca,0x61,0xbb,0x23,0x8e,0x47,
0x88,0x47,0x3c,0x8f,0x90,0x8e,0x90,0x8f,0x30,0x8e,0x84,0x1c,0x61,0x1d,0x49,0x3c,
0x92,0x76,0x84,0x77,0x44,0x72,0x44,0x73,0xc4,0x78,0xa4,0xee,0x48,0xf3,0x91,0xf6,
0x23,0x3d,0x47,0x86,0x8e,0x8c,0x1c,0x19,0x3b,0x32,0x71,0x64,0xea,0x88,0xf9,0xc8,
0xfc,0x91,0xa5,0x23,0x2b,0x47,0xec,0xc2,0x5d,0xc2,0x3d,0xc3,0x7d,0xc3,0xe9,0xe1,
0x21,0xe1,0x9c,0xf0,0xe4,0xf0,0x8c,0x70,0x61,0xb8,0x2c,0x5c,0x17,0x5e,0x17,0xde,
0x1a,0xde,0x1d,0x3e,0x10,0x3e,0x12,0x3e,0x1e,0x3e,0x15,0x6e,0x09,0x5f,0x0a,0xb7,
0x61,0x39,0xb2,0xdc,0xd6,0xf8,0x3b,0x71,0x67,0x79,0xb2,0xbc,0xd6,0xf8,0x15,0xe0,
0xcd,0xf2,0xf9,0x8d,0x43,0x62,0xf9,0xb2,0xc8,0x2c,0x2a,0x8b,0x66,0x85,0xce,0x62,
0xb0,0x98,0xff,0x12,0x04,0xb3,0x42,0x58,0x61,0x2c,0x16,0x8b,0xfd,0x5f,0xe0,0xb0,
0x62,0xd6,0xf8,0x9b,0x48,0x60,0x25,0xb1,0x52,0x58,0xa7,0x59,0xe9,0x2c,0x2e,0x8b,
0xcf,0xca,0x61,0x89,0x58,0x85,0x2c,0x29,0x4b,0xce,0x52,0xb3,0xb4,0x2c,0x03,0xab,
0x9a,0x55,0xcb,0x6a,0x60,0x35,0xb1,0x5a,0x58,0x6d,0xac,0x0e,0x56,0x17,0xeb,0x3a,
0xab,0x8f,0xd5,0xcf,0x1a,0x64,0xdd,0x65,0xdd,0x63,0xdd,0x67,0x3d,0x60,0x3d,0x64,
0x3d,0x62,0x3d,0x66,0x3d,0x61,0x3d,0x65,0xcd,0xb0,0xe6,0x58,0xcf,0x59,0x0b,0xac,
0x17,0xac,0xef,0x58,0x2f,0x59,0x28,0xc2,0x36,0xc2,0x3e,0xc2,0x21,0xc2,0x39,0xc2,
0x35,0xc2,0x2d,0xc2,0x23,0xc2,0x2b,0xc2,0x27,0x62,0x6f,0x84,0x5f,0x04,0x25,0x82,
0x16,0x11,0x18,0xc1,0x8c,0x38,0x10,0x11,0x1a,0x11,0x1e,0xc1,0x8e,0x88,0x89,0x48,
0x88,0x48,0x8a,0x48,0x89,0x38,0x1d,0x91,0x1e,0xc1,0x8d,0xe0,0x47,0xe4,0x44,0x88,
0x22,0x0a,0x23,0xa4,0x11,0xf2,0x08,0x75,0x84,0x36,0xc2,0x10,0x51,0x1d,0x51,0x1b,
0xd1,0x10,0xd1,0x14,0xd1,0x12,0xd1,0x16,0xd1,0x11,0xd1,0x15,0x71,0x3d,0xa2,0x2f,
0xa2,0x3f,0x62,0x30,0xe2,0x6e,0xc4,0xbd,0x88,0xfb,0x11,0x0f,0x22,0x1e,0x46,0x3c,
0x8a,0x78,0x1c,0xf1,0x24,0xe2,0x69,0xc4,0x4c,0xc4,0x5c,0xc4,0xf3,0x88,0x85,0x88,
0x17,0x11,0xdf,0x45,0xbc,0x8c,0x40,0x91,0xb6,0x91,0xf6,0x91,0x0e,0x91,0xce,0x91,
0xae,0x91,0x6e,0x91,0x1e,0x91,0x5e,0x91,0x3e,0x91,0x7b,0x23,0xfd,0x22,0x29,0x91,
0xb4,0xc8,0xc0,0x48,0x66,0xe4,0x81,0xc8,0xd0,0xc8,0xf0,0x48,0x76,0x64,0x4c,0x64,
0x42,0x64,0x52,0x64,0x4a,0xe4,0xe9,0xc8,0xf4,0x48,0x6e,0x24,0x3f,0x32,0x27,0x52,
0x14,0x59,0x18,0x29,0x8d,0x94,0x47,0xaa,0x23,0xb5,0x91,0x86,0xc8,0xea,0xc8,0xda,
0xc8,0x86,0xc8,0xa6,0xc8,0x96,0xc8,0xb6,0xc8,0x8e,0xc8,0xae,0xc8,0xeb,0x91,0x7d,
0x91,0xfd,0x91,0x83,0x91,0x77,0x23,0xef,0x45,0xde,0x8f,0x7c,0x10,0xf9,0x30,0xf2,
0x51,0xe4,0xe3,0xc8,0x27,0x91,0x4f,0x23,0x67,0x22,0xe7,0x22,0x9f,0x47,0x2e,0x44,
0xbe,0x88,0xfc,0x2e,0xf2,0x65,0x24,0x62,0xdb,0xb2,0xed,0xd9,0x0e,0x6c,0x67,0xb6,
0x2b,0xdb,0x8d,0xed,0xc1,0xf6,0x62,0xfb,0xb0,0xf7,0xb2,0xfd,0xd8,0x14,0x36,0x8d,
0x1d,0xc8,0x66,0xb2,0x0f,0xb0,0x43,0xd9,0xe1,0x6c,0x36,0x3b,0x86,0x9d,0xc0,0x4e,
0x62,0xa7,0xb0,0x4f,0xb3,0xd3,0xd9,0x5c,0x36,0x9f,0x9d,0xc3,0x16,0xb1,0x0b,0xd9,
0x52,0xb6,0x9c,0xad,0x66,0x6b,0xd9,0x06,0x76,0x35,0xbb,0x96,0xdd,0xc0,0x6e,0x62,
0xb7,0xb0,0xdb,0xd8,0x1d,0xec,0x2e,0xf6,0x75,0x76,0x1f,0xbb,0x9f,0x3d,0xc8,0xbe,
0xcb,0xbe,0xc7,0xbe,0xcf,0x7e,0xc0,0x7e,0xc8,0x7e,0xc4,0x7e,0xcc,0x7e,0xc2,0x7e,
0xca,0x9e,0x61,0xcf,0xb1,0x9f,0xb3,0x17,0xd8,0x2f,0xd8,0xdf,0xb1,0x5f,0xb2,0x11,
0xc7,0x96,0x63,0xcf,0x71,0xe0,0x38,0x73,0x5c,0x39,0x6e,0x1c,0x0f,0x8e,0x17,0xc7,
0x87,0xb3,0x97,0xe3,0xc7,0xa1,0x70,0x68,0x9c,0x40,0x0e,0x93,0x73,0x80,0x13,0xca,
0x09,0xe7,0xb0,0x39,0x31,0x40,0x02,0x27,0x89,0x93,0xc2,0x39,0xcd,0x49,0xe7,0x70,
0x39,0x7c,0x4e,0x0e,0x47,0xc4,0x29,0xe4,0x48,0x39,0x72,0x8e,0x9a,0xa3,0xb5,0x62,
0x00,0xaa,0xad,0xd4,0x72,0x1a,0x38,0x4d,0x9c,0x16,0x4e,0x1b,0xa7,0x83,0xd3,0xc5,
0xb9,0xce,0xe9,0xe3,0xf4,0x03,0x83,0xc0,0x5d,0x2b,0xf7,0x38,0xf7,0xbf,0xe7,0x01,
0xe7,0x21,0xe7,0x11,0xe7,0x31,0xe7,0x09,0xe7,0x29,0x67,0x86,0x33,0xc7,0x79,0xce,
0x59,0xe0,0xbc,0xe0,0x7c,0xc7,0x79,0xc9,0x41,0x51,0xb6,0x51,0xf6,0x51,0x0e,0x51,
0xce,0x51,0xae,0x51,0x6e,0x51,0x1e,0x51,0x5e,0x51,0x3e,0x51,0x7b,0xa3,0xfc,0xa2,
0x28,0x51,0xb4,0xa8,0xc0,0x28,0x66,0xd4,0x81,0xa8,0xd0,0xa8,0xf0,0x28,0x76,0x54,
0x4c,0x54,0x42,0x54,0x52,0x54,0x4a,0xd4,0xe9,0xa8,0xf4,0x28,0x6e,0x14,0x3f,0x2a,
0x27,0x4a,0x14,0x55,0x18,0x25,0x8d,0x92,0x47,0xa9,0xa3,0xb4,0x51,0x86,0xa8,0xea,
0xa8,0xda,0xa8,0x86,0xa8,0xa6,0xa8,0x96,0xa8,0xb6,0xa8,0x8e,0xa8,0xae,0xa8,0xeb,
0x51,0x7d,0x51,0xfd,0x51,0x83,0x51,0x77,0xa3,0xee,0x45,0xdd,0x8f,0x7a,0x10,0xf5,
0x30,0xea,0x51,0xd4,0x63,0x2b,0x4f,0xa2,0x9e,0x46,0xcd,0x44,0xcd,0x45,0x3d,0x8f,
0x5a,0x88,0x7a,0x11,0xf5,0x5d,0xd4,0xcb,0x28,0x14,0x6d,0x1b,0x6d,0x1f,0xed,0x10,
0xed,0x1c,0xed,0x1a,0xed,0x16,0xed,0x11,0xed,0x15,0xed,0x13,0xbd,0x37,0xda,0x2f,
0x9a,0x12,0x4d,0x8b,0x0e,0x8c,0x66,0x46,0x1f,0x88,0x0e,0x8d,0x0e,0x8f,0x66,0x47,
0xc7,0x44,0x27,0x44,0x27,0x45,0xa7,0x44,0x9f,0x8e,0x4e,0x8f,0xe6,0x46,0xf3,0xa3,
0x73,0xa2,0x45,0xd1,0x85,0xd1,0xd2,0x68,0x79,0xb4,0x3a,0x5a,0x1b,0x6d,0x88,0xae,
0x8e,0xae,0x8d,0x6e,0x88,0x6e,0x8a,0x6e,0x89,0x6e,0x8b,0xee,0x88,0xee,0x8a,0xbe,
0x1e,0xdd,0x17,0xdd,0x1f,0x3d,0x18,0x7d,0x37,0xfa,0x5e,0xf4,0xfd,0xe8,0x07,0xd1,
0x0f,0xa3,0x1f,0x45,0x3f,0x8e,0x7e,0x12,0xfd,0x34,0x7a,0x26,0x7a,0x2e,0xfa,0x79,
0xf4,0x42,0xf4,0x8b,0xe8,0xef,0xa2,0x5f,0x46,0xa3,0x18,0xdb,0x18,0xfb,0x18,0x87,
0x18,0xe7,0x18,0xd7,0x18,0xb7,0x18,0x8f,0x18,0xaf,0x18,0x9f,0x98,0xbd,0x31,0x7e,
0x31,0x94,0x18,0x5a,0x4c,0x60,0x0c,0x33,0xe6,0x40,0x4c,0x68,0x4c,0x78,0x0c,0x3b,
0x26,0x26,0x26,0x21,0x26,0x29,0x26,0x25,0xe6,0x74,0x4c,0x7a,0x0c,0x37,0x86,0x1f,
0x93,0x13,0x23,0x8a,0x29,0x8c,0x91,0xc6,0xc8,0x7f,0x46,0x14,0x80,0x2e,0xa6,0x26,
0xa6,0x31,0xa6,0x3d,0xa6,0x27,0x66,0x20,0xe6,0xee,0x9f,0x61,0x38,0x66,0x34,0x66,
0x3c,0x66,0x32,0x66,0x3a,0x66,0xee,0x27,0x2c,0x00,0xcb,0x31,0x2b,0x31,0x36,0xb1,
0x76,0xb1,0x84,0x58,0xc7,0x58,0x97,0x58,0x62,0xac,0x7b,0xac,0x67,0xac,0x57,0xec,
0xde,0x58,0x4a,0x2c,0x33,0x36,0x3c,0x36,0x26,0x36,0x29,0xf6,0x74,0x2c,0x37,0x36,
0x27,0xb6,0x30,0x56,0x1e,0xab,0x8d,0xad,0x06,0x1a,0x62,0x5b,0x62,0x3b,0x62,0xaf,
0xc7,0xf6,0x03,0x77,0x81,0xfb,0xb1,0x0f,0x81,0xc7,0xb1,0x4f,0x81,0xb9,0xd8,0x85,
0xd8,0xef,0x62,0x51,0x9c,0x7d,0x9c,0x73,0x9c,0x5b,0x9c,0x57,0x9c,0x6f,0x1c,0x35,
0x8e,0x1e,0xc7,0x88,0x0b,0x8e,0x0b,0x89,0x0b,0x8b,0x63,0xc5,0x71,0xe2,0x62,0xe3,
0x12,0xe3,0x92,0xe3,0x52,0xe3,0xd2,0xe2,0x32,0xe2,0x78,0x71,0x82,0x38,0x61,0x9c,
0x38,0x4e,0x12,0x27,0x8b,0x53,0xc4,0x69,0xe2,0x74,0x71,0xc6,0xb8,0x9a,0xb8,0xba,
0xb8,0xc6,0xb8,0xe6,0xb8,0xd6,0xb8,0xf6,0xb8,0xce,0xb8,0xee,0xb8,0x9e,0x38,0x53,
0xdc,0x40,0xdc,0x50,0xdc,0x70,0xdc,0x48,0xdc,0x68,0xdc,0x58,0xdc,0x78,0xdc,0x44,
0xdc,0x64,0xdc,0x54,0xdc,0x74,0x9c,0x39,0xce,0x12,0x37,0x1f,0xb7,0x18,0xb7,0x14,
0xb7,0x1c,0xb7,0x12,0x67,0x13,0x6f,0x17,0x4f,0x88,0x77,0x8c,0x77,0x89,0x27,0xc6,
0xbb,0xc7,0x7b,0xc6,0x7b,0xc7,0x93,0xe2,0x7d,0xe3,0xc9,0xf1,0xd4,0x78,0x7a,0x3c,
0x23,0x3e,0x38,0x3e,0x24,0x3e,0x2c,0x9e,0x15,0xcf,0x89,0x8f,0x8d,0x4f,0x8c,0x4f,
0x8e,0x4f,0x8d,0x4f,0x8b,0xcf,0x88,0xe7,0xc5,0x0b,0xe2,0x85,0xf1,0xe2,0x78,0x49,
0xbc,0x2c,0x5e,0x11,0xaf,0x8b,0xaf,0x89,0xaf,0x8b,0x6f,0x8c,0x6f,0x8e,0x6f,0x8d,
0x6f,0x8f,0xef,0x8c,0xef,0x8e,0xef,0x89,0x37,0xc5,0x0f,0xc4,0x0f,0xc7,0xdf,0xff,
0x87,0x19,0x8d,0x1f,0x8b,0x1f,0x8f,0x9f,0x88,0x9f,0x8c,0x9f,0x8a,0x9f,0x8e,0x37,
0xc7,0x5b,0xe2,0xe7,0xe3,0x17,0xe3,0x97,0xe3,0x57,0xe2,0x6d,0x12,0xec,0x12,0x08,
0x09,0x8e,0x09,0x2e,0x09,0xc4,0x04,0xf7,0x04,0xcf,0x04,0xef,0x04,0x52,0x82,0x6f,
0x02,0x3d,0x21,0x24,0x81,0x93,0x90,0x9c,0x90,0x91,0x20,0x4c,0x90,0x25,0xe8,0x12,
0xea,0x12,0x5a,0x13,0xba,0x13,0x06,0x12,0x46,0x12,0xc6,0x13,0xa6,0x12,0x2c,0x09,
0x4b,0x09,0x36,0x89,0x76,0x89,0x84,0x44,0xc7,0x44,0x17,0xc0,0x33,0xd1,0x37,0x91,
0x9e,0x18,0x92,0xc8,0x49,0x4c,0x4c,0x4c,0x4d,0xcc,0x48,0x14,0x24,0x8a,0x13,0x65,
0x89,0x9a,0x44,0x63,0x62,0x5d,0x62,0x73,0x62,0x7b,0x62,0x77,0xa2,0x29,0x71,0x28,
0x71,0x24,0x71,0x2c,0x71,0x22,0x71,0x2a,0xd1,0x9c,0x38,0x9f,0xb8,0x94,0xb8,0x92,
0x68,0x77,0xd4,0xf1,0x28,0xf1,0xa8,0xe7,0x51,0xd2,0x51,0xf2,0x51,0xfa,0xd1,0xe0,
0xa3,0x61,0x47,0x39,0x47,0x13,0x8f,0xa6,0x1e,0xcd,0x38,0x2a,0x38,0x2a,0x3e,0x2a,
0x3b,0xaa,0x39,0x6a,0x3c,0x5a,0x77,0xb4,0xf9,0x68,0xfb,0xd1,0xee,0xa3,0xa6,0xa3,
0x43,0x47,0x47,0x8e,0x8e,0x1d,0x9d,0x38,0x3a,0x75,0xd4,0x7c,0x74,0xfe,0xe8,0xd2,
0xd1,0x95,0xa3,0x76,0xc7,0x1c,0x8f,0x11,0x8f,0x79,0x1e,0x23,0x1d,0x23,0x1f,0xa3,
0x1f,0x0b,0x3e,0x16,0x76,0x8c,0x73,0x2c,0xf1,0x58,0xea,0xb1,0x8c,0x63,0x82,0x63,
0xe2,0x63,0xb2,0x63,0x9a,0x63,0xc6,0x63,0x75,0xc7,0x9a,0x8f,0xb5,0x1f,0xeb,0x3e,
0x66,0x3a,0x36,0x74,0x6c,0xe4,0xd8,0xd8,0xb1,0x89,0x63,0x53,0xc7,0xcc,0xc7,0xe6,
0x8f,0x2d,0x1d,0x5b,0x39,0x66,0x97,0xe4,0x98,0x44,0x4c,0xf2,0x4e,0x22,0x27,0x31,
0x92,0xc2,0x92,0x62,0x93,0x52,0x93,0x78,0x49,0xe2,0x24,0x45,0x92,0x31,0xa9,0x31,
0xa9,0x3d,0xa9,0x3b,0xc9,0x94,0x34,0x94,0x34,0x92,0x34,0x96,0x34,0x91,0x34,0x95,
0x64,0x4e,0x9a,0x4f,0x5a,0x4a,0x5a,0x49,0xb2,0x4b,0x76,0x4c,0x26,0x26,0x7b,0x26,
0x93,0x92,0xc9,0xc9,0xf4,0xe4,0xe0,0xe4,0xb0,0x64,0x4e,0x72,0x62,0x72,0x6a,0x72,
0x46,0xb2,0x20,0x59,0x9c,0x2c,0x4b,0xd6,0x24,0x1b,0x93,0xeb,0x92,0x9b,0x93,0xdb,
0x93,0xbb,0x93,0x4d,0xc9,0x43,0xc9,0x23,0xc9,0x63,0xc9,0x13,0xc9,0x53,0xc9,0xe6,
0xe4,0xf9,0xe4,0xa5,0xe4,0x95,0x64,0xbb,0xe3,0x8e,0xc7,0xdd,0x8f,0x93,0x8e,0x53,
0x8f,0x07,0x1f,0x67,0x1d,0x8f,0x3d,0x9e,0x7c,0x3c,0xed,0x38,0xef,0xb8,0xf0,0xb8,
0xe4,0xb8,0xe2,0xb8,0xee,0x78,0xcd,0xf1,0xc6,0xe3,0xad,0xc7,0x3b,0x8f,0xf7,0x1c,
0x1f,0x38,0x3e,0x7c,0x7c,0xf4,0xf8,0xf8,0xf1,0xc9,0xe3,0xd3,0xc7,0x2d,0xc7,0x17,
0x8f,0x2f,0x1f,0xb7,0x39,0x41,0x38,0xe1,0x72,0xc2,0xfd,0x84,0xf7,0x09,0xdf,0x13,
0xd4,0x13,0x8c,0x13,0x21,0x27,0x58,0x27,0x62,0x4f,0x24,0x9f,0x48,0x3b,0xc1,0x3b,
0x21,0x3c,0x21,0x39,0xa1,0x38,0xa1,0x3b,0x51,0x73,0xa2,0xf1,0x44,0xeb,0x89,0xce,
0x13,0x3d,0x27,0x06,0x4e,0x0c,0x9f,0x18,0x3d,0x31,0x7e,0x62,0xf2,0xc4,0xf4,0x09,
0xcb,0x89,0xc5,0x13,0xcb,0x27,0x6c,0x52,0x08,0x29,0x2e,0x29,0xee,0x29,0xde,0x29,
0xbe,0x29,0xd4,0x14,0x46,0x4a,0x48,0x0a,0x2b,0x25,0x36,0x25,0x39,0x25,0x2d,0x45,
0x90,0x22,0x49,0x51,0xa4,0xe8,0x52,0x6a,0x52,0x1a,0x53,0x5a,0x53,0x3a,0x53,0x7a,
0x52,0x06,0x52,0x86,0x53,0x46,0x53,0xc6,0x53,0x26,0x53,0xa6,0x53,0x2c,0x29,0x8b,
0x29,0xcb,0x29,0x36,0xa9,0x8e,0xa9,0xee,0xa9,0xa4,0x54,0x72,0x2a,0x3d,0x35,0x38,
0x35,0x2c,0x95,0x93,0x9a,0x98,0x9a,0x9a,0x9a,0x91,0x2a,0x48,0x15,0xa7,0xca,0x00,
0x4d,0xaa,0x31,0xb5,0x2e,0xb5,0x39,0xb5,0x3d,0xb5,0x3b,0xd5,0x94,0x3a,0x94,0x3a,
0x92,0x3a,0x96,0x3a,0x91,0x3a,0x95,0x6a,0x4e,0x9d,0x4f,0x5d,0x4a,0x5d,0x49,0xb5,
0x3b,0xe9,0x78,0x92,0x78,0xd2,0xf3,0x24,0xe9,0x24,0xf9,0x24,0xfd,0x64,0xf0,0xc9,
0xb0,0x93,0x9c,0x93,0x89,0x27,0x53,0x4f,0x66,0x9c,0x14,0x9c,0x14,0x9f,0x94,0x9d,
0xd4,0x9c,0x34,0x9e,0xac,0x3b,0xd9,0x7c,0xb2,0xfd,0x64,0xf7,0x49,0xd3,0xc9,0xa1,
0x93,0x23,0x27,0xc7,0x4e,0x4e,0x9c,0x9c,0x3a,0x69,0x3e,0x39,0x7f,0x72,0xe9,0xe4,
0xca,0x49,0xbb,0x53,0x8e,0xa7,0x88,0xa7,0x3c,0x4f,0x91,0x4e,0x91,0x4f,0xd1,0x4f,
0x05,0x9f,0x0a,0x3b,0xc5,0x39,0x95,0x78,0x2a,0xf5,0x54,0xc6,0x29,0xfe,0x5f,0x81,
0xe0,0x94,0xe4,0x94,0xe6,0x54,0xcd,0xa9,0xe6,0x53,0x9d,0xa7,0x4c,0xa7,0x86,0x4f,
0x8d,0x9d,0x9a,0x3c,0x65,0x3e,0xb5,0x78,0x6a,0xe5,0x14,0xe1,0x34,0xf1,0xb4,0xf7,
0x69,0xf2,0x69,0xc6,0xe9,0xb0,0xd3,0xb1,0xa7,0x53,0x4f,0xf3,0x4e,0x8b,0x4f,0x2b,
0x4e,0x1b,0x4f,0x37,0x9e,0x6e,0x3f,0xdd,0x73,0x7a,0xe8,0xf4,0xe8,0xe9,0x89,0xd3,
0xd3,0xa7,0xe7,0x4f,0x2f,0x9f,0xb6,0x4b,0x73,0x49,0xf3,0x4c,0xf3,0x4d,0xa3,0xa7,
0x85,0xa4,0x71,0xd2,0x92,0xd3,0x32,0xd2,0x84,0x69,0xb2,0x34,0x5d,0x5a,0x5d,0x5a,
0x6b,0x5a,0x77,0xda,0x40,0xda,0x48,0xda,0x78,0xda,0x54,0x9a,0x25,0x6d,0x29,0xcd,
0xe6,0x3d,0xc7,0xf7,0xdc,0xdf,0x23,0xbd,0x47,0x7d,0x2f,0xf8,0x3d,0xd6,0x7b,0x89,
0xef,0xa5,0xbd,0xc7,0x07,0x04,0xef,0x49,0xde,0xd3,0xbc,0x57,0xf3,0x5e,0xf3,0x7b,
0x9d,0xef,0x99,0xde,0x1b,0x7e,0x6f,0xec,0xbd,0xc9,0xf7,0xcc,0xef,0x2d,0xbe,0xb7,
0xf2,0x1e,0xe1,0x7d,0xe2,0xfb,0xde,0xef,0x93,0xdf,0x67,0xbc,0x1f,0xf6,0x7e,0xec,
0xfb,0xa9,0xef,0xf3,0xde,0x17,0xbf,0xaf,0x78,0xdf,0xf8,0x7e,0xe3,0xfb,0xed,0xef,
0xf7,0xbc,0x3f,0xf4,0xfe,0xe8,0xfb,0x13,0xef,0x4f,0xbf,0x3f,0xff,0xfe,0xf2,0xfb,
0x76,0xe9,0x2e,0xe9,0x9e,0xe9,0xbe,0xe9,0xf4,0xf4,0x90,0x74,0x4e,0x7a,0x72,0x7a,
0x46,0xba,0x30,0x5d,0x96,0xae,0x4b,0xaf,0x4b,0x6f,0x4d,0xef,0x4e,0x1f,0x48,0x1f,
0x49,0x1f,0x4f,0x9f,0x4a,0xb7,0xa4,0xbf,0xf8,0x99,0x59,0x4a,0xb7,0xc9,0x70,0xcc,
0xf0,0xcc,0x20,0x67,0x04,0x67,0x70,0x32,0x52,0x33,0x04,0x19,0xb2,0x0c,0x5d,0xc6,
0x78,0xc6,0x62,0x06,0xca,0xfc,0xeb,0xb0,0xc9,0xb4,0xcb,0x24,0x64,0x3a,0x66,0xba,
0x64,0x12,0x33,0xdd,0x33,0x3d,0x33,0xbd,0x33,0x49,0x99,0x94,0xbf,0x01,0x6a,0x26,
0x23,0x33,0x38,0x33,0x24,0x33,0x2c,0x93,0x95,0xc9,0xc9,0x8c,0xcd,0x4c,0xcc,0x4c,
0xce,0x4c,0xcd,0x4c,0xcb,0xcc,0xc8,0xe4,0x65,0x0a,0x32,0x85,0x99,0xe2,0x4c,0x49,
0xa6,0x2c,0x53,0x91,0xa9,0xc9,0xd4,0x02,0xba,0x4c,0x63,0x66,0x4d,0x66,0x63,0x66,
0x6b,0x66,0x67,0x66,0x4f,0xa6,0x29,0x73,0x20,0x73,0x28,0x73,0x38,0x73,0x24,0xf3,
0x7e,0xe6,0x68,0xe6,0x58,0xe6,0x78,0xe6,0x44,0xe6,0x64,0xe6,0x54,0xe6,0x74,0xa6,
0x39,0xd3,0x92,0x39,0x9f,0xb9,0x98,0xb9,0x94,0xb9,0x9c,0xb9,0x92,0x69,0x73,0xc6,
0xee,0x0c,0xe1,0x8c,0xe3,0x19,0x97,0x33,0xae,0x67,0x88,0x67,0xdc,0xcf,0x78,0x9e,
0xf1,0x3e,0xe3,0xf3,0x3d,0xa4,0x33,0xe4,0x33,0xf4,0x33,0xcc,0x33,0xc1,0x67,0x42,
0xcf,0x84,0x9d,0xe1,0x9c,0x49,0x3c,0x93,0x7a,0x26,0xe3,0x8c,0xe0,0x8c,0xf8,0x8c,
0xec,0x8c,0xe6,0x8c,0xf1,0x4c,0xdd,0x99,0xc6,0x33,0xad,0x67,0x3a,0xcf,0xf4,0x9c,
0x19,0x38,0x33,0x7c,0x66,0xf4,0xcc,0xf8,0x99,0xc9,0x33,0xd3,0x67,0x2c,0x67,0x16,
0xcf,0x2c,0x9f,0x59,0x39,0x63,0xc3,0xb5,0xe3,0x12,0xb8,0x8e,0x5c,0x17,0x2e,0x91,
0xeb,0xce,0xf5,0xe4,0x7a,0x73,0x49,0x5c,0x5f,0x2e,0x99,0x4b,0xe5,0xd2,0xb9,0x0c,
0x6e,0x30,0x37,0x84,0x1b,0xc6,0x65,0x71,0x39,0xdc,0x58,0x6e,0x22,0x37,0x99,0x9b,
0xca,0x4d,0xe3,0x66,0x70,0x79,0x5c,0x01,0x57,0xc8,0x15,0x73,0x25,0x5c,0x19,0x57,
0xc1,0xd5,0x70,0x75,0x5c,0x23,0xb7,0x86,0x5b,0xc7,0x6d,0xe4,0x36,0x73,0x5b,0xb9,
0xed,0xdc,0x4e,0x6e,0x37,0xb7,0x87,0x6b,0xe2,0x0e,0x70,0x87,0xb8,0xc3,0xdc,0x11,
0xee,0x28,0x77,0x8c,0x3b,0xce,0x9d,0xe0,0x4e,0x72,0xa7,0xb8,0xd3,0x5c,0x33,0xd7,
0xc2,0x9d,0xe7,0x2e,0x72,0x97,0xb8,0xcb,0xdc,0x15,0xae,0x0d,0xcf,0x8e,0x47,0xe0,
0x39,0xf2,0x5c,0x78,0x44,0x9e,0x3b,0xcf,0x93,0xe7,0xcd,0x23,0xf1,0x7c,0x79,0x64,
0x1e,0x95,0x47,0xe7,0x31,0x78,0xc1,0xbc,0x10,0x5e,0x18,0x8f,0xc5,0xe3,0xf0,0x62,
0x79,0x89,0xbc,0x64,0x5e,0x2a,0x2f,0x8d,0x97,0xc1,0xe3,0xf1,0x04,0x3c,0x21,0x4f,
0xcc,0x93,0xf0,0x64,0x3c,0x05,0x4f,0xc3,0xd3,0xf1,0x8c,0xbc,0x1a,0x5e,0x1d,0xaf,
0x91,0xd7,0xce,0xeb,0xe1,0x0d,0xf1,0x46,0x79,0x13,0xbc,0x69,0x9e,0x85,0xb7,0xf0,
0x23,0x8b,0xbc,0x25,0xde,0x32,0x6f,0x85,0x67,0x93,0x65,0x97,0x45,0xc8,0x72,0xcc,
0x72,0xc9,0x22,0x66,0xb9,0x67,0x79,0x66,0x79,0x67,0x91,0xb2,0x7c,0xb3,0xc8,0x59,
0xd4,0x2c,0x7a,0x16,0x23,0x2b,0x38,0x2b,0x24,0x2b,0x2c,0x8b,0x95,0xc5,0xc9,0x8a,
0xcd,0x4a,0xcc,0x4a,0xce,0x4a,0xcd,0x4a,0xcb,0xca,0xc8,0xe2,0x65,0x09,0xb2,0x84,
0x59,0xe2,0x2c,0x49,0x96,0x2c,0x4b,0x91,0xa5,0xc9,0xd2,0x65,0x19,0xb3,0x6a,0xb2,
0xea,0xb2,0x1a,0xb3,0x9a,0xb3,0x5a,0xb3,0xda,0xb3,0x3a,0xb3,0xba,0xb3,0x7a,0xb2,
0x4c,0x59,0x03,0x59,0x43,0x59,0xc3,0x59,0x23,0x59,0xa3,0x59,0x63,0x59,0xe3,0x59,
0x13,0x59,0x93,0x59,0x53,0x59,0xd3,0x59,0xe6,0x2c,0x4b,0xd6,0x7c,0xd6,0x62,0xd6,
0x52,0xd6,0x72,0xd6,0x4a,0x96,0x4d,0xb6,0x5d,0x36,0x21,0xdb,0x31,0xdb,0x25,0x9b,
0x98,0xed,0x9e,0xed,0x99,0xed,0x9d,0x4d,0xca,0xf6,0xcd,0x26,0x67,0x53,0xb3,0xe9,
0xd9,0x8c,0xec,0xe0,0xec,0x90,0xec,0xb0,0x6c,0x56,0x36,0x27,0x3b,0x36,0x3b,0x31,
0x3b,0x39,0x3b,0x35,0x3b,0x2d,0x3b,0x23,0x9b,0x97,0x2d,0xc8,0x16,0x66,0x8b,0xb3,
0x25,0xd9,0xb2,0x6c,0x45,0xb6,0x26,0x5b,0x97,0x6d,0xcc,0xae,0xc9,0xae,0xcb,0x6e,
0xcc,0x6e,0xce,0x6e,0xcd,0x6e,0xcf,0xee,0xcc,0xee,0xce,0xee,0xc9,0x36,0x65,0x0f,
0x64,0x0f,0x65,0x0f,0x67,0x8f,0x64,0x8f,0x66,0x8f,0x65,0x8f,0x67,0x4f,0x64,0x4f,
0x66,0x4f,0x65,0x4f,0x67,0x9b,0xb3,0x2d,0xd9,0xf3,0xd9,0x8b,0xd9,0x4b,0xd9,0xcb,
0xd9,0x2b,0xd9,0x36,0x7c,0x3b,0x3e,0x81,0xef,0xc8,0x77,0xe1,0x13,0xf9,0xee,0x7c,
0x4f,0xbe,0x37,0x9f,0xc4,0xf7,0xe5,0x93,0xf9,0x54,0x3e,0x9d,0xcf,0xe0,0x07,0xf3,
0x43,0xf8,0x61,0x7c,0x16,0x9f,0xc3,0x8f,0xe5,0x27,0xf2,0x93,0xf9,0xa9,0xfc,0x34,
0x7e,0x06,0x9f,0xc7,0x17,0xf0,0x85,0x7c,0x31,0x5f,0xc2,0x97,0xf1,0x15,0x7c,0x0d,
0x5f,0xc7,0x37,0xf2,0x6b,0xf8,0x75,0xfc,0x46,0x7e,0x33,0xbf,0x95,0xdf,0xce,0xef,
0xe4,0x77,0xf3,0x7b,0xf8,0x26,0xfe,0x00,0x7f,0x88,0x3f,0xcc,0x1f,0xe1,0x8f,0xf2,
0xc7,0xf8,0xe3,0xfc,0x09,0xfe,0x24,0x7f,0x8a,0x3f,0xcd,0x37,0xf3,0xe7,0xac,0x58,
0xf8,0xf3,0xfc,0x45,0xfe,0x12,0x7f,0x99,0xbf,0xc2,0x47,0x02,0x24,0xb0,0x11,0xd8,
0x09,0x08,0x02,0x47,0x81,0x8b,0x80,0x28,0x70,0x03,0xdc,0x05,0x9e,0x02,0x6f,0x01,
0x49,0xe0,0x2b,0x20,0x0b,0x28,0x00,0x55,0x40,0x17,0x30,0x04,0x4c,0x2b,0xc1,0x82,
0x10,0x41,0x98,0x80,0x25,0x88,0x15,0x24,0x0a,0x92,0x05,0x29,0x82,0x54,0x41,0x9a,
0x20,0x43,0xc0,0x13,0x08,0x04,0x42,0x81,0x58,0x50,0xb8,0xc6,0xaf,0x12,0xf9,0xdf,
0x85,0x76,0x8d,0xbf,0x13,0x9d,0xc0,0x28,0xa8,0x11,0xd4,0x09,0x1a,0x05,0x4d,0x82,
0x66,0x41,0xab,0xa0,0x5d,0xd0,0x29,0xe8,0x16,0xf4,0x08,0x4c,0x82,0x01,0xc1,0x90,
0x60,0x58,0x30,0x22,0x18,0x15,0x8c,0x09,0xc6,0x05,0x13,0x82,0x49,0xc1,0x94,0x60,
0x5a,0x60,0x16,0x58,0x04,0xf3,0x82,0x45,0xc1,0x92,0x60,0x59,0xb0,0x22,0xb0,0x39,
0x6b,0x77,0x96,0x70,0xd6,0xf1,0xac,0xcb,0x59,0xe2,0x59,0xf7,0xb3,0x9e,0x67,0xbd,
0xcf,0x92,0xce,0xfa,0x9e,0x25,0x9f,0xa5,0x9e,0xa5,0x9f,0x65,0x9c,0x0d,0x3e,0x1b,
0x72,0x36,0xf4,0x6c,0xd8,0x59,0xd6,0x59,0xce,0xd9,0xd8,0xb3,0x89,0x67,0x93,0xcf,
0xa6,0x9e,0x4d,0x3b,0x9b,0x71,0x96,0x77,0x56,0x70,0x56,0x78,0x56,0x7c,0x56,0x72,
0x56,0xba,0xc6,0xaf,0x12,0x35,0x60,0xf8,0x6f,0xa9,0x5d,0xc3,0x4a,0xd3,0xd9,0xb6,
0x35,0xd6,0xf8,0xbb,0xe8,0x3a,0xdb,0xf7,0x8b,0x32,0x08,0xdc,0xfb,0x2f,0x3c,0xb0,
0xf2,0xe8,0x17,0xe2,0x09,0x30,0x73,0xf6,0xf9,0x1a,0xbf,0x09,0x5e,0x9c,0x7d,0x09,
0xd8,0x9e,0x5b,0xe3,0xb7,0x89,0xc3,0x39,0xd7,0xdf,0x30,0x1e,0x6b,0xfc,0xcb,0xe1,
0x73,0xce,0xef,0x1c,0xed,0x1c,0xf3,0x5c,0xe8,0xb9,0x98,0x73,0x29,0xe7,0xb8,0x6b,
0xac,0xf1,0x3f,0x4a,0xce,0xb9,0xc2,0x73,0xea,0x35,0x7e,0x61,0x34,0xe7,0x8c,0xe7,
0xea,0xce,0x35,0x9f,0x6b,0x5b,0x63,0x8d,0x35,0xfe,0x69,0xb4,0x9f,0xeb,0x3c,0xd7,
0x7d,0xae,0xe7,0x9c,0xe9,0xdc,0xc0,0xb9,0xa1,0x73,0xc3,0xe7,0x46,0xce,0x8d,0x9e,
0x1b,0x3b,0x37,0x7e,0x6e,0xe2,0xdc,0xe4,0xb9,0xa9,0x73,0xd3,0xe7,0xcc,0xe7,0x2c,
0xe7,0xe6,0xcf,0x2d,0x9e,0x5b,0x3a,0xb7,0x7c,0x6e,0xe5,0x9c,0x4d,0x8e,0x5d,0x0e,
0x21,0xc7,0x31,0xc7,0x25,0x87,0x98,0xe3,0x9e,0xe3,0x99,0xe3,0x9d,0x43,0xca,0xf1,
0xcd,0x21,0xe7,0x50,0x73,0x68,0xff,0x42,0x30,0x73,0x42,0x73,0x62,0x72,0x52,0x72,
0xb8,0x39,0xa2,0x1c,0xf9,0xaf,0x0a,0x6d,0x4e,0x75,0x4e,0x53,0x4e,0x47,0x4e,0x5f,
0xce,0xdd,0xff,0x61,0x86,0x73,0x46,0x72,0x46,0x73,0xc6,0x72,0xc6,0x73,0x26,0x72,
0x26,0x73,0xa6,0x72,0xa6,0x73,0xcc,0x39,0x96,0x9c,0xf9,0x9c,0xc5,0x9c,0xa5,0x9c,
0xe5,0x9c,0x95,0x1c,0x1b,0xa1,0x9d,0x90,0x20,0x74,0x14,0xba,0x08,0x89,0x42,0x77,
0xa1,0xa7,0xd0,0x5b,0x48,0x12,0xfa,0x0a,0xc9,0x42,0xaa,0x90,0x2e,0x64,0x08,0x83,
0x85,0x21,0xc2,0x30,0x21,0x4b,0xc8,0x11,0xc6,0x0a,0x13,0x85,0xc9,0xc2,0x54,0x61,
0x9a,0x30,0x43,0xc8,0x13,0x0a,0x84,0x42,0xa1,0x58,0x28,0x11,0xca,0x84,0x0a,0xa1,
0x46,0xa8,0x13,0x1a,0x85,0x35,0xc2,0x3a,0x61,0xa3,0xb0,0x59,0xd8,0x2a,0x6c,0x17,
0x76,0x0a,0xbb,0x85,0x3d,0x42,0x93,0x70,0x40,0x38,0x24,0x1c,0x16,0x8e,0x08,0x47,
0x85,0x63,0xc2,0x71,0xe1,0x84,0x70,0x52,0x38,0x25,0x9c,0x16,0x9a,0x85,0x16,0xe1,
0xbc,0x70,0x51,0xb8,0x24,0x5c,0x16,0xae,0x08,0x6d,0x72,0xed,0x72,0x09,0xb9,0x8e,
0xb9,0x2e,0xb9,0xae,0xb9,0xc4,0x5c,0xf7,0x5c,0xcf,0x5c,0xef,0x5c,0x52,0xae,0x6f,
0x2e,0x39,0x97,0x9a,0x4b,0xcf,0x65,0xe4,0x06,0xe7,0x86,0xe4,0x86,0xe5,0xb2,0x72,
0x39,0xb9,0xb1,0xb9,0x89,0xb9,0xc9,0xb9,0xa9,0xb9,0x69,0xb9,0x19,0xb9,0xbc,0x5c,
0x41,0xae,0x30,0x57,0x9c,0x2b,0xc9,0x95,0xe5,0x2a,0x72,0x35,0xb9,0xba,0x5c,0x63,
0x6e,0x4d,0x6e,0x5d,0x6e,0x63,0x6e,0x73,0x6e,0x6b,0x6e,0x7b,0x6e,0x67,0x6e,0x77,
0x6e,0x4f,0xae,0x29,0x77,0x20,0x77,0x28,0x77,0x38,0x77,0x24,0x77,0x34,0x77,0x2c,
0x77,0x3c,0x77,0x22,0x77,0x32,0x77,0x2a,0x77,0x3a,0xd7,0x9c,0x6b,0xc9,0x9d,0xcf,
0x5d,0xcc,0x5d,0xca,0x5d,0xce,0x5d,0xc9,0xb5,0xc9,0xb3,0xcb,0x23,0xe4,0x39,0xe6,
0xb9,0xe4,0x11,0xf3,0xdc,0xf3,0x3c,0xf3,0xbc,0xf3,0x48,0x79,0xbe,0x79,0xe4,0x3c,
0x4a,0x1e,0x35,0x8f,0x9e,0x17,0x08,0x30,0xf2,0x98,0x40,0x70,0x5e,0x48,0x5e,0x28,
0x10,0x96,0xc7,0xca,0xe3,0xe4,0xc5,0xe6,0x25,0xe4,0x25,0xe6,0x25,0xe7,0xa5,0xe6,
0xa5,0xe5,0x65,0xe4,0xf1,0xf2,0x04,0x79,0xc2,0x3c,0x71,0x9e,0x24,0x4f,0x96,0xa7,
0xc8,0x53,0xe7,0x69,0xf2,0xb4,0x79,0xba,0x3c,0x63,0x5e,0x4d,0x5e,0x5d,0x5e,0x63,
0x5e,0x73,0x5e,0x6b,0x5e,0x5b,0x5e,0x7b,0x5e,0x67,0x5e,0x77,0x5e,0x4f,0x9e,0x29,
0x6f,0x20,0x6f,0x28,0x6f,0x38,0x6f,0x24,0x6f,0x34,0x6f,0x2c,0x6f,0x3c,0x6f,0x22,
0x6f,0x32,0x6f,0x2a,0x6f,0x3a,0xcf,0x9c,0x67,0xc9,0x9b,0xcf,0x5b,0xcc,0x5b,0xca,
0x5b,0xce,0x5b,0xc9,0xb3,0x11,0xd9,0x89,0x08,0x22,0x47,0x91,0x8b,0x88,0x28,0x72,
0x17,0x79,0x8a,0xbc,0x45,0x24,0x91,0xaf,0x88,0x2c,0xa2,0x8a,0xe8,0x22,0x86,0x28,
0x58,0x14,0x22,0x0a,0x13,0xb1,0x44,0x1c,0x51,0xac,0x28,0x51,0x94,0x2c,0x4a,0x15,
0xa5,0x89,0x32,0x44,0x3c,0x91,0x40,0x24,0x14,0x89,0x45,0x12,0x91,0x4c,0xa4,0x10,
0x69,0x44,0x3a,0x91,0x51,0x54,0x03,0xd4,0x89,0x1a,0x45,0xcd,0xa2,0x56,0x51,0xbb,
0xa8,0x43,0xd4,0x29,0xea,0x16,0xf5,0x88,0x4c,0xa2,0x7e,0x60,0x40,0x34,0x24,0x1a,
0x16,0x8d,0x88,0x46,0x45,0x63,0xa2,0x71,0xd1,0x84,0xe8,0xb1,0x68,0x52,0x34,0x25,
0x9a,0x16,0x99,0x45,0x16,0xd1,0xbc,0x68,0x51,0xf4,0x42,0xb4,0x24,0x5a,0x16,0xad,
0x88,0x6c,0xc4,0x76,0x62,0x82,0xd8,0x51,0xec,0x22,0x26,0x8a,0xdd,0xc5,0x9e,0x62,
0x6f,0x31,0x49,0xec,0x2b,0x26,0x8b,0xa9,0x62,0xba,0x98,0x21,0x0e,0x16,0x87,0x88,
0xc3,0xc4,0x2c,0x31,0x47,0x1c,0x2b,0x4e,0x14,0x27,0x8b,0x53,0xc5,0x69,0xe2,0x74,
0x71,0x86,0x98,0x27,0x16,0x88,0x85,0x62,0x91,0x58,0x2c,0x96,0x88,0x65,0x62,0x85,
0x58,0x23,0xd6,0x8a,0x75,0x62,0x83,0x15,0xa3,0xb8,0x46,0x5c,0x27,0x6e,0x14,0x37,
0x8b,0x5b,0xc5,0xed,0xe2,0x0e,0x71,0xa7,0xb8,0x5b,0xdc,0x23,0x36,0x89,0x07,0xc4,
0x43,0xe2,0x61,0xf1,0x88,0x78,0x54,0x3c,0x26,0x1e,0x17,0x4f,0x88,0x27,0xc5,0x53,
0xe2,0x69,0xb1,0x59,0x6c,0x11,0xcf,0x8b,0x17,0xc5,0x4b,0xe2,0x65,0xf1,0x8a,0xd8,
0x26,0xdf,0x2e,0x9f,0x90,0xef,0x98,0xef,0x92,0x4f,0xcc,0x77,0xcf,0xf7,0xcc,0xf7,
0xce,0x27,0xe5,0xfb,0xe6,0x93,0xf3,0xa9,0xf9,0xf4,0x7c,0x46,0x7e,0x70,0x7e,0x48,
0x7e,0x58,0x3e,0x2b,0x9f,0x93,0x1f,0x9b,0x9f,0x98,0x9f,0x9c,0x9f,0x9a,0x9f,0x96,
0x9f,0x91,0xcf,0xcb,0x17,0xe4,0x0b,0xf3,0xc5,0xf9,0x92,0x7c,0x59,0xbe,0x22,0x5f,
0x93,0xaf,0xcb,0x37,0xe6,0xd7,0xe4,0xd7,0xe5,0x37,0xe6,0x37,0xe7,0xb7,0xe6,0xb7,
0xe7,0x77,0xe6,0x77,0xe7,0xf7,0xe4,0x9b,0xf2,0x07,0xf2,0x87,0xf2,0x87,0xf3,0x47,
0xf2,0x47,0xf3,0xc7,0xf2,0xc7,0xf3,0x27,0xf2,0x27,0xf3,0xa7,0xf2,0xa7,0xf3,0xcd,
0xf9,0x96,0xfc,0xf9,0xfc,0xc5,0xfc,0xa5,0xfc,0xe5,0xfc,0x95,0x7c,0x9b,0x02,0xbb,
0x02,0x42,0x81,0x63,0x81,0x4b,0x01,0xb1,0xc0,0xbd,0xc0,0xb3,0xc0,0xbb,0x80,0x54,
0xe0,0x5b,0x40,0x2e,0xa0,0x16,0xd0,0x0b,0x18,0x05,0xc1,0x05,0x21,0x05,0x61,0x05,
0xac,0x02,0x4e,0x41,0x6c,0x41,0x62,0x41,0x72,0x41,0x6a,0x41,0x5a,0x41,0x46,0x01,
0xaf,0x40,0x50,0x20,0x2c,0x10,0x17,0x48,0x0a,0x64,0x05,0x8a,0x02,0x4d,0x81,0xae,
0xc0,0x58,0x50,0x53,0x50,0x57,0xd0,0x58,0xd0,0x5c,0xd0,0x5a,0xd0,0x5e,0xd0,0x59,
0xd0,0x5d,0xd0,0x53,0x60,0x2a,0x18,0x28,0x18,0x2a,0x18,0x2e,0x18,0x29,0x18,0x2d,
0x18,0x2b,0x18,0x2f,0x98,0x28,0x98,0x2c,0x98,0x2a,0x98,0x2e,0x30,0x17,0x58,0x0a,
0xe6,0x0b,0x16,0x0b,0x96,0x0a,0x96,0x0b,0x56,0x0a,0x6c,0x0a,0xed,0x0a,0x09,0x85,
0x8e,0x85,0x2e,0x85,0xc4,0x42,0xf7,0x42,0xcf,0x42,0xef,0x42,0x52,0xa1,0x6f,0x21,
0xb9,0x90,0x5a,0x48,0x2f,0x64,0x14,0x06,0x17,0x86,0x14,0x86,0x15,0xb2,0x0a,0x39,
0x85,0xb1,0x85,0x89,0x85,0xc9,0x85,0xa9,0x85,0x69,0x40,0x46,0x21,0xaf,0x50,0x50,
0x28,0x2c,0x14,0x17,0x4a,0x0a,0x65,0x85,0x8a,0x42,0x4d,0xa1,0xae,0xd0,0x58,0x58,
0x53,0x58,0x57,0xd8,0x58,0xd8,0x5c,0xd8,0x5a,0xd8,0x5e,0xd8,0x59,0xd8,0x5d,0xd8,
0x53,0x68,0x2a,0x1c,0x28,0x1c,0x2a,0x1c,0x2e,0x1c,0x29,0x1c,0x2d,0x1c,0x2b,0x1c,
0x2f,0x9c,0x28,0x9c,0x2c,0x9c,0x2a,0x9c,0x2e,0x34,0x17,0x5a,0x0a,0xe7,0x0b,0x17,
0x0b,0x97,0x0a,0x97,0x0b,0x57,0x0a,0x6d,0x24,0x76,0x12,0x82,0xc4,0x51,0xe2,0x22,
0x21,0x4a,0xdc,0x25,0x9e,0x12,0x6f,0x09,0x49,0xe2,0x2b,0x21,0x4b,0xa8,0x12,0xba,
0x84,0x21,0x09,0x96,0x84,0x48,0xc2,0x24,0x2c,0x09,0x47,0x12,0x2b,0x49,0x94,0x24,
0x4b,0x52,0x25,0x69,0x92,0x0c,0x09,0x4f,0x22,0x90,0x08,0x25,0x62,0x89,0x44,0x22,
0x93,0x28,0x24,0x1a,0x89,0x4e,0x62,0x94,0xd4,0x48,0xea,0x24,0x8d,0x92,0x66,0x49,
0xab,0xa4,0x5d,0xd2,0x29,0xe9,0x96,0xf4,0x48,0x4c,0x92,0x01,0xc9,0x90,0x64,0x58,
0x32,0x22,0x19,0x95,0x8c,0x49,0xc6,0x25,0x13,0x92,0x49,0xc9,0x94,0x64,0x5a,0x62,
0x96,0x58,0x24,0xf3,0x92,0x45,0xc9,0x92,0x64,0x59,0xb2,0x22,0xb1,0x29,0xb2,0x2b,
0x22,0x14,0x39,0x16,0xb9,0x14,0x11,0x8b,0xdc,0x8b,0x3c,0x8b,0xbc,0x8b,0x48,0x45,
0xbe,0x45,0xe4,0x22,0x6a,0x11,0xbd,0x88,0x51,0x14,0x5c,0x14,0x52,0x14,0x56,0xc4,
0x2a,0xe2,0x14,0xc5,0x16,0x25,0x16,0x25,0x17,0xa5,0x16,0xa5,0x15,0x65,0x14,0xf1,
0x8a,0x04,0x45,0xc2,0x22,0x71,0x91,0xa4,0x48,0x56,0xa4,0x28,0xd2,0x14,0xe9,0x8a,
0x8c,0x45,0x35,0x45,0x75,0x45,0x8d,0x45,0xcd,0x45,0xad,0x45,0xed,0x45,0x9d,0x45,
0xdd,0x45,0x3d,0x45,0xa6,0xa2,0x81,0xa2,0xa1,0xa2,0xe1,0xa2,0x91,0xa2,0xd1,0xa2,
0xb1,0xa2,0xf1,0xa2,0x89,0xa2,0xc9,0xa2,0xa9,0xa2,0xe9,0x22,0x73,0x91,0xa5,0x68,
0xbe,0x68,0xb1,0x68,0xa9,0x68,0xb9,0xe8,0x65,0xd1,0x4a,0x91,0x4d,0xb1,0x5d,0x31,
0xa1,0xd8,0xb1,0xd8,0xa5,0x98,0x58,0xec,0x5e,0xec,0x59,0xec,0x5d,0x4c,0x2a,0xf6,
0x2d,0x26,0x17,0x53,0x8b,0xe9,0xc5,0x8c,0xe2,0xe0,0xe2,0x90,0xe2,0xb0,0x62,0x56,
0x31,0xa7,0x38,0xb6,0x38,0xb1,0x38,0xb9,0x38,0xb5,0x38,0xad,0x38,0xa3,0x98,0x57,
0x2c,0x28,0x16,0x16,0x8b,0x8b,0x25,0xc5,0xb2,0x62,0x45,0xb1,0xa6,0x58,0x57,0x6c,
0x2c,0xae,0x29,0xae,0x2b,0x6e,0x2c,0x6e,0x2e,0x6e,0x2d,0x6e,0x2f,0xee,0x2c,0xee,
0x2e,0xee,0x29,0x36,0x15,0x0f,0x14,0x0f,0x15,0x0f,0x17,0x8f,0x14,0x8f,0x16,0x8f,
0x15,0x8f,0x17,0x4f,0x14,0x4f,0x16,0x4f,0x15,0x4f,0x17,0x9b,0x8b,0x2d,0xc5,0xf3,
0xc5,0x8b,0xc5,0x4b,0xc5,0xcb,0xc5,0x2b,0xc5,0x36,0x52,0x3b,0x29,0x41,0xea,0x28,
0x75,0x91,0x12,0xa5,0xee,0x52,0x4f,0xa9,0xb7,0x94,0x24,0xf5,0x95,0x92,0xa5,0x54,
0x29,0x5d,0xca,0x90,0x06,0x4b,0x43,0xa4,0x61,0x52,0x96,0x94,0x23,0x8d,0x95,0x26,
0x4a,0x93,0xa5,0xa9,0x40,0x9a,0x34,0x43,0xca,0x93,0x0a,0xa4,0x42,0xa9,0x58,0x2a,
0x91,0xca,0xa4,0x0a,0xa9,0x46,0xaa,0x93,0x1a,0xa5,0x35,0xd2,0x3a,0x69,0xa3,0xb4,
0x59,0xda,0x2a,0x6d,0x97,0x76,0x4a,0xbb,0xa5,0x3d,0x52,0x93,0x74,0x40,0x3a,0x24,
0x1d,0x96,0x8e,0x48,0x47,0xa5,0x63,0xd2,0x71,0xe9,0x84,0x74,0x52,0x3a,0x25,0x9d,
0x96,0x9a,0xa5,0x16,0xe9,0xbc,0x74,0x51,0xba,0x24,0x5d,0x96,0xae,0x48,0x6d,0x64,
0x76,0x32,0x82,0xcc,0x51,0xe6,0x22,0x23,0xca,0xdc,0x65,0x9e,0x32,0x6f,0x19,0x49,
0xe6,0x2b,0x23,0xcb,0xa8,0x32,0xba,0x8c,0x21,0x0b,0x96,0x85,0xc8,0xc2,0x64,0x2c,
0x19,0x47,0x16,0x2b,0x4b,0x94,0x25,0xcb,0x52,0x65,0x69,0xb2,0x0c,0x19,0x4f,0x26,
0x90,0x09,0x65,0x62,0x99,0x44,0x26,0x93,0x29,0x64,0x1a,0x99,0x4e,0x66,0x94,0xd5,
0xc8,0xea,0x64,0x8d,0xb2,0x66,0x59,0xab,0xac,0x5d,0xd6,0x29,0xeb,0x96,0xf5,0xc8,
0x4c,0xb2,0x01,0xd9,0x90,0x6c,0x58,0x36,0x22,0x1b,0x95,0x8d,0xc9,0xc6,0x65,0x13,
0xb2,0x49,0xd9,0x94,0x6c,0x5a,0x66,0x96,0x59,0x64,0xf3,0xb2,0x45,0xd9,0x92,0x6c,
0x59,0xb6,0x22,0xb3,0x29,0xb1,0x2b,0x21,0x94,0x38,0x96,0xb8,0x94,0x10,0x4b,0xdc,
0x4b,0x3c,0x4b,0xbc,0x4b,0x48,0x25,0xbe,0x25,0xe4,0x12,0x6a,0x09,0xbd,0x84,0x51,
0x12,0x5c,0x12,0x52,0x12,0x56,0xc2,0x2a,0xe1,0x94,0xc4,0x96,0x24,0x96,0x24,0x97,
0xa4,0x96,0xa4,0x95,0x64,0x94,0xf0,0x4a,0x04,0x25,0xc2,0x12,0x71,0x89,0xa4,0x44,
0x56,0xa2,0x28,0xd1,0x94,0xe8,0x4a,0x8c,0x25,0x35,0x25,0x75,0x25,0x8d,0x25,0xcd,
0x25,0xad,0x25,0xed,0x25,0x9d,0x25,0xdd,0x25,0x3d,0x25,0xa6,0x92,0x81,0x92,0xa1,
0x92,0xe1,0x92,0x91,0x92,0xd1,0x92,0xb1,0x92,0xf1,0x92,0x89,0x92,0xc9,0x92,0xa9,
0x92,0xe9,0x12,0x73,0x89,0xa5,0x64,0xbe,0x64,0xb1,0x64,0xa9,0x64,0xb9,0x64,0xa5,
0xc4,0xa6,0xd4,0xae,0x94,0x50,0xea,0x58,0xea,0x52,0x4a,0x2c,0x75,0x2f,0xf5,0x2c,
0xf5,0x2e,0x25,0x95,0xfa,0x96,0x92,0x4b,0xa9,0xa5,0xf4,0x52,0x46,0x69,0x70,0x69,
0x48,0x69,0x58,0x29,0xab,0x94,0x53,0x1a,0x5b,0x9a,0x58,0x9a,0x5c,0x9a,0x5a,0x9a,
0x56,0x9a,0x51,0xca,0x2b,0x15,0x94,0x0a,0x4b,0xc5,0xa5,0x92,0x52,0x59,0xa9,0xa2,
0x54,0x53,0xaa,0x2b,0x35,0x00,0xc6,0xd2,0x9a,0xd2,0xba,0xd2,0xc6,0xd2,0xe6,0xd2,
0xd6,0xd2,0xf6,0xd2,0xce,0xd2,0xee,0xd2,0x9e,0x52,0x53,0xe9,0x40,0xe9,0x50,0xe9,
0x70,0xe9,0x48,0xe9,0x68,0xe9,0x58,0xe9,0x78,0xe9,0x44,0xe9,0x64,0xe9,0x54,0xe9,
0x74,0xa9,0xb9,0xd4,0x52,0x3a,0x5f,0xba,0x58,0xba,0x54,0xba,0x5c,0xba,0x52,0x6a,
0x23,0xb7,0x93,0x13,0xe4,0x8e,0x72,0x17,0x39,0x51,0xee,0x2e,0xf7,0x94,0x7b,0xcb,
0x49,0x72,0x5f,0x39,0x59,0x4e,0x95,0xd3,0xe5,0x0c,0x79,0xb0,0x3c,0x44,0x1e,0x26,
0x67,0xc9,0x39,0xf2,0x58,0x79,0xc2,0x1a,0x7f,0x35,0x89,0xf2,0xa4,0x5f,0x94,0x64,
0x79,0xaa,0x3c,0x4d,0x9e,0x21,0xe7,0xc9,0x05,0x72,0xa1,0x5c,0x2c,0x97,0xc8,0x65,
0x72,0x85,0x5c,0x23,0xd7,0xc9,0x8d,0xf2,0x1a,0x79,0x9d,0xbc,0x51,0xde,0x2c,0x6f,
0x95,0xb7,0xcb,0x3b,0xe5,0xdd,0xf2,0x1e,0xb9,0x49,0x3e,0x20,0x1f,0x92,0x0f,0xcb,
0x47,0xe4,0xa3,0xf2,0x31,0xf9,0xb8,0x7c,0x42,0x3e,0x29,0x9f,0x92,0x4f,0xcb,0xcd,
0x72,0x8b,0x7c,0x5e,0xbe,0x28,0x5f,0x92,0x2f,0xcb,0x57,0xe4,0x36,0x0a,0x3b,0x05,
0x41,0xe1,0xa8,0x70,0x51,0x10,0x15,0xee,0x0a,0x4f,0x85,0xb7,0xc2,0xe7,0x9f,0x0e,
0x49,0xe1,0xab,0x20,0x2b,0xa8,0x0a,0xba,0x82,0xa1,0x08,0x56,0x84,0x28,0xc2,0x14,
0x2c,0x05,0x47,0x11,0xab,0x48,0x54,0x24,0x2b,0x52,0x15,0x69,0x8a,0x0c,0x05,0x4f,
0x21,0x50,0x08,0x15,0x62,0x85,0x44,0x21,0x53,0x28,0x14,0x1a,0x85,0x4e,0x61,0x54,
0xd4,0x28,0xea,0x14,0x8d,0x8a,0x66,0x45,0xab,0xa2,0x5d,0xd1,0xa9,0xe8,0x56,0xf4,
0x28,0x4c,0x8a,0x01,0xc5,0x90,0x62,0x58,0x31,0xa2,0x18,0x55,0x8c,0x29,0xc6,0x15,
0x13,0x8a,0x49,0xc5,0x94,0x62,0x5a,0x61,0x56,0x58,0x14,0xf3,0x8a,0x45,0xc5,0x92,
0x62,0x59,0xb1,0xa2,0xb0,0x51,0xda,0x29,0x09,0x4a,0x47,0xa5,0x8b,0x92,0xa8,0x74,
0x57,0x7a,0xac,0xf1,0x57,0xe0,0xa9,0xf4,0x56,0x92,0x94,0xbe,0x4a,0x3f,0x25,0x59,
0x49,0x55,0xd2,0x95,0x0c,0x65,0xb0,0x32,0x44,0x19,0xa6,0x64,0x29,0x39,0xca,0x58,
0x65,0xa2,0x32,0x59,0x99,0xaa,0x4c,0x53,0x66,0x28,0x79,0x4a,0x81,0x52,0xa8,0x14,
0x2b,0x25,0x4a,0x99,0x52,0xa1,0xd4,0x28,0x75,0x4a,0xa3,0xb2,0x46,0x59,0xa7,0x6c,
0x50,0x36,0x2a,0x9b,0x95,0x2d,0xca,0x56,0x65,0x1b,0xd0,0xae,0xec,0x50,0x76,0x2a,
0xbb,0x95,0x3d,0x4a,0x93,0x72,0x40,0x39,0xa4,0x1c,0x56,0x8e,0x28,0x47,0x95,0x63,
0xca,0x87,0xca,0x71,0xe5,0x84,0x72,0x52,0x39,0xa5,0x7c,0xaa,0x9c,0x56,0xce,0x28,
0xcd,0xca,0xb9,0x9f,0x60,0x51,0x3e,0xff,0x9e,0x79,0xe5,0x82,0x72,0x51,0xf9,0x42,
0xb9,0xa4,0xfc,0x4e,0xb9,0xac,0x5c,0x51,0xda,0xa8,0x6c,0x55,0x76,0x2a,0x82,0xca,
0x41,0xe5,0xa8,0x72,0x06,0x5c,0x54,0xae,0x2a,0xa2,0xca,0x4d,0xe5,0xae,0xf2,0x50,
0x79,0xaa,0xbc,0x54,0xde,0x2a,0x1f,0x15,0x49,0xe5,0xab,0xf2,0x53,0x91,0x55,0x14,
0x80,0xaa,0xa2,0xab,0x18,0xaa,0x60,0xd5,0x01,0x55,0x88,0x2a,0x4c,0xc5,0x52,0x71,
0x54,0xb1,0xaa,0x44,0x55,0xb2,0x2a,0x45,0x95,0xaa,0x4a,0x53,0x65,0xa8,0x78,0x2a,
0xbe,0x4a,0xa0,0x12,0xaa,0xc4,0x2a,0x89,0x4a,0xaa,0x92,0xa9,0xe4,0x2a,0x85,0x4a,
0xa3,0xd2,0xa9,0x8c,0xaa,0x1a,0x55,0x9d,0xaa,0x51,0xd5,0xac,0x6a,0x55,0xb5,0xab,
0x3a,0x54,0x9d,0xaa,0x6e,0x55,0x8f,0xca,0xa4,0x1a,0x50,0x0d,0xa9,0x86,0x55,0x23,
0xaa,0x51,0xd5,0x98,0x6a,0x5c,0x35,0xa1,0x9a,0x54,0x4d,0xa9,0xa6,0x55,0x66,0x95,
0x45,0xf5,0xfc,0x47,0xe6,0x55,0x8b,0xaa,0x25,0xd5,0x77,0xaa,0x65,0xd5,0x8a,0xca,
0x46,0x6d,0xa7,0x26,0xa8,0x1d,0xd4,0x8e,0x6a,0x17,0x35,0x51,0xed,0xae,0xf6,0x54,
0x7b,0xab,0x49,0x6a,0x5f,0x35,0x59,0x4d,0x55,0xd3,0xd5,0x0c,0x75,0xb0,0x3a,0x44,
0x1d,0xa6,0x66,0xa9,0x39,0xea,0x98,0xff,0x35,0xc4,0xaa,0x93,0xd5,0x69,0x6a,0x9e,
0x5a,0xa8,0x96,0xa8,0x15,0x6a,0x9d,0xba,0x46,0xdd,0xa8,0x6e,0x55,0x77,0xfc,0x48,
0xa7,0xda,0xa4,0x1e,0x56,0x8f,0xa9,0x27,0xd5,0x66,0xf5,0xa2,0x7a,0x45,0x4d,0xd0,
0x10,0x35,0xde,0x1a,0xb2,0x86,0xa1,0x09,0xd3,0xc4,0x6a,0x52,0x35,0x3c,0x8d,0x58,
0xa3,0xd0,0x18,0x35,0x8d,0x9a,0x76,0x4d,0x8f,0x66,0x48,0x33,0xaa,0x99,0xd0,0x4c,
0x6b,0xe6,0x35,0x8b,0x9a,0x25,0xcd,0x8a,0xc6,0xb6,0xcc,0xae,0x8c,0x50,0xe6,0x58,
0xe6,0x52,0x46,0x2c,0x73,0x2f,0xf3,0x2c,0xf3,0x2e,0x23,0x95,0xf9,0x96,0x91,0xcb,
0xa8,0x65,0xf4,0x32,0x46,0x59,0x70,0x59,0x48,0x59,0x58,0x19,0xab,0x8c,0x53,0x16,
0x5b,0x96,0x58,0x96,0x5c,0x96,0x5a,0x96,0x56,0x96,0x51,0xc6,0x2b,0x13,0x94,0x89,
0xcb,0x64,0x65,0x9a,0x32,0x63,0x59,0x63,0x59,0xcb,0xdf,0x41,0x6b,0x59,0x67,0x59,
0x4f,0x59,0xff,0xcf,0xc2,0x40,0xd9,0xdd,0x7f,0x69,0x86,0x81,0xd1,0xb2,0xf1,0xb2,
0x47,0x7f,0x96,0x89,0xb2,0xc9,0xb2,0xa9,0xb2,0xe9,0x32,0x4b,0xd9,0x7c,0xd9,0x62,
0xd9,0x52,0xd9,0x72,0xd9,0x4a,0x99,0x4d,0xb9,0x5d,0x39,0xa1,0xdc,0xb1,0xdc,0xa5,
0x9c,0x58,0xee,0x5e,0xee,0x59,0xee,0x5d,0x4e,0x2a,0xf7,0x2d,0x27,0x97,0x53,0xcb,
0xe9,0xe5,0x8c,0xf2,0xe0,0xf2,0x90,0xf2,0xb0,0x72,0x56,0x39,0xa7,0x3c,0xb6,0x3c,
0xb1,0x3c,0xb9,0x3c,0xb5,0x3c,0xad,0x3c,0xa3,0x9c,0x57,0x2e,0x28,0x17,0x96,0x8b,
0xcb,0x25,0xe5,0xb2,0x72,0x45,0xb9,0xa6,0x5c,0xfb,0x3d,0xba,0xf2,0xba,0xf2,0xd6,
0xf2,0xee,0xf2,0x81,0xf2,0x91,0xf2,0xf1,0xf2,0xa9,0x72,0x4b,0xf9,0x8b,0x3f,0x60,
0xa9,0x7c,0xb9,0xfc,0xe5,0x1a,0x6b,0xac,0xf1,0x77,0xb2,0x52,0x6e,0xa3,0xb5,0xd3,
0x12,0xb4,0x8e,0x5a,0x17,0x2d,0x51,0xeb,0xae,0xf5,0xd4,0x7a,0x6b,0x7d,0xfe,0x88,
0xbd,0x5a,0x3f,0x2d,0x45,0x4b,0xd3,0x06,0x6a,0x99,0xda,0x03,0xda,0x50,0x6d,0xb8,
0x96,0xad,0x8d,0xd1,0x26,0x68,0x93,0xb4,0x29,0xda,0xd3,0xda,0x74,0x2d,0x57,0xcb,
0xd7,0xe6,0x68,0x45,0xda,0x42,0xad,0x54,0x2b,0xd7,0xaa,0xb5,0x5a,0xad,0x41,0x5b,
0xad,0xad,0xd5,0x36,0x68,0x9b,0xb4,0x2d,0xda,0x36,0x6d,0x87,0xb6,0x4b,0x7b,0x5d,
0xdb,0xa7,0xed,0xd7,0x0e,0x6a,0xef,0x6a,0xef,0x69,0xef,0x6b,0x1f,0x68,0x1f,0x6a,
0x1f,0x69,0x1f,0x6b,0x9f,0x68,0x9f,0x6a,0x67,0xb4,0x73,0xda,0xe7,0xda,0x05,0xed,
0x0b,0xed,0x77,0xda,0x97,0x5a,0xa4,0xb3,0xd5,0xd9,0xeb,0x1c,0x74,0xce,0x3a,0x57,
0x9d,0x9b,0xce,0x43,0xe7,0xa5,0xf3,0xd1,0xed,0xd5,0xf9,0xe9,0x28,0x3a,0x9a,0x2e,
0x50,0xc7,0xd4,0x1d,0xd0,0x85,0xea,0xc2,0x75,0x6c,0x5d,0x8c,0x2e,0x41,0x97,0xa4,
0x4b,0xd1,0x9d,0xd6,0xa5,0xeb,0xb8,0x3a,0xbe,0x2e,0x47,0x27,0xd2,0x15,0xea,0xa4,
0x3a,0xb9,0x4e,0xad,0xd3,0xea,0x0c,0xba,0x6a,0x5d,0xad,0xae,0x41,0xd7,0xa4,0x6b,
0xd1,0xb5,0xe9,0x3a,0x74,0x5d,0xba,0xeb,0xba,0x3e,0x5d,0xbf,0x6e,0x50,0x77,0x57,
0x77,0x4f,0x77,0x5f,0xf7,0x40,0xf7,0x50,0xf7,0x48,0xf7,0x58,0xf7,0x44,0xf7,0x54,
0x37,0xa3,0x9b,0xd3,0x3d,0xd7,0x2d,0xe8,0x5e,0xe8,0xbe,0xd3,0xbd,0xd4,0x21,0xbd,
0xad,0xde,0x5e,0xef,0xa0,0x77,0xd6,0xbb,0xea,0xdd,0xf4,0x1e,0x7a,0x2f,0xbd,0x8f,
0x7e,0xaf,0xde,0x4f,0x4f,0xd1,0xd3,0xf4,0x81,0x7a,0xa6,0xfe,0x80,0x3e,0x54,0x1f,
0xae,0x67,0xeb,0x63,0xf4,0x09,0xfa,0x24,0x7d,0x8a,0xfe,0xb4,0x3e,0x5d,0xcf,0xd5,
0xf3,0xf5,0x39,0x7a,0x91,0xbe,0x50,0x2f,0xd5,0xcb,0xf5,0x6a,0xbd,0x56,0x6f,0xd0,
0x57,0xeb,0x6b,0xf5,0x0d,0xfa,0x26,0x7d,0x8b,0xbe,0x4d,0xdf,0xa1,0xef,0xd2,0x5f,
0xd7,0xf7,0xe9,0xfb,0xf5,0x83,0xfa,0xbb,0xfa,0x7b,0xfa,0xfb,0xfa,0x07,0xfa,0x87,
0xfa,0x47,0xfa,0xc7,0xfa,0x27,0xfa,0xa7,0xfa,0x19,0xfd,0x9c,0xfe,0xb9,0x7e,0x41,
0xff,0x42,0xff,0x9d,0xfe,0xa5,0x1e,0x55,0xd8,0x56,0xd8,0x57,0x38,0x54,0x38,0x57,
0xb8,0x56,0xb8,0x55,0x78,0x54,0x78,0x55,0xf8,0x54,0xec,0xad,0xf0,0xab,0xa0,0x54,
0xd0,0x2a,0x02,0x2b,0x98,0x15,0x07,0x2a,0x42,0x2b,0xc2,0x2b,0xd8,0x15,0x31,0x15,
0x09,0x15,0x49,0x15,0x29,0x15,0xa7,0x2b,0xd2,0x2b,0xb8,0x15,0xfc,0x8a,0x9c,0x0a,
0x51,0x45,0x61,0x85,0xb4,0x42,0x5e,0xa1,0xae,0xd0,0x56,0x18,0x2a,0xaa,0x2b,0x6a,
0x2b,0x1a,0x2a,0x9a,0x2a,0x5a,0x2a,0xda,0x2a,0x3a,0x2a,0xba,0x2a,0xae,0x57,0xf4,
0x55,0xf4,0x57,0x0c,0x56,0xdc,0xad,0xb8,0x57,0x71,0xbf,0xe2,0x41,0xc5,0xc3,0x8a,
0x47,0x15,0x8f,0x2b,0x9e,0x54,0x3c,0xad,0x98,0xa9,0x98,0xab,0x78,0x5e,0xb1,0x50,
0xf1,0xa2,0xe2,0xbb,0x8a,0x97,0x15,0xc8,0x60,0x6b,0xb0,0x37,0x38,0x18,0x9c,0x0d,
0xae,0x06,0x37,0x83,0x87,0xc1,0xcb,0xe0,0x03,0xec,0x35,0xf8,0x19,0x28,0x06,0x9a,
0x21,0xd0,0xc0,0x34,0x1c,0x30,0x84,0x1a,0xc2,0x0d,0x6c,0x43,0x8c,0x21,0xc1,0x90,
0x64,0x48,0x31,0x9c,0x36,0xa4,0x1b,0xb8,0x06,0xbe,0x21,0xc7,0x20,0x32,0x14,0x1a,
0xa4,0x06,0xb9,0x41,0x6d,0xd0,0x1a,0x0c,0x86,0x6a,0x43,0xad,0xa1,0xc1,0xd0,0x64,
0x68,0x31,0xb4,0x19,0x3a,0x0c,0x5d,0x86,0xeb,0x86,0x3e,0x43,0xbf,0x61,0xd0,0x70,
0xd7,0x70,0xcf,0x70,0xdf,0xf0,0xc0,0xf0,0xd0,0xf0,0xc8,0xf0,0xd8,0xf0,0xc4,0xf0,
0xd4,0x30,0x63,0x98,0x33,0x3c,0x37,0x2c,0x18,0x5e,0x18,0xbe,0x33,0xbc,0x34,0x20,
0xa3,0xad,0xd1,0xde,0xe8,0x60,0x74,0x36,0xba,0x1a,0xdd,0x8c,0x1e,0x46,0x2f,0xa3,
0x8f,0x71,0xaf,0xd1,0xcf,0x48,0x31,0xd2,0x8c,0x81,0x46,0xa6,0xf1,0x80,0x31,0xd4,
0x18,0x6e,0x64,0x1b,0x63,0x8c,0x09,0xc6,0x24,0x63,0x8a,0xf1,0xb4,0x31,0xdd,0xc8,
0x35,0xf2,0x8d,0x39,0x46,0x91,0xb1,0xd0,0x28,0x35,0xca,0x8d,0x6a,0xa3,0xd6,0x68,
0x30,0x56,0x1b,0x6b,0x8d,0x0d,0xc6,0x26,0x63,0x8b,0xb1,0xcd,0xd8,0x61,0xec,0x32,
0x5e,0x37,0xf6,0x19,0xfb,0x8d,0x83,0xc6,0xbb,0xc6,0x7b,0xc6,0xfb,0xc6,0x07,0xc6,
0x87,0xc6,0x47,0xc6,0xc7,0xc6,0x27,0xc6,0xa7,0xc6,0x19,0xe3,0x9c,0xf1,0xb9,0x71,
0xc1,0xf8,0xc2,0xf8,0x9d,0xf1,0xa5,0x11,0x55,0xda,0x56,0xda,0x57,0x3a,0x54,0x3a,
0x57,0xba,0x56,0xba,0x55,0x7a,0x54,0x7a,0x55,0xfa,0x54,0xee,0xad,0xf4,0xab,0xa4,
0x54,0xd2,0x2a,0x03,0x2b,0x99,0x95,0x07,0x2a,0x43,0x2b,0xc3,0x2b,0xd9,0x95,0x31,
0x95,0x09,0x95,0x49,0x95,0x29,0x95,0xa7,0x2b,0xd3,0x2b,0xb9,0x95,0xfc,0xca,0x9c,
0x4a,0x51,0x65,0x61,0xa5,0xb4,0x52,0x5e,0xa9,0xae,0xd4,0x56,0x1a,0x2a,0xab,0x2b,
0x6b,0x2b,0x1b,0x2a,0x9b,0x2a,0x5b,0x2a,0xdb,0x2a,0x3b,0x2a,0xbb,0x2a,0xaf,0x57,
0xf6,0x55,0xf6,0x57,0x0e,0x56,0xde,0xad,0xbc,0x57,0x79,0xbf,0xf2,0x41,0xe5,0xc3,
0xca,0x47,0x95,0x8f,0x2b,0x9f,0x54,0x3e,0xad,0x9c,0xa9,0x9c,0xab,0x7c,0x5e,0xb9,
0x50,0xf9,0xa2,0xf2,0xbb,0xca,0x97,0x95,0xa8,0xca,0xb6,0xca,0xbe,0xca,0xa1,0xca,
0xb9,0xca,0xb5,0xca,0xad,0xca,0xa3,0xca,0xab,0xca,0xa7,0x6a,0x6f,0x95,0x5f,0x15,
0xa5,0x8a,0x56,0x15,0x58,0xc5,0xac,0x3a,0x50,0x15,0x5a,0x15,0x5e,0xc5,0xae,0x8a,
0xa9,0x4a,0xa8,0x4a,0xaa,0x4a,0xa9,0x3a,0x5d,0x95,0x5e,0xc5,0xad,0xe2,0x57,0xe5,
0x54,0x89,0xaa,0x0a,0xab,0xa4,0x55,0xf2,0x2a,0x75,0x95,0xb6,0xca,0x50,0x55,0x5d,
0x55,0x5b,0xd5,0x50,0xd5,0x54,0xd5,0x52,0xd5,0x56,0xd5,0x51,0xd5,0x55,0x75,0xbd,
0xaa,0xaf,0xaa,0xbf,0xea,0xff,0x63,0xef,0x4c,0x00,0x74,0xaa,0x1a,0x3e,0x7e,0x9f,
0x67,0xe6,0x99,0x31,0x28,0x84,0x4a,0xb2,0x4e,0x96,0x30,0x63,0x76,0xc6,0x3a,0x86,
0xc7,0x18,0xc2,0xc8,0x96,0xb4,0x18,0xb2,0x65,0xdf,0x97,0x54,0x96,0x44,0xab,0x51,
0xa9,0xb4,0xd2,0x4a,0x2a,0x5b,0x92,0xb2,0x57,0x88,0x94,0x68,0x51,0xa6,0x08,0x49,
0x24,0xa4,0xde,0x37,0xa5,0xfa,0x7e,0x67,0xee,0xff,0xe6,0x78,0x3e,0xde,0xf4,0xd6,
0xdb,0x3a,0xcf,0xf1,0xf3,0x3f,0xe7,0xdc,0x73,0xcf,0x7e,0xce,0x3d,0x77,0x9d,0xa5,
0x53,0x56,0x4e,0x79,0x65,0xca,0xba,0x29,0xaf,0x4f,0xd9,0x34,0xe5,0xed,0x29,0x5b,
0xa7,0xe4,0x4e,0xd9,0x31,0x65,0xf7,0x94,0xbd,0x53,0x3e,0x9f,0x72,0x68,0xca,0x57,
0x53,0xbe,0x99,0x72,0x6c,0x8a,0x93,0x13,0x9e,0x53,0x20,0xa7,0x70,0x4e,0xd1,0x9c,
0x12,0x39,0xe7,0xe6,0x9c,0x9f,0x53,0x3e,0xe7,0x02,0x4c,0xd5,0x9c,0x1a,0x39,0x71,
0x39,0x49,0x39,0xb5,0x73,0xea,0xe5,0xa4,0xe5,0x34,0xc9,0x69,0x96,0x73,0x51,0x4e,
0x56,0x4e,0xbb,0x9c,0x4b,0x72,0x2e,0xcb,0xe9,0x92,0x73,0x55,0x4e,0xaf,0x9c,0xbe,
0x39,0x03,0x73,0x86,0xe6,0x8c,0xcc,0x19,0x93,0x33,0x36,0xe7,0x86,0x9c,0xc9,0x39,
0xb7,0xe6,0xe4,0xe4,0xdc,0x95,0x73,0x6f,0xce,0x03,0xf9,0xe6,0x6f,0x60,0xcc,0xdf,
0x1f,0x2f,0x2f,0x0a,0x84,0x39,0x4e,0xb6,0xec,0xe1,0xd8,0x13,0xd0,0x44,0xb9,0x7d,
0xb8,0x97,0x86,0xb9,0xf6,0x2a,0x68,0x3c,0x3a,0xc0,0x71,0xb5,0x09,0x9e,0x49,0x96,
0xdd,0xdb,0xcf,0xf3,0x6f,0x64,0x12,0x09,0x73,0xd5,0x27,0xf5,0x4b,0xc3,0xa4,0x05,
0xa4,0x05,0xd1,0xc6,0x4a,0x23,0xa8,0xfd,0x82,0xda,0x2f,0xa8,0xfd,0x82,0x0a,0x9f,
0xa9,0xed,0x99,0xda,0x9e,0xa9,0xed,0x99,0xda,0xde,0x4a,0xf1,0xb7,0x56,0xb8,0xd6,
0x0a,0xd7,0x5a,0xe1,0x5a,0x5b,0xdb,0x4d,0xf8,0xf6,0x0a,0xd7,0x5e,0xe1,0xda,0x2b,
0x5c,0x7b,0x6d,0xef,0x24,0xff,0x6c,0x85,0xcb,0xb6,0xdc,0x7e,0x69,0x98,0xd4,0xab,
0x4b,0x53,0x9e,0x6e,0x2a,0x4f,0x77,0xed,0xd7,0x5d,0xfb,0x75,0xd7,0x7e,0xdd,0x15,
0xbe,0xb7,0xb6,0xf7,0xd6,0xf6,0xde,0xda,0xde,0x5b,0xdb,0xfb,0x2b,0xfe,0x01,0x0a,
0x37,0x40,0xe1,0x06,0x28,0xdc,0x00,0x6b,0xbb,0x09,0x3f,0x4c,0xe1,0x86,0x29,0xdc,
0x30,0x85,0x1b,0xa6,0xed,0xa3,0xe4,0x3f,0xca,0xaa,0xff,0x70,0xe5,0x3b,0x5c,0xee,
0x08,0xb9,0x23,0xe4,0xae,0x2a,0x77,0x55,0xb5,0x93,0x4f,0xe5,0xf3,0xc9,0xed,0x97,
0xdb,0x2f,0x77,0xa4,0xdc,0x91,0x72,0x17,0x96,0xdb,0x68,0x13,0xe9,0x55,0xd2,0xa0,
0xd2,0xed,0x2e,0x0d,0x2a,0xdd,0xee,0xd2,0xa0,0xe2,0xe9,0x2e,0x0d,0x2a,0x1f,0xdd,
0xa5,0x41,0xc5,0xd3,0x5d,0x9a,0xa1,0x7c,0xf4,0x94,0x66,0x28,0x9e,0x9e,0xd2,0x0c,
0xc5,0xd3,0x53,0x9a,0xa1,0x76,0xea,0x29,0x6d,0xa6,0xfd,0x7a,0x59,0xfd,0x2a,0x4c,
0xed,0x11,0x26,0x77,0xb8,0xdc,0xe1,0x72,0x47,0xc8,0x1d,0x21,0x77,0x55,0xb9,0xab,
0xca,0x1d,0x29,0x6d,0xee,0xb8,0xfe,0x57,0xcb,0x6e,0xe2,0xbf,0x5a,0xda,0x42,0xe9,
0xf7,0x91,0x5e,0xa4,0xfa,0xed,0x2b,0xbd,0x48,0xfe,0x7d,0xad,0xed,0x85,0xe5,0x2e,
0x2c,0xf7,0x62,0xc7,0x75,0x1b,0x6d,0xa5,0xfd,0xfa,0x4b,0x5b,0x69,0xbf,0xfe,0xd2,
0x56,0xda,0xaf,0xbf,0x74,0xa9,0xdf,0xb5,0xb7,0x56,0xb9,0x06,0x48,0x5b,0xab,0x5c,
0x03,0xa4,0xc6,0x5d,0x48,0x6e,0xa3,0x17,0x2b,0xfe,0xc1,0xd2,0x8b,0x15,0xff,0x60,
0xe9,0xc5,0x8a,0x7f,0xb0,0xb4,0xad,0xc2,0x0d,0x91,0xb6,0x55,0xf9,0x87,0x48,0xdb,
0x6a,0xbf,0x21,0xd2,0xb6,0xda,0x6f,0x88,0xb4,0x9d,0xfc,0x87,0x4a,0xdb,0xc9,0x7f,
0xa8,0xb4,0xbd,0xda,0x69,0x98,0xb4,0xbd,0xca,0x31,0x4c,0xda,0x5e,0xe5,0x18,0x26,
0x6d,0xaf,0xf1,0x3a,0x4c,0xda,0x5e,0xe5,0x1a,0x26,0x6d,0xaf,0x76,0x1c,0x26,0xed,
0xa8,0x7c,0x8e,0x90,0x76,0x92,0x8e,0xb2,0xdc,0x66,0x5c,0x5d,0xaa,0xf2,0x8d,0x96,
0x5e,0xaa,0x7e,0x30,0x5a,0x7a,0xa9,0xf2,0x3b,0xda,0x2a,0x9f,0xa9,0xdb,0xd2,0xaa,
0xdb,0xd2,0x4a,0xbb,0xb4,0xd2,0x2e,0xad,0xb1,0x73,0xa9,0x35,0x8e,0x46,0x5b,0x63,
0x69,0xb4,0xd5,0x0f,0x4c,0xdf,0xba,0x48,0xfd,0xac,0xaf,0xb4,0x95,0xfc,0x5b,0xc9,
0xdd,0x5f,0xda,0x48,0xfb,0x65,0x4b,0x33,0xa5,0xbd,0xa5,0xad,0xa5,0x03,0xac,0xfa,
0x2d,0xac,0x3c,0x15,0xb6,0xe6,0xc9,0x70,0x6b,0x8e,0x09,0xb7,0xfc,0x7d,0x96,0xbf,
0xcf,0xf2,0x2f,0x6c,0xf9,0xdb,0xf1,0x38,0x96,0xbf,0x63,0x1d,0x27,0xc2,0xad,0x39,
0xd6,0x9b,0xa7,0x22,0x2d,0x7f,0xcf,0xbe,0x46,0xed,0xbc,0x47,0x9a,0xa1,0x7c,0xf6,
0x94,0xb6,0x90,0xf6,0xb1,0xca,0x57,0x55,0xe5,0xab,0x6a,0xb9,0xc3,0x2d,0x3f,0x63,
0x5f,0xec,0x73,0xc3,0xdf,0xe1,0x77,0xf5,0x6a,0xab,0x1d,0x4c,0x9b,0x78,0xed,0xe1,
0xb5,0x45,0x86,0xda,0xbd,0xa7,0x35,0xfe,0x1c,0x8d,0x37,0xc7,0x3a,0xee,0xf9,0xac,
0x63,0x86,0x4f,0xf9,0xf7,0x29,0xff,0x46,0xb7,0x4a,0xbf,0xb1,0x8e,0xa3,0x45,0xb4,
0x4f,0x11,0xb9,0x8b,0xc9,0x5d,0x4c,0xf3,0x61,0x11,0xcd,0x87,0x45,0xe4,0x2e,0x26,
0x77,0x31,0xb5,0x6f,0x11,0xb5,0x6f,0x11,0xb9,0x8b,0xc9,0x5d,0x4c,0xe5,0x2f,0xa2,
0xb2,0x17,0x91,0xbb,0x98,0xdc,0xc5,0x34,0x9e,0x8b,0x68,0x3c,0x17,0x91,0xbb,0x98,
0xdc,0xc5,0xd4,0x8e,0x45,0xd4,0x86,0x45,0xe4,0x2e,0x26,0x77,0x31,0x8d,0xe7,0xca,
0xea,0xef,0x95,0x35,0x7e,0x2b,0x6b,0xfc,0x56,0xd6,0xfc,0x5b,0x58,0xf3,0x6f,0x61,
0xab,0x9d,0xb3,0xad,0xf9,0xdf,0x3b,0xae,0x56,0xb1,0x8e,0xe3,0xe1,0xd6,0x31,0x30,
0xdc,0x3a,0xce,0x87,0x5b,0xc7,0x48,0xcf,0x3f,0x52,0x7e,0x91,0x96,0x3b,0xdc,0xf2,
0x0b,0xd7,0x38,0x0e,0xd7,0xb8,0x0e,0x57,0x7e,0x7a,0xf8,0xdd,0x76,0x37,0x65,0x1d,
0x85,0xfd,0x1a,0x18,0xe7,0x77,0xe7,0x82,0x51,0x5a,0x33,0x45,0x68,0xbd,0x14,0x29,
0x2d,0x28,0xad,0x2a,0x0d,0x93,0x9a,0xb9,0xa5,0x9b,0xdf,0x1d,0x9f,0xa6,0x2e,0x46,
0xc2,0x34,0xbf,0xdb,0x37,0x4c,0x3b,0x17,0x0f,0x3b,0x3e,0x66,0x96,0xf8,0xdd,0x7d,
0x82,0xd8,0xeb,0x5a,0x6b,0xb3,0x59,0xd2,0xa9,0x0a,0x67,0xe6,0xfd,0x69,0xb2,0xdf,
0x23,0x9d,0x2e,0x7d,0x58,0xfa,0xb8,0x74,0xb6,0x17,0xb7,0x95,0xce,0x74,0xd9,0x1f,
0x97,0xce,0x97,0xff,0x22,0x2f,0x7e,0x6b,0x1f,0xa3,0xaf,0xda,0x79,0x94,0xdd,0xf3,
0x5b,0x61,0x85,0x31,0xfa,0x9a,0x74,0x01,0xbc,0xa0,0x34,0x36,0xcb,0x6f,0xb3,0xf6,
0x59,0x03,0x2b,0xe1,0x45,0x58,0x05,0xab,0xe1,0x5e,0xa5,0xff,0x28,0x94,0x0c,0x77,
0xeb,0xc7,0xa8,0x09,0x5f,0x3c,0xdc,0xdd,0x3f,0x42,0xee,0xf3,0xe4,0x3e,0x57,0xe1,
0xa2,0xc3,0xdd,0xf6,0x38,0x57,0x5a,0x5b,0x9a,0xac,0xed,0xc9,0xda,0x2f,0x51,0xfb,
0x75,0x90,0xbb,0x8e,0xdc,0xb5,0x15,0xae,0xb1,0xf6,0x1b,0x1a,0xae,0xbe,0x2d,0x3d,
0x5b,0xfe,0x29,0xd2,0xa2,0xd2,0x38,0xcb,0x5d,0x40,0xee,0x02,0xca,0xb7,0x97,0xbe,
0xd1,0xad,0xf2,0x7f,0x5f,0x7a,0xb6,0x34,0x45,0x7a,0x8e,0xb4,0x96,0xd4,0x94,0x23,
0x5c,0xf9,0x0a,0x97,0xbb,0x80,0xdc,0x46,0xcb,0x4a,0x1b,0x48,0xf7,0x4a,0x3f,0x93,
0xc6,0x48,0x5b,0x4a,0xa3,0x15,0x4f,0x63,0x69,0xb4,0xfc,0x1b,0x5b,0xdb,0x0b,0xc9,
0x6d,0xb4,0x8a,0xfc,0x33,0xa4,0xd5,0xa5,0x2d,0xa4,0x3d,0x03,0x8c,0x4b,0x18,0x0f,
0x7d,0x60,0x18,0x54,0x89,0x60,0xcc,0x47,0xb8,0xda,0x0e,0x9a,0x49,0x8d,0xbb,0x3d,
0x34,0xb7,0xdc,0x43,0xb5,0xdd,0xe8,0x5a,0x69,0x73,0xe9,0x3b,0x0a,0xb7,0x4a,0xba,
0x59,0x5a,0x35,0xca,0x71,0xea,0x41,0x9c,0x34,0x51,0x5a,0x52,0x7a,0xb6,0xf4,0x1c,
0xe9,0xf9,0xd2,0x0a,0xd2,0x8a,0xd2,0xea,0xd2,0x9a,0xd2,0xb5,0xb0,0x5c,0xfa,0x1e,
0xcc,0x84,0xa5,0xf0,0x88,0x74,0xae,0x34,0xa1,0x20,0xe1,0xa1,0xb6,0xf4,0x6c,0xe9,
0x39,0xd2,0xf3,0xa5,0xd5,0xa5,0x19,0x85,0xe8,0x67,0x85,0x5c,0x6d,0x20,0xed,0x08,
0x15,0xa0,0x1e,0x54,0x94,0xde,0x01,0xef,0xc1,0x1a,0x58,0x0e,0x6b,0xa5,0x6b,0xe4,
0xdf,0xb4,0x30,0xf1,0xc0,0x0a,0x78,0x07,0xd6,0x58,0xfa,0xae,0x74,0xb5,0xa5,0x66,
0x5b,0xd3,0x33,0x48,0x13,0x32,0xa4,0xc6,0xdd,0x11,0xde,0x87,0xf5,0xd2,0x37,0x2d,
0xf5,0xfc,0xb6,0x43,0xcb,0x33,0x29,0x2b,0x6c,0x84,0x05,0x30,0x07,0xa6,0x4b,0x67,
0x42,0xa1,0x22,0x8e,0x93,0x0e,0x8b,0xe1,0x22,0x69,0x1b,0x69,0x07,0x69,0x67,0x69,
0x1a,0x2c,0x82,0x41,0x30,0x58,0x3a,0x14,0x16,0xc0,0x58,0xe9,0x20,0xd9,0x17,0x5a,
0xea,0xf9,0x79,0x7a,0x87,0xe2,0x7b,0x40,0x3a,0x53,0xfa,0x84,0x74,0x8e,0x34,0x47,
0xe9,0x55,0x2a,0xea,0x38,0xb1,0x90,0x0b,0x81,0xd2,0x8c,0x43,0x88,0x94,0x46,0x49,
0x0b,0x49,0xcf,0x90,0x16,0x93,0xd6,0x91,0xd6,0x93,0x36,0x90,0x36,0x94,0xa6,0x4b,
0xcd,0xf1,0xca,0x1c,0xc3,0xd3,0xb5,0x26,0x30,0xc7,0xab,0xdb,0x7d,0xee,0x7a,0xc0,
0x1c,0xdb,0xbc,0xf3,0x80,0x16,0x5a,0xa3,0xb5,0xd4,0x9a,0xcc,0x1c,0x87,0x2a,0x32,
0xcf,0x67,0x39,0xee,0x31,0xd5,0x1c,0x17,0xcd,0xb1,0xd3,0xac,0x37,0xcd,0xb1,0x2f,
0x8b,0x6d,0x6d,0xc0,0x5f,0xc6,0x71,0xba,0x6a,0x9d,0x61,0x8e,0x81,0x9d,0xf0,0xeb,
0x0c,0x97,0xf9,0xdd,0xb5,0x86,0x59,0xd7,0xf4,0x33,0xf1,0xfb,0xdc,0xe3,0x59,0x3b,
0xfc,0xcf,0x66,0x9f,0x73,0x60,0xa0,0xe3,0x1e,0x67,0xcd,0xb1,0xb8,0x0c,0xee,0x01,
0x6c,0x1b,0x8e,0xbd,0x52,0x19,0x77,0x5e,0x5e,0x08,0xcf,0x69,0x1e,0x5e,0xab,0x35,
0xc1,0x60,0x85,0x37,0xe1,0xbc,0x30,0xab,0xac,0x30,0xf5,0x19,0xfb,0x17,0xfb,0xdd,
0xf3,0xbb,0xf6,0xe8,0x21,0xc7,0xcd,0x4b,0x0f,0xf4,0x4a,0x34,0x1b,0xba,0x43,0x2f,
0xe8,0x6d,0x8e,0x9f,0xe6,0xb8,0x49,0x7a,0x0f,0xa2,0xfd,0x60,0x22,0xf6,0x87,0xd1,
0x41,0x30,0x10,0x06,0xc3,0x10,0x18,0x0a,0xc3,0x60,0x24,0x8c,0x87,0x09,0x30,0x87,
0x32,0xdd,0x84,0xde,0x0c,0xe7,0xb3,0xdf,0x2d,0xe8,0xad,0x7e,0x77,0xbd,0x95,0x83,
0x4e,0xf5,0xbb,0xeb,0xb3,0x17,0xb4,0x6e,0xa8,0xa4,0x75,0x83,0xd1,0x74,0x1d,0x93,
0xbb,0x4a,0x8d,0x3b,0x5a,0xee,0x68,0xb9,0xe3,0xe5,0x8e,0xb7,0xae,0x47,0xf8,0xac,
0x73,0x79,0x9f,0xd6,0x7b,0x91,0x5a,0x73,0x47,0xca,0x1d,0x2d,0x77,0xb4,0xdc,0xf1,
0x72,0xc7,0xcb,0x5d,0x45,0xee,0x2a,0x72,0xc7,0xc8,0x1d,0x63,0x9d,0xff,0x3a,0xd6,
0x39,0xb0,0x63,0xf9,0xfb,0x2c,0x7f,0xef,0x7a,0x48,0x8c,0xfc,0xbc,0xfd,0xe3,0xe4,
0x8e,0xb3,0xd6,0x47,0x11,0xd6,0x1a,0xc9,0xd8,0x9b,0x2a,0xbf,0x3d,0xac,0xf3,0xde,
0x70,0xad,0x4f,0xc3,0xb5,0xee,0x8a,0xd4,0x3a,0x27,0x52,0xee,0x68,0xb9,0xa3,0xe5,
0x2e,0x20,0x77,0x01,0xb9,0xab,0xc8,0xed,0x9d,0x37,0xc7,0xca,0x1d,0xab,0x75,0x65,
0x9c,0xfa,0x50,0x9c,0x75,0x7d,0xc6,0x67,0x5d,0xdb,0xf0,0x69,0x3d,0xee,0xd3,0x7a,
0xdc,0x73,0x47,0xcb,0x1d,0x2d,0x77,0xbc,0xdc,0xf1,0x3a,0xbf,0x89,0xd6,0x79,0x6f,
0xb4,0xe5,0x0e,0xb7,0xfc,0xc2,0xe5,0x1f,0x2f,0x3f,0x6f,0xbf,0x18,0xb9,0x8d,0xb6,
0x54,0x7a,0xfd,0xa4,0x2d,0x55,0xee,0x7e,0xd2,0x96,0x8a,0xab,0x9f,0xb4,0x95,0xfc,
0xfb,0x4b,0x5b,0xc9,0xbf,0xbf,0xb5,0x3d,0x5e,0xee,0x78,0xb9,0x63,0xe4,0x8e,0xb1,
0xd6,0xa3,0x3e,0x6b,0x3d,0xea,0xb3,0xfc,0x0b,0x58,0xfe,0x05,0xc2,0x8e,0x9f,0x87,
0x3b,0xd6,0xb9,0xb8,0x63,0xf9,0xfb,0x2c,0x7f,0x63,0xcf,0x52,0x39,0x06,0x3a,0xc7,
0xdd,0x91,0x72,0x47,0x6a,0x9d,0x1e,0xa9,0x75,0xba,0xe7,0x8e,0x96,0x3b,0xda,0x72,
0x87,0x5b,0x7e,0xe1,0xf2,0x8f,0x97,0x5f,0xbc,0xd6,0xef,0x91,0x5a,0xbf,0x47,0xca,
0x1d,0x2d,0x77,0xb4,0x75,0x7e,0x1f,0x69,0x9d,0xe3,0x47,0x5a,0xe7,0xf1,0x91,0xd6,
0xb9,0xbc,0xbd,0x7f,0xa4,0x15,0x47,0xa4,0xce,0x0b,0x22,0x75,0x5e,0xe0,0xb9,0xa3,
0xe5,0x8e,0x96,0x3b,0x5e,0xee,0x78,0xb9,0x63,0xe4,0x8e,0xd1,0x79,0xc7,0x05,0x3a,
0xef,0xb8,0x40,0xee,0x38,0xb9,0xe3,0xe4,0x8e,0x91,0x3b,0xc6,0xba,0x6e,0xe0,0xb3,
0xae,0x1d,0xf8,0xac,0xeb,0x07,0x05,0xac,0x6b,0x08,0xc6,0xde,0x41,0x61,0x86,0x4b,
0x3b,0x28,0x5f,0xc3,0xa5,0x1d,0x75,0x9e,0x37,0x42,0xda,0x51,0x75,0x31,0x42,0xda,
0x51,0x63,0x60,0x84,0xb4,0xa3,0xca,0x39,0x42,0xda,0x51,0xf1,0x8c,0x90,0x5e,0x22,
0xff,0x91,0xd2,0x4b,0xb4,0xdf,0x48,0xeb,0x3a,0x65,0xa4,0xce,0x57,0xbc,0xeb,0x0b,
0x7e,0x5d,0x5f,0xf0,0xcb,0x1d,0x2d,0x77,0xb4,0xdc,0xf1,0x72,0xc7,0x6b,0xdc,0x7a,
0xf5,0xe9,0xe5,0xab,0xa0,0xe2,0x2b,0xa8,0x79,0x74,0x39,0x73,0xeb,0xf5,0x3e,0x37,
0xfe,0x46,0x8a,0x27,0x5b,0x6a,0xdc,0x51,0x72,0x47,0x59,0xd7,0x7b,0xed,0x6b,0xa5,
0xf6,0x75,0x60,0xc7,0xf2,0x77,0x2c,0xff,0x28,0xcb,0xdf,0x8e,0x27,0xcc,0xf2,0x0f,
0xb3,0xd2,0xf7,0x5b,0x79,0xf0,0x5b,0xd7,0x2f,0x7d,0xd6,0x35,0x4c,0x9f,0xe5,0xef,
0x58,0xfe,0x8e,0xe5,0x1f,0x65,0xf9,0x47,0x59,0xfe,0x61,0x96,0xbf,0x9d,0x6e,0x84,
0x95,0xae,0x77,0x9d,0x32,0x5a,0x73,0x6e,0xb4,0xdc,0x51,0x72,0x47,0xc9,0x1d,0x26,
0x77,0x98,0x75,0x5d,0xdb,0xbe,0x26,0x6c,0x5f,0xef,0x76,0x2c,0x7f,0xc7,0xf2,0x8f,
0xb2,0xfc,0xa3,0x2c,0xff,0x30,0xcb,0x3f,0xcc,0xca,0x8f,0xdf,0xca,0x93,0x77,0x3d,
0x33,0x4a,0x73,0x70,0x94,0xdc,0xd1,0x72,0x47,0x6b,0x7e,0x89,0xd6,0xdc,0xe2,0xb9,
0xa3,0xe4,0x8e,0xb2,0xae,0xa3,0xdb,0xd7,0xa0,0xed,0xeb,0xeb,0x8e,0xe5,0xef,0x58,
0xfe,0x51,0x96,0xbf,0x1d,0x4f,0x98,0xe5,0x1f,0x66,0xa5,0xef,0xb7,0xf2,0xe0,0x5d,
0xb7,0x2f,0x6d,0xa5,0x5b,0xda,0x4a,0xb7,0xb4,0x95,0x6e,0x69,0x2b,0xdd,0xd2,0x56,
0xba,0xa5,0xad,0x74,0x4b,0x5b,0xe9,0x96,0xb6,0xd2,0x35,0xf6,0x68,0xcb,0x3f,0x5a,
0xe3,0x3f,0x5a,0x63,0xdf,0x73,0x47,0xc9,0x1d,0x65,0x5d,0xa3,0xf3,0x59,0xd7,0xe9,
0x7c,0x96,0xbf,0x63,0xf9,0x3b,0x96,0x7f,0x94,0xe5,0x6f,0xc7,0x13,0x66,0xf9,0x87,
0x59,0xfe,0xd1,0x96,0x7f,0xb4,0xc6,0xbb,0xa3,0xf1,0xe9,0xc8,0x1d,0x2d,0xb7,0xb7,
0x3d,0x4a,0xee,0x28,0xb9,0xc3,0xe4,0x0e,0xd3,0xb9,0x7d,0x71,0x69,0x09,0xcb,0xed,
0x58,0x7e,0x8e,0xe5,0xef,0xb3,0xfc,0x7d,0x96,0x7f,0xba,0xe5,0x9f,0xae,0x6b,0x11,
0xc5,0xa5,0x25,0x2c,0xb7,0x63,0xf9,0x39,0x96,0xbf,0xcf,0xf2,0xf7,0x59,0xfe,0xe9,
0x96,0x7f,0xba,0xae,0x01,0x14,0x97,0x96,0xb0,0xdc,0x8e,0xe5,0xe7,0x58,0xfe,0x3e,
0xcb,0xdf,0xd8,0xa7,0xc9,0x7f,0x9a,0xfc,0xa6,0x59,0xfb,0x4f,0xb3,0xf6,0x9f,0x66,
0xed,0x3f,0xcd,0xda,0x7f,0xb1,0xfc,0x17,0xcb,0x6f,0xb1,0xb5,0xff,0x62,0x6b,0xff,
0xc5,0xd6,0xfe,0x8b,0x4f,0xb2,0x7f,0xba,0xe5,0x9f,0xae,0xeb,0x34,0xc5,0xa5,0x25,
0x2c,0xb7,0x63,0xf9,0x39,0x96,0xbf,0xcf,0xf2,0xf7,0x59,0xfe,0xe9,0x96,0x7f,0xba,
0xae,0xc7,0x14,0x97,0x96,0xb0,0xdc,0x8e,0xe5,0xe7,0x58,0xfe,0x3e,0xcb,0xdf,0x67,
0xf9,0xa7,0x5b,0xfe,0xe9,0xba,0x46,0x54,0x5c,0x5a,0xc2,0x72,0x3b,0x96,0x9f,0x63,
0xf9,0xfb,0x2c,0x7f,0x9f,0xe5,0x9f,0x6e,0xf9,0xa7,0xeb,0x7a,0x51,0x71,0x69,0x09,
0xcb,0xed,0x58,0x7e,0x8e,0xe5,0xef,0xb3,0xfc,0xbd,0xeb,0x5b,0xc5,0xa5,0x25,0x2c,
0xb7,0x63,0xf9,0x39,0x96,0xbf,0xcf,0xf2,0xf7,0xae,0x53,0x15,0x97,0x96,0xb0,0xdc,
0x8e,0xe5,0xe7,0x58,0xfe,0x3e,0xcb,0xdf,0xde,0x3f,0xdd,0xf2,0x4f,0xd7,0x75,0xae,
0x12,0x96,0x3a,0x96,0xdd,0x67,0xd9,0xd3,0x75,0x8d,0xac,0xb8,0xb4,0x84,0xe5,0x76,
0x2c,0x3f,0xc7,0xf2,0xf7,0x59,0xfe,0x3e,0xcb,0x3f,0xdd,0xf2,0x4f,0xd7,0xb5,0xbe,
0xe2,0xd2,0x12,0x96,0xdb,0xb1,0xfc,0x1c,0xcb,0xdf,0x67,0xf9,0xfb,0x2c,0xff,0x74,
0xcb,0xdf,0x1b,0xf7,0x4e,0xc8,0x75,0x42,0x27,0xe4,0x7a,0xa1,0x13,0x72,0xdd,0xd0,
0xb1,0xae,0x1f,0xae,0xb0,0xda,0xd4,0xab,0x43,0x27,0xe4,0x9a,0xa1,0x63,0x5d,0x3b,
0xf4,0xe6,0x9c,0xa0,0x35,0xe7,0x04,0x43,0xe6,0xae,0x60,0xc8,0xfc,0x15,0x0c,0x99,
0xc3,0x82,0x21,0xf3,0x58,0x30,0x64,0x2e,0x0b,0x86,0xcc,0x67,0x41,0x6b,0x4e,0x0a,
0x5a,0x73,0x52,0x30,0x64,0x6e,0x0b,0x86,0xcc,0x6f,0xc1,0x90,0x39,0x2e,0x18,0x32,
0xcf,0x05,0x43,0xe6,0xba,0x60,0xc8,0x7c,0x17,0xb4,0xe6,0x8c,0xa0,0x35,0x67,0x04,
0x43,0xe6,0x9e,0x60,0xc8,0xfc,0x13,0x0c,0x99,0x83,0x82,0x21,0xf3,0x50,0x30,0x64,
0x2e,0x0a,0x86,0xcc,0x47,0x41,0x6b,0x4e,0x09,0x5a,0x73,0x4a,0x30,0x64,0x6e,0x0a,
0x86,0xcc,0x4f,0xc1,0x90,0x39,0x2a,0x18,0x32,0x4f,0x05,0x43,0xe6,0xaa,0x60,0xc8,
0x7c,0x15,0xb4,0xfa,0x6f,0xd0,0xea,0xbf,0xc1,0x90,0x71,0x10,0x0c,0x19,0x0b,0xc1,
0x90,0xf1,0x10,0x0c,0x19,0x13,0xc1,0x90,0x71,0x11,0x0c,0x19,0x1b,0x41,0xab,0x7f,
0x07,0xad,0xfe,0x1d,0x0c,0x19,0x27,0xc1,0x90,0xb1,0x12,0x0c,0x19,0x2f,0xc1,0x90,
0x31,0x13,0x0c,0x19,0x37,0xc1,0x90,0xb1,0xe3,0xf5,0xb3,0x08,0x69,0xb8,0x35,0x9e,
0xbc,0x6d,0x41,0x6b,0x6c,0x79,0xf6,0x74,0x4b,0xbd,0x3e,0x13,0x21,0x0d,0x97,0x3a,
0xd6,0x3d,0x81,0xa9,0x0a,0x67,0xee,0x19,0x78,0xc7,0x03,0xcf,0x6e,0x34,0x5d,0xf7,
0x11,0xd2,0xad,0xf1,0xea,0xf5,0x89,0xa0,0x35,0x76,0x3d,0x7b,0xba,0xa5,0x41,0x1d,
0x23,0xbd,0xe3,0xa6,0x77,0x3c,0x72,0xac,0xfb,0x0f,0xf7,0x28,0xdc,0x8a,0x72,0x1a,
0xeb,0xe5,0x34,0xf6,0xcb,0x1d,0x3f,0xb6,0x44,0x48,0xc3,0xad,0xfb,0x08,0x4e,0xc8,
0xbd,0x89,0x25,0xd6,0xb1,0xa8,0x80,0x75,0xfc,0x88,0x90,0x86,0x4b,0x1d,0xeb,0x9e,
0xc7,0x0f,0x4a,0xf3,0x87,0x72,0xc7,0xdd,0xde,0xfc,0x1c,0x21,0x0d,0xb7,0xee,0x59,
0x38,0x21,0xf7,0x34,0x56,0xa9,0xfd,0x56,0x59,0xc7,0x84,0x74,0x2b,0x8c,0x37,0xbf,
0x47,0x48,0xc3,0xa5,0x8e,0x75,0x9f,0x65,0xa6,0xf6,0x9d,0xa5,0x75,0x9a,0x77,0xcf,
0xa6,0x8b,0x73,0x7c,0x7e,0xf3,0xfa,0x64,0xd0,0x9a,0xeb,0x3c,0x7b,0xba,0xa5,0x41,
0x1d,0xb3,0x1c,0xeb,0x7e,0xce,0x6c,0x6b,0xee,0xf6,0xdc,0x26,0xdc,0x73,0xba,0x4f,
0x64,0xd2,0xf6,0x63,0x09,0x2b,0x7f,0xfc,0x99,0x9f,0xff,0x44,0x51,0x85,0x4b,0x64,
0xbf,0x58,0xe7,0xe4,0x98,0xed,0x09,0xe5,0xff,0x3f,0xc9,0x27,0xa1,0x82,0xe3,0x62,
0xf6,0x09,0x10,0x67,0x43,0xe7,0x38,0xde,0xb6,0x86,0x27,0x89,0xcf,0x84,0x8f,0xd3,
0xf3,0x12,0xe6,0x79,0xa2,0x64,0x48,0x81,0x5a,0x50,0x1b,0x52,0xa1,0x3a,0x9c,0x55,
0xd1,0x71,0xea,0x9b,0xfb,0x6b,0x70,0xa1,0xee,0x6b,0xc7,0xe9,0xb9,0x24,0xef,0x99,
0xa4,0x5f,0xb2,0x7f,0xb6,0xae,0xab,0x0e,0xd0,0x3d,0x39,0x73,0x7d,0xb5,0x97,0xae,
0xab,0xf6,0xd5,0xb5,0x55,0x93,0xc6,0x40,0xdd,0xb7,0x33,0xe7,0xcb,0xde,0xfd,0xbf,
0xd1,0xba,0x76,0x3b,0x44,0xf1,0xd4,0x74,0xdc,0x6b,0x87,0x9e,0xdd,0xf8,0x9b,0xeb,
0x8a,0xf3,0xa4,0xdd,0xe4,0x3f,0xc0,0xb2,0x9b,0x35,0x7e,0x8e,0xcf,0x0d,0x63,0xae,
0xd9,0xf5,0xd4,0x75,0x63,0x8f,0xbc,0xeb,0x6d,0x3e,0xf7,0xbc,0x2d,0x53,0xd7,0x90,
0xfb,0xea,0x1a,0x72,0x2b,0xc5,0x65,0xae,0xfd,0xb4,0x51,0x5e,0x3c,0xda,0xea,0x5a,
0x73,0x3b,0x5d,0x93,0xbe,0x48,0xf6,0x96,0xba,0x7f,0x3d,0x5b,0xd7,0x04,0x5a,0x38,
0xc7,0xef,0x4d,0xa7,0x2b,0x9f,0xdd,0xb5,0x4f,0x53,0x85,0x37,0x69,0x6c,0x0a,0x38,
0xce,0x5b,0xb0,0x19,0xb6,0x04,0xdc,0x76,0x6a,0xaa,0x7d,0xcd,0xb5,0x89,0x95,0xba,
0x56,0x7c,0x27,0xcc,0x80,0x62,0x15,0xdd,0x6b,0x9f,0xde,0x75,0x6b,0xef,0x39,0x18,
0xef,0xf9,0xb1,0x5a,0x96,0x3d,0xd5,0xb2,0xc7,0x5b,0xed,0x69,0xdc,0x89,0x6a,0x57,
0xcf,0xee,0xf9,0x27,0x5b,0xfe,0xc9,0xd6,0xb3,0x68,0xc9,0x6a,0x7f,0xcf,0xee,0x85,
0x4f,0x51,0x9f,0xf0,0xec,0x9e,0x7f,0x6d,0x6b,0xdf,0xda,0x56,0x98,0xda,0xea,0x3b,
0x9e,0xdd,0x0b,0xef,0xb5,0xc3,0xc9,0xe8,0x60,0x91,0x69,0x69,0xa8,0xdd,0xe3,0x12,
0x8b,0x4c,0x4b,0xbd,0x76,0x6e,0xac,0x7b,0x0a,0x2d,0x55,0x7f,0xa7,0x62,0xb8,0x45,
0x6f,0x4b,0x43,0xed,0x1e,0x23,0x2d,0x7a,0x5b,0xda,0x5b,0x7d,0xab,0x9b,0xda,0xad,
0x9f,0xda,0xc2,0xab,0xfb,0x1c,0x06,0x6f,0x6d,0xf3,0x4c,0x84,0xf4,0x2e,0xe9,0x26,
0xe9,0xdb,0xd2,0xcd,0xd2,0xb0,0x8a,0xae,0x16,0x90,0x16,0x92,0x46,0x4b,0x2b,0x49,
0xab,0x57,0xfc,0xff,0xc4,0x9e,0x84,0x7a,0x0a,0xdf,0x58,0x1a,0x94,0x36,0x93,0x9a,
0x71,0x6d,0x34,0x5b,0xee,0x96,0xd2,0x7a,0xf2,0x6f,0x20,0xbd,0x4a,0xfe,0xdd,0xa5,
0x83,0xa5,0x43,0xa4,0xc3,0xa5,0x23,0xa4,0xa3,0xa5,0xd7,0x48,0xc7,0x4b,0x27,0x48,
0x6f,0x94,0x4e,0x92,0x3e,0x22,0x9d,0x25,0x9d,0x2d,0x9d,0x23,0x1d,0x23,0xbd,0x56,
0x3a,0x55,0x7a,0x87,0x74,0x81,0x74,0xa1,0xf4,0x39,0xe9,0x22,0xaf,0x3e,0x69,0x94,
0xa8,0xb8,0xd3,0x9b,0xf3,0xec,0xf1,0x14,0x6f,0xcd,0x93,0xf1,0xce,0xf1,0xf1,0xe4,
0x3d,0xd7,0xe9,0x8d,0x17,0x6f,0x7c,0x78,0x63,0xd4,0xeb,0xff,0xa9,0xda,0x37,0x4e,
0xf3,0x67,0xbc,0xe6,0xd0,0xaa,0xf2,0xf7,0xec,0x89,0x96,0x3d,0xc9,0xb2,0x27,0x5b,
0xf6,0x14,0xcb,0x5e,0xcb,0xb2,0xd7,0xb6,0xec,0xa9,0x96,0xdd,0x2b,0x87,0xed,0x8e,
0x0f,0x71,0x27,0x84,0xb8,0x13,0x43,0xdc,0x49,0x21,0xee,0xe4,0x10,0x77,0x4a,0x88,
0xbb,0x56,0x88,0xbb,0x76,0x88,0x3b,0x35,0xa4,0xfc,0x5e,0xfe,0xe2,0x75,0xdc,0x4c,
0x90,0x26,0x4a,0x93,0xa4,0xc9,0xd2,0x14,0x69,0x2d,0x69,0x6d,0x69,0xaa,0xd4,0x2b,
0x73,0xac,0x55,0xde,0x58,0xab,0xac,0xb1,0x56,0x39,0x63,0xad,0x32,0xc6,0x5a,0xe5,
0x8b,0xb5,0xca,0x16,0x6b,0x95,0x2b,0xd6,0x2a,0x53,0xac,0x55,0x9e,0x58,0xab,0x2c,
0xb1,0x2a,0x5b,0xb6,0x55,0xce,0xae,0x96,0xbd,0x9b,0x65,0xbf,0xca,0xb2,0x77,0xb7,
0xec,0x3d,0x2c,0x7b,0x4f,0xcb,0xde,0xcb,0xb2,0xf7,0xb6,0xec,0x57,0x5b,0xf6,0x3e,
0x96,0xbd,0xaf,0x65,0xef,0x67,0xd9,0xfb,0x5b,0xf6,0x01,0x96,0x7d,0xa0,0x65,0x1f,
0x64,0xd9,0x07,0x5b,0xf6,0x21,0x96,0x7d,0xa8,0x65,0x1f,0x66,0xd9,0x87,0x5b,0xf6,
0x11,0x96,0x7d,0xa4,0x65,0x1f,0x65,0xd9,0x47,0xcb,0xde,0xc8,0x39,0x7e,0x3c,0x6d,
0x62,0x1d,0x4f,0x4f,0xe7,0xbe,0xb0,0x7d,0x3c,0x6f,0x6b,0xdd,0x1b,0xee,0xa0,0xfb,
0xc3,0xe6,0x38,0xd1,0x49,0xc7,0xf1,0x6c,0xb5,0x49,0x37,0xeb,0x58,0xdb,0x43,0x75,
0xdd,0xcb,0x3a,0xee,0x86,0xae,0x67,0x06,0xa8,0x8e,0x06,0xa9,0x4e,0x86,0x58,0xf7,
0x8a,0x87,0xab,0xac,0x23,0xad,0x75,0x8e,0xe9,0x0f,0xa1,0x73,0x74,0x1d,0xc7,0xa5,
0xfe,0x29,0xf8,0xb0,0x9a,0x3b,0x5f,0x5d,0xad,0xbc,0x67,0xc7,0x38,0xce,0x46,0x32,
0xf2,0xf0,0xc3,0x6e,0x61,0xab,0x42,0x0a,0x34,0x84,0x4e,0x30,0x11,0x6e,0x85,0x19,
0xf0,0xa2,0xf1,0xa7,0x12,0xba,0x43,0x1f,0x18,0x0f,0x77,0xc3,0x1c,0xd8,0x01,0x5f,
0xab,0x82,0xee,0x87,0xa3,0x50,0x92,0x8a,0x3a,0x0f,0x6a,0x43,0x23,0xb8,0x0c,0x7a,
0xc3,0x78,0x78,0x1e,0xd6,0xc1,0x2e,0x78,0x8f,0x8c,0x94,0xa3,0x12,0xf7,0x53,0x89,
0x7e,0x2a,0xb1,0x20,0x94,0x84,0x2a,0x30,0x04,0xb2,0x3a,0x3b,0xce,0x58,0xf8,0x06,
0x8a,0x5c,0xe6,0x38,0x15,0xa1,0x36,0xf4,0x87,0x41,0xb0,0xed,0x72,0xc7,0xf9,0x04,
0x0e,0xc3,0x0f,0x30,0xf8,0x0a,0xea,0x07,0xae,0x87,0xaf,0xe0,0x07,0x28,0x74,0x25,
0xe7,0x11,0x90,0x05,0xd9,0x30,0x04,0x5e,0x86,0x02,0x34,0x54,0x0a,0xb4,0x80,0x9a,
0x34,0x54,0x12,0x4c,0x82,0x7b,0xe0,0x31,0x58,0x02,0x3b,0xe0,0x13,0x38,0x44,0x23,
0x16,0xa0,0x11,0xab,0x42,0x79,0xea,0xac,0x2b,0x8c,0x82,0x85,0xb0,0x01,0xde,0x86,
0x6d,0x50,0x84,0x46,0x2d,0x01,0x49,0xd0,0x87,0x06,0xad,0x46,0x63,0xa6,0x40,0x5d,
0x68,0x08,0x19,0xd0,0x09,0x3a,0xc3,0xd3,0x70,0x03,0x0d,0x7d,0x13,0xe4,0xd2,0xd8,
0x7b,0xe0,0x5c,0x1a,0xbc,0x1c,0x54,0x85,0x38,0xb8,0x05,0xee,0x80,0xe1,0x74,0x82,
0x6b,0xe1,0x59,0x58,0x01,0x5f,0xc0,0x36,0x3a,0xc5,0x4e,0x38,0x02,0x75,0xe8,0x18,
0x2f,0xc0,0x72,0x18,0x4a,0x07,0xd9,0x00,0x47,0x61,0xc8,0x18,0xea,0x0e,0x52,0xae,
0xa7,0x0f,0xc3,0xcd,0xb0,0x0c,0x7c,0x63,0x1d,0xa7,0x30,0x9c,0x05,0x89,0x70,0x3d,
0xdc,0x04,0xbb,0xc6,0x39,0xce,0x3e,0x38,0x02,0xc7,0xa0,0xf0,0x78,0xc7,0x29,0x0d,
0xe5,0xa0,0x3f,0x0c,0x86,0x91,0xd0,0xf2,0x46,0xca,0x07,0x69,0x93,0x19,0x2f,0xd0,
0x0d,0xae,0xbb,0x89,0xfc,0xc2,0x66,0x70,0x6e,0x66,0x5e,0xbb,0x95,0x31,0x06,0xed,
0x61,0x24,0x3c,0x08,0x57,0xdd,0x46,0x3f,0x87,0x85,0x30,0xe7,0x76,0xc7,0x59,0x0f,
0xf7,0x4f,0x61,0xbd,0x0d,0x8b,0x60,0x6a,0x0e,0x63,0x71,0xaa,0xe3,0xac,0x81,0xd7,
0xe1,0x2d,0x18,0x31,0x8d,0x3e,0x00,0xe7,0xdf,0x4d,0xdf,0x81,0x25,0xb0,0x17,0xda,
0xdc,0xe3,0x38,0x57,0x40,0x57,0xe8,0x0d,0x1b,0xe0,0x00,0x1c,0x01,0xdf,0xbd,0x1c,
0xef,0x61,0x1b,0x6c,0x87,0xbb,0xa7,0x73,0x5e,0x0a,0x4f,0xc3,0xac,0xfb,0x1c,0x67,
0x2b,0x6c,0x87,0x4a,0xf7,0xd3,0xf6,0x90,0x00,0xf5,0xe0,0x52,0xf8,0xe4,0x01,0xc6,
0xdd,0x43,0xd4,0x09,0x3c,0x0e,0x2f,0xc1,0xcb,0xb0,0x11,0xde,0x82,0xa3,0xf0,0x3d,
0x9c,0xc9,0xb8,0x29,0x0e,0xe5,0xa1,0x2e,0x34,0x87,0x8b,0xe1,0x36,0x78,0x00,0x66,
0x3c,0xec,0x9e,0x47,0x9d,0x15,0xe7,0x8e,0x81,0x26,0x10,0x84,0x16,0xb8,0xa7,0x43,
0x4b,0x69,0x6b,0x69,0x1b,0x69,0x5b,0x69,0x7b,0x69,0x47,0x69,0x27,0x69,0x67,0xe9,
0xe5,0xd2,0x2b,0xa5,0xd9,0xd2,0xab,0xa4,0x3d,0xa4,0xbd,0xa4,0x03,0x2c,0xbd,0x0f,
0x06,0xcb,0x3d,0x58,0xee,0x61,0x72,0x0f,0x93,0x7b,0xa4,0xdc,0x23,0xe5,0xbe,0x46,
0xee,0x6b,0xe4,0x6e,0x2a,0xb7,0x29,0xa3,0xa7,0xc6,0xff,0x41,0xf9,0x4f,0x86,0x9b,
0x61,0x8e,0xdc,0xcf,0x48,0xe7,0x4a,0xe7,0x4b,0x17,0x4a,0x17,0x49,0x17,0x4b,0x97,
0x48,0x5f,0x92,0x2e,0x93,0xae,0x90,0xae,0x92,0xbe,0x22,0x5d,0x23,0x5d,0x27,0x7d,
0xd3,0x52,0x93,0xaf,0xcd,0x72,0x6f,0x96,0xfb,0x1d,0xb9,0xdf,0x91,0x7b,0xab,0xdc,
0x5b,0xe5,0xde,0x26,0xf7,0x36,0xb9,0x9f,0x90,0xfb,0xa0,0xf4,0x90,0xf4,0xb0,0xf4,
0x4b,0xe9,0xf7,0x56,0xb9,0x4c,0x5e,0x9c,0x62,0xf4,0x47,0x78,0x0a,0xfc,0xf0,0x34,
0x3c,0x03,0x61,0x10,0x0e,0x01,0x98,0x07,0xf3,0x61,0x01,0x2c,0x84,0xe7,0x60,0x11,
0x9c,0x07,0x11,0x10,0x09,0x05,0xa0,0x02,0x44,0x41,0x41,0x28,0x04,0x85,0xe1,0x0c,
0x38,0x13,0x8a,0x40,0x51,0x28,0x06,0x67,0x41,0x36,0x74,0x85,0x6e,0x70,0x15,0x74,
0x87,0x1e,0xd0,0x13,0x7a,0x41,0x6f,0xb8,0x1a,0xfa,0x40,0x5f,0xe8,0x07,0xfd,0x61,
0x00,0x0c,0x84,0x41,0x30,0x18,0x86,0xc0,0x50,0x18,0x06,0x5d,0xa0,0x04,0x94,0x84,
0xb5,0xb0,0x0e,0x5e,0x87,0x37,0x60,0x0b,0xbc,0x07,0xef,0xc3,0xf9,0xf0,0x21,0x6c,
0x87,0x32,0x50,0x16,0xca,0x43,0x45,0x88,0x86,0x2a,0x70,0x21,0x54,0x87,0x1a,0x10,
0x03,0xb1,0x50,0x13,0x12,0x20,0x05,0xd2,0x20,0x03,0x2e,0x82,0xc3,0xf0,0x25,0x74,
0x84,0x4b,0xa0,0x13,0xdc,0x00,0x13,0x61,0x32,0x4c,0x85,0x3b,0xe0,0x2e,0x78,0x08,
0x66,0x16,0x73,0x8f,0x69,0xe6,0xf8,0x15,0x05,0xdb,0x38,0xce,0x14,0x44,0x63,0xa0,
0x10,0x24,0x0c,0x73,0x8f,0x71,0xa5,0xc0,0x07,0x17,0x72,0xac,0x89,0xeb,0xe8,0x1e,
0xe7,0xcc,0xba,0xc1,0xb4,0x99,0xb7,0x86,0xf0,0x5b,0xf6,0x30,0xcb,0x1e,0xb0,0xec,
0x11,0x96,0x3d,0xd2,0xb2,0x47,0x59,0xf6,0x42,0x96,0xbd,0xb0,0x65,0x3f,0xd3,0xb2,
0x17,0xb1,0xec,0x45,0x2d,0x7b,0x31,0xcb,0x7e,0x96,0x65,0x77,0xd4,0xce,0x76,0x5e,
0xb3,0x43,0xf2,0x9b,0x1d,0x92,0xe7,0xec,0x90,0x7c,0x67,0x87,0xe4,0x3d,0x3b,0x24,
0xff,0xd9,0x21,0x65,0xc8,0x0e,0x29,0x47,0x76,0x48,0x59,0xb2,0x43,0xca,0x93,0x1d,
0x52,0xa6,0xec,0x90,0x72,0x65,0x87,0x94,0x2d,0x34,0xfe,0xfe,0x21,0xe9,0xf7,0x56,
0xbf,0x37,0xfd,0x79,0xce,0x49,0xb6,0x9d,0x15,0xb2,0x8f,0xe9,0x07,0x9e,0xfd,0x56,
0xcb,0x1e,0x65,0xd9,0x4d,0xff,0xf0,0xec,0x77,0x59,0xfe,0xfd,0xda,0x58,0x75,0x69,
0xf9,0xf7,0xb1,0xfc,0x2f,0xb7,0xfc,0xcd,0x3c,0xef,0xd9,0xcd,0x7a,0xe1,0xa7,0xf0,
0x03,0xad,0x73,0xb0,0xbe,0xc7,0xed,0x55,0xad,0x30,0xe6,0x58,0xe7,0xd9,0xcd,0x9a,
0xc8,0xb3,0x9b,0xf5,0x87,0x67,0xaf,0xd6,0xcb,0xca,0xbf,0xb5,0x6f,0x83,0x51,0xc7,
0xed,0x67,0xb4,0xb3,0xd6,0xc2,0x83,0x8f,0xdb,0x67,0xde,0x6a,0xe5,0xd9,0x0a,0xff,
0xdc,0xc5,0xc7,0xed,0xbb,0xac,0xb2,0x8c,0xb1,0xe2,0xe9,0xd1,0xd9,0x0a,0x33,0xfc,
0xb8,0xdd,0xd7,0xfa,0xb8,0x7d,0xad,0x15,0x7f,0x3b,0xab,0x1e,0xfa,0x59,0x69,0x15,
0xb3,0xc2,0x9b,0x75,0x86,0x67,0x3f,0x22,0x7b,0x6b,0x16,0xd6,0x63,0xae,0x70,0xd7,
0x61,0x53,0xae,0x71,0xd7,0xde,0xde,0x35,0xb3,0x04,0xeb,0x5c,0x2b,0xc1,0x3a,0xd7,
0x4e,0xd0,0x79,0x56,0x82,0x73,0xfc,0x3a,0x54,0x8a,0xb4,0x96,0xb4,0xb6,0x34,0x55,
0xfb,0xc4,0x59,0xe7,0xdb,0x89,0x56,0x5c,0x89,0xd6,0xf9,0x7b,0xa2,0xe2,0x73,0x34,
0x6f,0x87,0x69,0xae,0xf6,0xe6,0xe3,0x28,0x6b,0x0e,0x3e,0xd9,0xfc,0xeb,0x8d,0x4d,
0x6f,0x4c,0x7a,0x63,0xd1,0x1b,0x83,0xde,0xd8,0xf3,0xc6,0x9c,0x37,0xd6,0xbc,0x31,
0xe6,0x8d,0x2d,0x6f,0x4c,0x79,0x63,0xc9,0x1b,0x43,0xde,0xd8,0x39,0x2b,0x24,0xdc,
0x62,0xa5,0xed,0x8d,0x93,0xfe,0x8a,0x73,0xa8,0xb4,0xff,0x49,0xe6,0x46,0xd3,0xe7,
0x4d,0x5f,0x37,0x7d,0xdc,0xf4,0x6d,0xd3,0xa7,0x4d,0x5f,0x36,0x7d,0xd8,0xf4,0x5d,
0xd3,0x67,0x4d,0x5f,0x35,0x7d,0xd4,0xf4,0x4d,0xd3,0x27,0x4d,0x5f,0x34,0x7d,0xd0,
0xf4,0x3d,0xd3,0xe7,0x4c,0x5f,0x33,0x7d,0xcc,0xf4,0x2d,0xd3,0xa7,0xb6,0xa2,0xb5,
0x86,0xb9,0xeb,0xf8,0xde,0xac,0xeb,0xaa,0x11,0xef,0x40,0xe2,0xdc,0x4b,0x5c,0x81,
0x7b,0xdd,0xbe,0x30,0x1d,0xbf,0x6e,0x7d,0x4e,0x9c,0x9b,0xf7,0xb0,0x8e,0x3f,0x42,
0xb8,0xba,0x70,0x4f,0x67,0xb7,0xef,0x99,0x3e,0x67,0xfa,0x9a,0xe9,0x63,0xa6,0x6f,
0x9d,0xdf,0xc9,0x6d,0x9f,0x14,0xb5,0x53,0x2d,0xa9,0x77,0xfd,0x30,0x55,0x6d,0x18,
0x67,0x5d,0x4f,0x49,0xb2,0xfa,0x8a,0xd7,0xc6,0x49,0xd6,0xb5,0x9a,0x24,0xc5,0x97,
0xa4,0xf8,0x92,0x14,0x5f,0x92,0xe2,0x4b,0xb6,0xae,0xdd,0x98,0x7a,0x49,0x90,0x26,
0x4a,0x93,0xa4,0xc9,0xd2,0x14,0x69,0x2d,0x69,0x6d,0x69,0xaa,0xd4,0xbb,0x9e,0xe0,
0xd9,0xe3,0x2d,0xbb,0x17,0x77,0x33,0x9d,0x3b,0x76,0xd7,0x79,0xa1,0x67,0xef,0x60,
0x5d,0x43,0x36,0xe7,0xb3,0x8f,0x10,0xd1,0x63,0x5a,0xa3,0xcc,0x82,0xa7,0xb4,0xee,
0x7a,0x46,0xeb,0xad,0xf9,0x5a,0x8f,0x2c,0xd2,0xfa,0x6a,0x89,0xd6,0x55,0xcb,0xb4,
0x9e,0x5a,0xa5,0x75,0xd4,0x1a,0xad,0x59,0xd6,0xc3,0x06,0x78,0x1d,0x36,0xc2,0x1b,
0x5a,0x47,0x6d,0xd6,0x7a,0x69,0xab,0xd6,0x45,0x1f,0xc1,0x76,0xd8,0x01,0x1f,0xc3,
0x4e,0xd8,0x0d,0x7b,0x60,0x2f,0x7c,0x06,0xfb,0x60,0x3f,0x7c,0x0e,0x07,0xb4,0x7e,
0x3a,0xa4,0x75,0x93,0x59,0x33,0xed,0x36,0x7d,0xb1,0x9d,0x5b,0x06,0x6f,0xad,0x76,
0x4c,0xf9,0x78,0x44,0xfb,0x9a,0x34,0x67,0xca,0x7d,0xc4,0x5a,0xa3,0x3d,0x22,0x8e,
0x29,0xdc,0x63,0xca,0xf7,0x11,0x6b,0x9d,0xf9,0x98,0xdc,0xab,0x54,0x3f,0xb3,0xe5,
0x9e,0xa5,0x7a,0x98,0x6b,0xa5,0x37,0x5d,0xfe,0xc7,0x54,0x7f,0xc7,0x54,0x97,0x47,
0x14,0xf6,0x29,0xf9,0xed,0xd0,0xf6,0xc7,0x54,0xbe,0x39,0x2a,0xeb,0xcb,0x8a,0x67,
0x8e,0xca,0xba,0xcf,0x8a,0x6b,0xba,0xfc,0x8e,0x58,0xee,0x23,0xaa,0x43,0x6f,0x6d,
0x1c,0xba,0x56,0xde,0xa0,0xfd,0x8d,0xfb,0x13,0x2b,0x3e,0x6f,0xfb,0x7e,0x6b,0x3d,
0xec,0xf9,0x1f,0xb0,0xd4,0xab,0x83,0xcf,0x94,0x67,0xcf,0xff,0x63,0xab,0xcc,0xfb,
0x2d,0xff,0x83,0x56,0x19,0x42,0xf7,0x0d,0x75,0xaf,0xb3,0xea,0x79,0xbf,0xb5,0x4e,
0x7f,0xcc,0x4a,0xfb,0x80,0xd2,0xd9,0xa8,0x3e,0x78,0x4c,0xf5,0xb8,0x50,0xfb,0xac,
0x97,0xfd,0x98,0xb5,0xce,0x5e,0xa4,0x38,0xbc,0x78,0x17,0x59,0xed,0xe7,0xd5,0xfd,
0x62,0xd5,0x85,0xdd,0xce,0x2f,0x59,0xe1,0x3c,0xfb,0xba,0x90,0xfa,0x59,0x62,0x9d,
0x27,0x2c,0xb6,0xda,0x7c,0xbf,0x55,0x9e,0xf5,0xea,0xef,0x6f,0x58,0x75,0xf1,0xa6,
0xf2,0xf4,0x4a,0x48,0x1f,0xb5,0xd3,0xb1,0xfd,0x5f,0xb1,0xce,0x3f,0x8e,0xa9,0xef,
0xef,0xb7,0xce,0x3d,0x1e,0x51,0x5e,0xd6,0x85,0xf8,0xcf,0x0d,0x71,0x2f,0xb4,0xce,
0x5b,0xec,0x71,0x60,0xf7,0x35,0xef,0x1c,0xe6,0x51,0xab,0x4d,0xbd,0x73,0x9b,0x97,
0x55,0xce,0x27,0xad,0xfd,0x3f,0xb3,0xc6,0xd0,0x5c,0xd5,0x8f,0x37,0x7e,0xbc,0x71,
0xb5,0xcc,0xb2,0x6f,0x50,0x1e,0xb6,0x2a,0xcc,0x2b,0xd6,0x36,0x6f,0x5c,0x6c,0xb5,
0xca,0xbe,0xd8,0x3a,0x8f,0xf2,0xca,0xbf,0xc2,0x6a,0xdf,0xc7,0xac,0x3a,0xdb,0x16,
0x52,0xff,0xdb,0xb4,0x6d,0x9b,0x15,0xff,0x3a,0xeb,0x3c,0xcc,0xcb,0xa7,0x67,0xf7,
0xc6,0xcf,0x63,0x56,0x7f,0xf3,0xdc,0xfb,0x65,0x7f,0x59,0x6d,0xf1,0x91,0xfc,0xe6,
0xca,0x7e,0x44,0x79,0xfd,0x54,0xf6,0xed,0x56,0x1c,0x9e,0x7b,0x9f,0xa5,0x76,0x7b,
0xee,0xd7,0x18,0xf2,0xc6,0xab,0x6d,0xf7,0xfa,0x51,0xe8,0x18,0xdb,0x1d,0x32,0xcf,
0xec,0xb6,0xe2,0xda,0x63,0xcd,0x6d,0xfb,0xac,0xb6,0xdd,0x2f,0xf7,0x67,0x21,0xfd,
0xc2,0xdb,0xef,0x98,0xd5,0xd6,0xde,0x1c,0xbb,0x43,0xea,0xd5,0xdd,0x7c,0x6b,0xae,
0xb1,0xc7,0xb7,0x39,0xf6,0x2c,0x19,0xe8,0x1e,0x6f,0x8c,0x26,0x48,0x13,0xa5,0x49,
0xd2,0x64,0x69,0x8a,0xb4,0x96,0xb4,0xb6,0x34,0xd5,0x8a,0xc7,0x8e,0x33,0xde,0xb2,
0x27,0x58,0xf6,0x44,0xcb,0x9e,0x64,0xd9,0x93,0x2d,0x7b,0x8a,0x65,0xaf,0x65,0xd9,
0x6b,0x5b,0xf6,0x54,0x2b,0xdf,0x71,0x96,0xdd,0x2e,0x4f,0x82,0x65,0x4f,0xb4,0xec,
0x5e,0xba,0xbd,0x74,0x7d,0x37,0x5b,0xd7,0x6b,0xb3,0x75,0xad,0xb8,0xbd,0xae,0xe3,
0x66,0xeb,0xb8,0x3b,0x40,0xc7,0xdc,0x81,0x21,0xf7,0xe3,0x3c,0x4d,0xb0,0xec,0x89,
0xba,0x9e,0x6c,0xe2,0x18,0xc2,0x5a,0xb6,0x28,0x11,0xc5,0xf4,0x70,0x8f,0x71,0xe6,
0xba,0xa6,0x59,0xef,0x9c,0x89,0xfb,0xa5,0xbe,0xee,0x1a,0xaa,0xc8,0x95,0x9c,0xe7,
0xb7,0x76,0xd7,0x51,0x03,0x95,0x7e,0x7f,0xe9,0x52,0x3d,0xf3,0xdc,0x4f,0xee,0x3e,
0xd2,0x16,0xba,0x9e,0xdd,0x52,0x9a,0x21,0xf5,0xee,0x77,0xf7,0x55,0x58,0xdb,0x3d,
0x50,0xd7,0xbc,0xfb,0x4b,0x97,0x86,0x1d,0xd7,0x9e,0x4a,0xc3,0x7b,0x87,0xc9,0xbb,
0xef,0x3d,0x5a,0x6e,0xcf,0xde,0xd2,0xb2,0x67,0x58,0xf6,0x76,0x96,0x7d,0x69,0xd8,
0xf1,0x6b,0xdb,0x7d,0x55,0x2f,0x7d,0xad,0x6b,0xde,0x3d,0xac,0xeb,0xde,0xfd,0x14,
0xbe,0x9f,0x73,0x9c,0x6e,0xd2,0x3e,0xce,0x89,0xfe,0x09,0xd6,0xb6,0x04,0x4b,0xfb,
0x84,0xf8,0x79,0x6d,0xd0,0xcd,0xb2,0x7b,0xda,0x27,0xc4,0xaf,0x64,0x45,0xf7,0x5a,
0xbb,0x6d,0x4f,0xb0,0xfa,0x44,0x1f,0xcb,0xde,0xd2,0xb2,0x67,0x58,0xf6,0xc1,0x56,
0xff,0xb1,0xed,0x5e,0x7c,0x27,0xf3,0x4b,0xb0,0x9e,0x61,0xe8,0x2f,0x5d,0x1a,0x76,
0x3c,0x2f,0x43,0xb4,0xbd,0x83,0xb6,0x77,0xd0,0xf6,0x0e,0xda,0xde,0x41,0x79,0xeb,
0xa0,0x7c,0x79,0x7d,0xb3,0xa3,0xc2,0x77,0x54,0xf8,0x8e,0x0a,0xdf,0x51,0xe1,0x3b,
0x2a,0xbc,0xe7,0x9e,0xad,0x77,0x6d,0x66,0xeb,0x79,0xfa,0x58,0x85,0x8f,0x55,0x7f,
0x1a,0xa4,0x7a,0xec,0x66,0xf5,0xfb,0xc6,0x2a,0x87,0xd7,0x4f,0x1a,0x6b,0x7c,0xc4,
0x6a,0xbb,0xd7,0x1f,0x47,0xe9,0x9e,0x47,0xb6,0xfa,0x46,0x96,0xee,0x7f,0xf4,0x57,
0xff,0xf5,0x68,0xa9,0xbc,0x0c,0x75,0x4e,0xec,0x37,0xfd,0xa5,0x03,0x94,0x4e,0x5f,
0xdd,0x03,0xe9,0xa7,0xb1,0xd9,0xcf,0xba,0x47,0xde,0x4f,0xe1,0xfa,0x2a,0x9d,0x66,
0xaa,0x0f,0xbb,0x3c,0x59,0xc2,0x6b,0x47,0xef,0x59,0x91,0xc1,0xba,0xaf,0x33,0x5c,
0xf5,0xd2,0x55,0xf5,0x69,0xca,0xe8,0x8d,0x3b,0xcf,0x1e,0xaf,0xf3,0xf1,0x04,0x69,
0xa2,0x34,0x49,0x9a,0x2c,0x4d,0x91,0xd6,0x92,0xd6,0x96,0xa6,0x4a,0xbd,0xb9,0xd2,
0xb3,0xc7,0x5b,0xf6,0x04,0xcb,0x9e,0x68,0xd9,0x93,0x2c,0x7b,0xb2,0x65,0x4f,0xb1,
0xec,0xb5,0x2c,0x7b,0x6d,0xcb,0x9e,0x6a,0xe5,0x3b,0xce,0xb2,0xdb,0xe5,0x49,0xb0,
0xec,0x89,0x96,0x3d,0xc9,0xb2,0x27,0x5b,0xf6,0x14,0xcb,0x5e,0xcb,0xb2,0xd7,0xb6,
0xec,0xa9,0x56,0x3d,0xc5,0x59,0x76,0x2f,0xdd,0x9e,0xd6,0xfc,0xd4,0x3c,0x9c,0x73,
0x1a,0x18,0xf0,0xa4,0xdb,0x1e,0x8d,0x35,0x4f,0x99,0x5b,0x4b,0x95,0x7d,0xf8,0x41,
0x15,0xb6,0xd5,0x9a,0x43,0x7f,0xf1,0xd3,0x7e,0xe8,0x6d,0x68,0x33,0xce,0x09,0xbf,
0xea,0xe1,0xde,0x4b,0x58,0x87,0xfd,0x2d,0x3a,0x4e,0x02,0xe7,0x14,0x9f,0xb4,0x75,
0xaf,0xc3,0x1b,0xda,0x74,0x72,0xcf,0x5d,0x27,0x31,0x29,0x37,0xc3,0xfe,0x2f,0x12,
0xed,0x4d,0x83,0x4f,0xbc,0xde,0x71,0x1a,0xde,0xe8,0x38,0x2f,0x4e,0x72,0x9c,0x6f,
0x26,0x3b,0xce,0x14,0xce,0x53,0xfd,0x57,0x3b,0x4e,0x69,0x1a,0xfb,0x7d,0x3a,0xd0,
0x47,0x74,0x90,0xfa,0x37,0x38,0xce,0xd5,0xec,0x7b,0x78,0xba,0xe3,0x8c,0x27,0xde,
0x61,0xc4,0x1b,0x4e,0x87,0x2d,0x4d,0xc7,0x89,0x61,0xdf,0xb2,0x0f,0xd1,0x9f,0x38,
0x67,0xdd,0x4f,0x07,0xdc,0x38,0x91,0x31,0x70,0x93,0xe3,0xbc,0x46,0x27,0xda,0x3a,
0x8e,0x73,0x65,0xe2,0x5c,0xcf,0x31,0xe0,0x1c,0x0a,0x7a,0x35,0x71,0x1e,0x63,0x9f,
0x37,0x48,0xe3,0x46,0xe6,0xfb,0xc5,0x14,0xec,0x23,0x3a,0xe1,0x2b,0x0c,0x9a,0x2d,
0xa4,0x59,0x94,0x6d,0x9f,0x0e,0x77,0xef,0xcd,0x44,0x10,0xef,0x65,0x70,0xf0,0x36,
0xca,0x72,0x0f,0x75,0x72,0xbf,0xe3,0x7c,0xfb,0x20,0xc7,0x10,0x06,0xc0,0xf5,0x0c,
0xac,0x19,0xd7,0x92,0xc6,0x04,0xf2,0x71,0xa7,0x7b,0x9f,0xe2,0xdd,0x9b,0x59,0xa7,
0x5c,0x82,0x9b,0x63,0x49,0x97,0x31,0x8e,0x73,0x1d,0x71,0x74,0x25,0xbe,0xf5,0x84,
0x5f,0x4d,0x9d,0xfc,0xfb,0x6e,0xf2,0xc3,0xf6,0xae,0x97,0x39,0x4e,0x71,0xd2,0xfa,
0x80,0xbc,0x14,0x21,0xbf,0x35,0x89,0xa7,0xd6,0x75,0x8c,0x43,0xb6,0x6f,0x26,0x2f,
0xb7,0xb0,0x5f,0x2e,0xf9,0x7a,0x1d,0xce,0x67,0x32,0x5f,0xce,0xf6,0xc3,0xa4,0x33,
0x8c,0xed,0x63,0x6f,0x61,0x0d,0xd4,0xd5,0xad,0x9f,0x1f,0x48,0x2f,0x95,0xba,0xf8,
0x94,0x73,0xf3,0xb3,0xba,0x50,0xaf,0xd4,0xd3,0x40,0xce,0xf5,0xcf,0xa1,0x6e,0xbe,
0x23,0xcd,0x15,0x94,0x6f,0x36,0x79,0x39,0x83,0x30,0xaf,0xd3,0xb8,0x23,0x69,0xeb,
0x8a,0xc4,0xf5,0x32,0xdb,0xaf,0x20,0x1f,0xbe,0x11,0x1c,0x23,0xa9,0xd7,0xa7,0x88,
0xe7,0xc5,0x3e,0xee,0xfd,0x9f,0xc9,0x84,0xfb,0x81,0xf8,0x3f,0x19,0x4f,0xf9,0x98,
0x6c,0xba,0x13,0xdf,0xb3,0xec,0xdf,0x9b,0xbc,0xbc,0x06,0xe3,0x98,0x4c,0x3e,0xa5,
0x6c,0x03,0xd8,0xbe,0x99,0xfd,0xde,0xa4,0x4d,0xbe,0x26,0xcf,0xe9,0xed,0xdc,0x6b,
0x0c,0x9f,0x53,0xcf,0xaf,0x92,0xce,0x0f,0x94,0xab,0x1a,0x75,0xf4,0xcc,0x34,0xea,
0xfc,0x3e,0xc7,0xb9,0x87,0xfa,0x79,0xe3,0x21,0xf7,0xde,0xe4,0x1a,0xfa,0xc9,0x08,
0x73,0xff,0x8e,0xf4,0x86,0x12,0x3e,0x47,0x37,0x6c,0xef,0xa3,0x0d,0xa2,0xd9,0x2f,
0x93,0x09,0xef,0x26,0x26,0xa2,0xf5,0xec,0xff,0x15,0xf9,0x1d,0x40,0x7d,0x54,0x26,
0xec,0x17,0xe4,0x35,0x9a,0x76,0x6b,0x4e,0x7d,0x9f,0x43,0x3c,0x8f,0xc2,0x32,0xd2,
0x5d,0x47,0x1f,0x59,0x3d,0xd9,0x2d,0xc7,0x6b,0xc4,0xf7,0x35,0x65,0xbe,0x86,0xbc,
0x3f,0x4b,0x1a,0x0d,0xc8,0xeb,0xb0,0x21,0xee,0xf9,0xed,0xd1,0x0e,0x6e,0x5d,0xbd,
0x48,0x3f,0x39,0x9f,0xfa,0x5a,0x80,0x7f,0x6f,0xd2,0xb9,0x8f,0xfe,0xd7,0x94,0x34,
0x92,0xee,0xa0,0x4f,0x52,0xc7,0xcd,0x68,0xeb,0x73,0xef,0xa5,0x1d,0xa8,0xbf,0x67,
0xcd,0x75,0x14,0xca,0xf8,0x02,0xfe,0x1f,0xb3,0xcf,0x8d,0xc4,0xf3,0x01,0x13,0xd7,
0x17,0xc4,0xd3,0x90,0x76,0x9c,0xde,0xdd,0x6d,0x8b,0x37,0xc8,0x73,0x3a,0xfd,0xe6,
0x18,0x79,0x1c,0x93,0xe3,0xde,0x7f,0x9a,0x4c,0x39,0x63,0xd9,0xef,0x26,0xf2,0x79,
0x0d,0x7d,0xef,0x08,0x34,0xa2,0xcd,0x1f,0x60,0x6c,0x44,0x91,0x6e,0x27,0xea,0xb6,
0x0f,0xed,0x54,0x94,0x32,0x5e,0x71,0xaf,0x7b,0xed,0x27,0x96,0x7a,0x18,0xc9,0x3e,
0xd5,0x49,0xa3,0x14,0xf9,0xdc,0x47,0xf8,0x6a,0x94,0xfd,0x16,0xca,0xd4,0x84,0x7a,
0x3a,0xa7,0x97,0xdb,0xce,0x37,0x12,0xe6,0x42,0xe2,0x2d,0x42,0xf9,0xbb,0x9b,0xfe,
0x44,0x5a,0xad,0x88,0x7f,0x16,0xdb,0x3f,0xa1,0x0d,0x23,0x88,0x7f,0x27,0xf1,0x8f,
0xa2,0x6c,0x6f,0x52,0x37,0x1f,0x4f,0x76,0xef,0xe5,0xed,0x64,0xbf,0x86,0xb4,0xff,
0x8b,0xe4,0xa1,0x0c,0xfb,0x6e,0x22,0xdf,0xf7,0x12,0xf6,0x5b,0xc6,0xcc,0xa3,0x6c,
0xeb,0xf8,0x80,0xe3,0x3c,0x4c,0x3b,0xdd,0x43,0x5c,0x1b,0x48,0x7b,0xef,0x38,0xf7,
0x3e,0x66,0xf9,0x6b,0x1c,0xe7,0x0e,0xea,0x72,0x25,0xfd,0x79,0x3a,0xf5,0x7d,0x09,
0xfd,0x70,0xa5,0xb9,0x57,0x4d,0xbf,0xac,0x43,0x3e,0x22,0xe1,0x09,0xea,0x7e,0x0b,
0xf9,0x7f,0x97,0x70,0x13,0xa9,0x9f,0xb2,0xec,0xff,0x1c,0xf9,0xaa,0x3b,0xc5,0xbd,
0x3f,0xd9,0xf2,0x6e,0xf7,0xde,0xe4,0x16,0xc2,0xa5,0x51,0xd6,0x95,0xcc,0x03,0x97,
0xd2,0x0f,0x87,0x12,0xe6,0x23,0xdc,0xd5,0x28,0xd7,0x7a,0xea,0xb0,0x1e,0x75,0x7e,
0x05,0x74,0x87,0x29,0xd0,0x81,0xf6,0x58,0x3e,0xc6,0xbd,0x67,0x7a,0x16,0xe3,0xf1,
0x1b,0xda,0xb9,0x36,0x75,0xfc,0x3d,0x1c,0xa4,0xde,0x8e,0x41,0x55,0xe6,0x85,0xe7,
0x18,0x9b,0x1f,0xe1,0xb7,0x98,0x74,0x9e,0xa5,0xed,0x3e,0xa5,0x0e,0x5b,0x9a,0x7e,
0x4b,0xde,0x76,0x43,0x1b,0xca,0xfd,0x20,0x69,0x46,0xd0,0x0f,0x7a,0x41,0x1a,0x69,
0xcf,0x82,0xab,0x74,0x2f,0xfb,0x2e,0xda,0xb7,0x17,0x75,0x7c,0x3b,0x7c,0x09,0xad,
0x69,0xdb,0x9d,0x30,0x95,0xfc,0x4d,0xa4,0x5e,0x47,0x50,0x9e,0xf3,0xa8,0xb7,0x8a,
0xf4,0xd1,0xfe,0xd4,0x5b,0x75,0xea,0xa2,0x22,0x75,0x37,0x75,0xa4,0xbb,0x6e,0xcc,
0x84,0x66,0x90,0x65,0xf2,0x3c,0xca,0xbd,0x06,0x77,0x1b,0xdc,0x0e,0x69,0xd4,0xe1,
0x38,0x58,0x79,0x8d,0xdb,0xa7,0xa3,0x18,0xef,0x8d,0x60,0x30,0x65,0x0a,0xd0,0xf7,
0x0e,0x50,0xcf,0xa3,0xc6,0xbb,0x74,0xa4,0x0f,0x15,0xa5,0x9e,0xee,0x06,0x1f,0xf5,
0x9c,0x0a,0x5b,0x98,0x3f,0x0a,0x30,0x0f,0x3d,0x3f,0xc5,0x2d,0xfb,0x2e,0xca,0xf8,
0x23,0xf5,0x52,0x97,0xb2,0x0f,0x23,0xdf,0x5f,0xa4,0xfb,0x9d,0x73,0xd9,0xb7,0x32,
0x6d,0xb2,0x88,0x32,0xf7,0x82,0xb1,0xd4,0x41,0xd0,0x28,0xac,0xa5,0xfc,0xdf,0x5e,
0xec,0x96,0xbf,0x3d,0x4c,0x87,0x9d,0xaa,0xff,0x85,0xd0,0x84,0xb1,0xdb,0x0e,0xba,
0x5e,0x4a,0x5d,0xd2,0x76,0x9b,0x69,0xa3,0xf7,0xa1,0x37,0xfd,0xee,0x19,0xd8,0x4a,
0x1a,0xad,0xa8,0x93,0x02,0xaa,0x9f,0x2e,0xaa,0xa3,0x24,0xda,0xfb,0x15,0xc6,0xda,
0xf9,0x8c,0xdd,0x8b,0xa1,0x43,0x77,0xb7,0x3d,0xcd,0x5c,0x5b,0x1a,0x3a,0xf4,0x74,
0xef,0xd1,0x9b,0xf9,0xc5,0xf4,0xfd,0x6d,0xd4,0xdf,0x06,0xd5,0x61,0xd9,0x81,0x6e,
0x3d,0x3e,0xc9,0x3c,0x94,0x4c,0x5d,0xce,0x1d,0xec,0xf6,0x81,0x41,0xd4,0x69,0x04,
0x7d,0xb7,0x2e,0x94,0xa1,0x3f,0x94,0x1b,0xee,0xf6,0x8b,0x6d,0xf0,0x15,0x34,0x27,
0x7c,0x1a,0xbc,0x4e,0xbd,0xcf,0x57,0x9d,0x5e,0x43,0xff,0xe8,0x7c,0xad,0x5b,0xb7,
0x0d,0x54,0xa7,0x17,0xd3,0x37,0x0f,0xc2,0x28,0x8e,0x2b,0x8d,0xa8,0xcb,0x1b,0x55,
0xa7,0x2b,0x6e,0x76,0xfb,0xd0,0x86,0x9b,0xdd,0xfa,0x35,0xf3,0xe8,0x81,0x9b,0xdd,
0x7a,0xbe,0xf9,0x16,0xb7,0x9e,0x6b,0x53,0xcf,0x83,0xa9,0xe7,0xe9,0x8c,0x99,0xe1,
0xcc,0x0b,0x63,0xee,0x76,0xeb,0xdc,0xf4,0xc5,0x6d,0xf7,0xb8,0x75,0x5f,0xe8,0x5e,
0xb7,0xfe,0xcf,0xba,0xdf,0x3d,0xbe,0x35,0xaf,0xea,0x77,0x9a,0xc0,0x3b,0x89,0x7e,
0xe7,0xc1,0xba,0xcc,0x21,0x69,0xc4,0x09,0x99,0x17,0xfb,0x9d,0x4d,0x97,0xf9,0x9d,
0x2d,0xd7,0xf9,0x9d,0xc6,0x84,0xbb,0xfd,0x61,0x77,0xfd,0xed,0xd1,0x5b,0xda,0xf7,
0x24,0x7e,0x9e,0xbf,0xf7,0x2c,0x8a,0xa7,0x43,0x03,0xe4,0x2b,0xe0,0x6a,0x77,0xa9,
0xf9,0xde,0xc8,0x75,0x96,0x7f,0x3f,0x78,0x1f,0x9e,0x83,0x2f,0x61,0x31,0xec,0x0c,
0xb8,0xcf,0xad,0x9a,0xe7,0x55,0xdf,0x86,0x6d,0x90,0x0b,0x1f,0xc2,0x5e,0xd8,0x17,
0x70,0x9f,0x09,0xfe,0x0c,0x5d,0x15,0x70,0x75,0xb5,0x74,0xa9,0xe5,0xb7,0x54,0xfe,
0x9b,0x14,0xaf,0xd1,0x17,0xa4,0x4b,0xf5,0x5c,0xec,0x52,0x3d,0x1b,0xbb,0x54,0xe9,
0x2d,0x55,0x9a,0x46,0xdf,0x91,0xbe,0x2b,0xdd,0x2a,0x7d,0x5f,0xfa,0x81,0x74,0x9b,
0x34,0x57,0xfa,0x91,0x74,0x87,0xf4,0x63,0xe9,0x2e,0xe9,0x6e,0xe9,0x1e,0xe9,0xa7,
0xd2,0xbd,0x52,0x2f,0xef,0xfb,0xac,0x7c,0x2c,0x51,0x7e,0x57,0x28,0xbd,0x15,0x8a,
0x67,0x85,0xca,0x63,0xd2,0x1e,0x14,0xe1,0x72,0x4d,0x08,0xd7,0x85,0x30,0x36,0x84,
0xd1,0x21,0x5c,0x1f,0xc2,0xa8,0x10,0x1e,0x0b,0xe1,0x89,0x10,0x6e,0x08,0x61,0x42,
0x08,0x37,0x86,0x30,0x29,0x84,0xdb,0xc4,0xad,0xe2,0x76,0x31,0x59,0xdc,0x2b,0xa6,
0x8a,0xd9,0x21,0xcc,0x0d,0x61,0x61,0x08,0xf3,0x43,0x78,0x51,0xbc,0x14,0x82,0xf7,
0x2d,0x1b,0xfb,0x9b,0x36,0x36,0xcb,0x43,0xd8,0x6c,0x61,0x7f,0xfb,0xe6,0x99,0x10,
0xd6,0x8a,0x35,0x62,0x9d,0xf0,0xbe,0xa5,0xb3,0x41,0xbc,0x2a,0x5e,0x13,0x9b,0x42,
0xc8,0x14,0xf6,0xb7,0x79,0x4e,0x66,0x7f,0xe7,0x14,0xf6,0x66,0xa7,0xb0,0xaf,0x3d,
0x85,0x7d,0xcd,0x29,0xec,0xeb,0x4e,0x61,0xdf,0x74,0x1a,0xf6,0xcc,0xff,0x60,0x7f,
0x3d,0x04,0x6f,0x5b,0x0d,0xcb,0x1e,0x63,0xd9,0x83,0xa7,0x88,0xcb,0x68,0x55,0xed,
0x57,0x55,0xfb,0x18,0x8d,0x95,0x06,0xa5,0x99,0x52,0x13,0xbe,0x9a,0xc2,0x57,0x53,
0xf8,0x6a,0x0a,0x5f,0x4d,0xe1,0xab,0x29,0x7c,0x35,0x85,0xaf,0xae,0xf0,0xd5,0xb5,
0xbd,0xba,0xb6,0x57,0xd7,0xf6,0x1a,0x8a,0xa7,0x86,0xb6,0xc7,0x58,0x7e,0x41,0xc5,
0x5d,0x43,0x1a,0x23,0x35,0xfe,0x89,0xf2,0x4f,0x94,0x7f,0xa2,0xb6,0x25,0x6a,0x7b,
0xb2,0xfc,0x93,0xe5,0x4e,0x51,0xf8,0x14,0xf9,0xa7,0x28,0x7c,0x8a,0xb6,0xd7,0x92,
0x7f,0x2d,0xb9,0x6b,0x4b,0x53,0xb5,0x5f,0xaa,0xdc,0x75,0xe4,0xae,0x23,0x77,0x23,
0xb9,0x1b,0x69,0xff,0x46,0x8a,0xb7,0x91,0xb5,0x3d,0x53,0x6a,0xca,0x9b,0xae,0x70,
0xe9,0xda,0x9e,0xae,0xed,0xe9,0xda,0xde,0x58,0x7d,0xb4,0xb1,0xe2,0x6d,0xac,0xf0,
0x8d,0x15,0xaf,0xd1,0x26,0xd2,0xa0,0x34,0x53,0xda,0x5c,0xdb,0x6a,0x48,0x63,0xa4,
0xb1,0xd2,0xa0,0x34,0x53,0xda,0x5c,0x7e,0x76,0xdd,0x07,0xad,0x3a,0xf6,0xc8,0xb4,
0xfa,0x50,0x53,0x85,0x6f,0xaa,0xf0,0x4d,0x15,0xbe,0xa9,0xc2,0x34,0x55,0xf8,0xa6,
0x0a,0x9f,0xa1,0xf0,0x19,0xda,0x9e,0xa1,0xed,0x19,0xda,0xde,0xdc,0xea,0xb7,0x5e,
0x9f,0x8d,0xb5,0xf2,0xd6,0xdc,0xea,0xb3,0x86,0x38,0x18,0x08,0xf1,0xd2,0x4c,0xa9,
0x79,0x76,0xea,0x22,0xb4,0x8d,0xec,0x2d,0x2d,0x7b,0x2b,0xcb,0xde,0xda,0xb2,0x67,
0x59,0xf6,0x36,0x8a,0xc7,0x1b,0x1b,0xf1,0x96,0x3d,0xe1,0x14,0x63,0xa9,0xe9,0xcf,
0x8c,0xab,0x78,0x69,0x42,0xc8,0x78,0x6a,0x7a,0x8a,0x71,0x15,0x2f,0x4d,0x08,0x19,
0x4f,0x4d,0x4f,0x31,0xae,0xe2,0xa5,0x09,0x21,0xe3,0xab,0xe9,0x49,0xc6,0xd9,0xc9,
0xfa,0xe1,0xa9,0xfa,0xdd,0xcf,0xf5,0xaf,0x53,0xf5,0xa3,0x2a,0x56,0x9f,0x69,0xaa,
0xfc,0x35,0x55,0xfe,0xec,0xfe,0xd1,0xf4,0x24,0xfd,0x24,0xd3,0xaa,0x7f,0xaf,0xee,
0x13,0x42,0xfa,0x41,0xd3,0x93,0xf4,0x87,0x9f,0x9b,0xfb,0x62,0x4f,0xd1,0x76,0x19,
0xa7,0x39,0xf7,0x65,0x9c,0xe6,0x9c,0x97,0x61,0xb5,0xc1,0x2f,0x99,0xd3,0x7e,0xe9,
0x5c,0x16,0xfb,0x5f,0xcc,0x69,0xbf,0xd5,0x5c,0x16,0x3a,0x77,0x9d,0xee,0x1c,0x75,
0x3a,0x73,0x52,0xc6,0x69,0xcc,0x45,0xa7,0x33,0xf7,0x64,0x9c,0x62,0xce,0x19,0x78,
0x9a,0x73,0x4d,0xc6,0xcf,0xf4,0x97,0xd0,0x7e,0x71,0xb2,0xf6,0xaf,0x2e,0x77,0xa2,
0xd5,0xbe,0xc6,0x9d,0x24,0x77,0x92,0xdc,0x27,0xab,0xa7,0xe0,0x49,0xca,0x13,0x9a,
0xbf,0xb4,0x88,0xe3,0x73,0x9a,0xb1,0xb7,0xb6,0xec,0xde,0x9c,0x56,0x4b,0xe3,0xa4,
0x96,0xf6,0x4b,0x95,0x3b,0x55,0xee,0x3a,0x72,0xd7,0x91,0x3b,0x51,0xee,0x44,0xb9,
0x93,0xe4,0x4e,0xb2,0xea,0x2b,0xd3,0xaa,0xb7,0x1a,0x72,0xd7,0xb0,0xea,0x31,0xd3,
0xaa,0xcf,0x64,0xb9,0x93,0xe5,0x4e,0x91,0x3b,0xc5,0x8a,0xbf,0x86,0x34,0x46,0x1a,
0x1b,0x52,0x47,0xf1,0xca,0x4f,0xbc,0xe2,0x89,0xd7,0xfe,0xf1,0xff,0x80,0xf2,0xfd,
0xdc,0xfe,0x76,0x9f,0xca,0xb0,0xd6,0x2d,0xa7,0x9a,0x4b,0x4e,0x15,0x5f,0xe8,0x7a,
0xc7,0xcc,0xe1,0x2d,0x2c,0xad,0x66,0x8d,0xc9,0x6a,0xd6,0x5c,0x76,0x32,0x7b,0xd0,
0x9a,0x1b,0x83,0xd6,0xf8,0xa8,0x61,0xd9,0x63,0x2c,0x7b,0xec,0x49,0xe6,0x48,0xcf,
0x1e,0x63,0xf5,0xf9,0x18,0x6b,0x1d,0x92,0x68,0x85,0x4d,0xb4,0xe6,0xd5,0x44,0xab,
0xcd,0x12,0xad,0x78,0x4e,0x66,0xaf,0x61,0xd9,0x83,0x21,0xf6,0x64,0x2b,0xfd,0x50,
0x7b,0xd0,0x6a,0xbb,0x98,0x53,0xd8,0x6b,0x58,0xed,0x1f,0x0c,0x69,0x33,0xdb,0x1e,
0x0c,0xb1,0xa7,0x58,0x7d,0x30,0xc5,0xaa,0x43,0xdb,0x5e,0xcb,0x2a,0xcb,0xc9,0xec,
0x76,0x98,0xe6,0xd6,0x7c,0x1f,0xb4,0xe6,0xfc,0x53,0xd9,0x33,0xad,0xe3,0x40,0xd0,
0xb2,0x37,0xb7,0xec,0x99,0xd6,0x31,0x21,0x18,0x62,0x4f,0xb7,0xf2,0x93,0x6e,0xc5,
0xd3,0xc4,0xaa,0x9f,0x26,0xd6,0xf8,0x6a,0x62,0x95,0xd7,0x3b,0x3e,0xd4,0x38,0x89,
0x3d,0xd6,0xda,0x37,0x36,0x64,0x9e,0x8c,0x09,0xb1,0x9f,0xac,0x1f,0x05,0x2d,0x7b,
0xf3,0x90,0xe3,0xb3,0x7d,0xbc,0x09,0xed,0x8f,0xf6,0x71,0xc7,0x3b,0x56,0xdb,0xc7,
0xa8,0x8c,0x90,0xe3,0x52,0x4c,0x88,0x3d,0xd3,0x3a,0x5e,0x05,0x4f,0x61,0xcf,0xb4,
0xe6,0xfa,0xe6,0x96,0x3d,0xd3,0xca,0x6b,0x30,0xc4,0x5e,0xd5,0x9a,0x83,0xaa,0x59,
0xfd,0xad,0x9a,0x15,0x67,0xb5,0x90,0x30,0xb1,0x96,0x7f,0xd0,0xf2,0x0f,0x5a,0x73,
0x5c,0x30,0xe4,0x7c,0xcc,0xf6,0xcf,0xb4,0xe6,0x91,0x4c,0x6b,0x5c,0x34,0xb7,0xfa,
0x7f,0x73,0xab,0x0f,0xdb,0xe7,0x21,0xf6,0x9a,0xb1,0x79,0xc8,0xb1,0xd7,0x3e,0x1e,
0x37,0x3f,0x49,0x59,0x9b,0x5b,0x7d,0xa9,0xb9,0x55,0xb7,0xcd,0x43,0xfa,0x9b,0xdd,
0xc7,0x52,0xad,0xf0,0x8d,0x4f,0x72,0xde,0x62,0xaf,0x2b,0xec,0x7c,0x06,0xad,0xf0,
0xc1,0x10,0xff,0xa6,0x21,0x6b,0xba,0x18,0xab,0x1c,0x35,0x42,0xfa,0x55,0x73,0x6b,
0xbd,0xd4,0xdc,0x5a,0x5b,0x36,0x0f,0x89,0xdf,0x1e,0x9b,0xc9,0x21,0x73,0x51,0x6c,
0x48,0x9e,0xbd,0xe3,0x4d,0x13,0x5d,0x3b,0x49,0xb7,0xec,0x55,0x64,0xf7,0xd6,0x50,
0xde,0x1a,0xde,0x3b,0xff,0xb0,0xc7,0x41,0x4d,0x2b,0x1e,0xaf,0x9e,0xbc,0x63,0x50,
0x33,0xcb,0xbf,0x89,0xb5,0xd6,0x68,0xa6,0xed,0x4d,0xac,0xbc,0x36,0xb1,0xfa,0x81,
0x67,0xcf,0xfb,0x1b,0x2b,0x21,0x79,0x31,0x7e,0xa1,0xf1,0x19,0xbf,0xd0,0x38,0xbd,
0xb1,0x6e,0xb6,0x79,0xf6,0x2a,0x56,0x3c,0xf1,0xba,0xce,0xe1,0xf9,0xd5,0x30,0xcf,
0x4d,0xc7,0x39,0x8e,0x3f,0xce,0x7d,0x5f,0xaf,0xae,0xf5,0x1d,0x86,0xb3,0xf1,0x3b,
0x27,0xee,0xe4,0xdf,0x7d,0x28,0x41,0x02,0xc5,0xe1,0x4a,0xc7,0xc5,0xfb,0x66,0xc2,
0x35,0x70,0xad,0xd9,0xce,0x7e,0x25,0xa1,0x28,0x14,0x83,0x82,0x50,0x28,0xee,0xf8,
0xfb,0xc9,0x85,0xe1,0x0c,0x38,0x13,0x8a,0x98,0xf7,0x88,0xcc,0x73,0xe0,0xd6,0xb7,
0x21,0x4e,0xa5,0x5e,0x7a,0x06,0x2f,0xef,0xb1,0xca,0x77,0x1d,0xeb,0x5b,0x12,0x26,
0x7f,0xa7,0xca,0x53,0xb4,0xb9,0x87,0x6b,0x9e,0x5f,0xd7,0x77,0x1f,0x62,0x1c,0xf7,
0x3d,0xf0,0x06,0x7a,0x37,0xf1,0x32,0xf3,0x9d,0x48,0xf3,0xad,0x58,0x48,0x53,0x9e,
0x5a,0x68,0x4d,0xd8,0xc2,0x3a,0x3f,0xf6,0xce,0x8d,0xbd,0xf3,0x62,0x6f,0x2d,0xe9,
0x9d,0x1b,0x7b,0xeb,0x49,0xef,0xfc,0xd8,0x5b,0x53,0x7a,0xe7,0xc8,0x69,0xd6,0x39,
0xf3,0xc5,0x72,0x1b,0xad,0x10,0x71,0xe2,0xb7,0xb2,0xed,0x6f,0x66,0x87,0x7e,0x3b,
0x3b,0xf4,0x1b,0xda,0xa1,0xdf,0xd2,0x3e,0x95,0x56,0x11,0x55,0x43,0xb8,0x50,0x54,
0x0b,0xa1,0x7a,0x08,0x35,0x42,0x88,0x09,0x21,0x36,0x84,0x9a,0x22,0x4e,0xc4,0x8b,
0x04,0x91,0x18,0x42,0x52,0x08,0xc9,0x21,0xa4,0x84,0x50,0x2b,0x84,0xda,0x21,0xa4,
0x86,0x50,0x27,0x84,0x46,0x21,0xa4,0x87,0xd0,0x38,0x84,0x26,0x21,0x04,0x43,0x68,
0x1a,0x42,0x46,0x08,0xcd,0x44,0xe6,0x49,0xce,0xc1,0x9b,0x5b,0xe3,0xb6,0xed,0x29,
0xec,0xed,0x4e,0x61,0x6f,0x7f,0x0a,0xbb,0xa7,0x66,0x6c,0x54,0x74,0xdc,0x31,0xe0,
0xf5,0x71,0x33,0x16,0xaa,0x58,0x63,0xd8,0x1b,0x17,0x35,0x34,0x36,0x62,0xf5,0x3d,
0x92,0xd3,0xfd,0x96,0x8a,0x37,0x8f,0xd4,0xd3,0x78,0x6a,0xa0,0x71,0x99,0xf6,0x3b,
0xbe,0xfb,0xdc,0x59,0xe3,0xd8,0xcc,0x29,0x57,0x68,0xbe,0xe8,0xf2,0x3b,0xbe,0x13,
0x6d,0xe6,0x9c,0x31,0x9a,0x77,0xae,0x83,0x89,0x54,0xec,0x8d,0x17,0xba,0xf3,0xac,
0x37,0xf7,0x99,0xb9,0xeb,0x3b,0x3d,0x77,0x3e,0x53,0xcf,0xcc,0x3e,0xae,0xe7,0x63,
0xcd,0x73,0xe1,0xbb,0xf4,0x9c,0xf5,0xa7,0x7a,0x4e,0xf2,0x58,0xdc,0x5f,0xef,0xd9,
0xfa,0x23,0x7a,0xde,0xd3,0x3c,0x27,0xda,0xa5,0xd8,0xdf,0xeb,0xfd,0xc3,0x47,0x28,
0xce,0xa3,0xf0,0xb4,0xf5,0x37,0xd3,0x9e,0x40,0x1f,0x37,0xcf,0xb0,0xe1,0xe1,0xaf,
0xe4,0x7e,0x17,0x65,0x6a,0x05,0xf7,0xbb,0x28,0x77,0xc2,0x0c,0xfc,0x36,0x54,0x32,
0xf7,0x03,0x7d,0x79,0xdf,0xce,0xfd,0x40,0xba,0xc9,0xef,0x38,0x6f,0xf9,0xdd,0xbf,
0xf5,0x32,0x1d,0x6d,0x0b,0x8f,0x9a,0x6f,0xa7,0xcf,0x21,0x3e,0xf4,0x31,0xe8,0x00,
0x1d,0xcd,0xb7,0xcd,0xcb,0xd0,0xd7,0xd1,0x2b,0x60,0x36,0x5c,0x05,0x5d,0xa1,0x0b,
0xdc,0xef,0x77,0xbf,0x09,0xf4,0x80,0xf9,0x06,0x3c,0xdc,0x00,0x4f,0x99,0xef,0xa5,
0x9b,0xbf,0x2f,0x02,0xe1,0xdb,0x7d,0xce,0xed,0x4f,0x52,0x36,0xec,0x01,0x63,0x47,
0x23,0x50,0xf3,0x37,0x65,0x86,0x9b,0xbf,0x5f,0xe2,0x77,0xfb,0xf8,0x68,0xb4,0x00,
0xfe,0xd7,0xa2,0xd7,0xc1,0x58,0x98,0x05,0x4f,0x98,0x78,0xc9,0xd3,0x93,0xe8,0x64,
0x13,0x96,0x49,0x62,0x0a,0x3a,0x13,0x1e,0x81,0x7b,0x61,0x25,0xe9,0xaf,0x82,0xd5,
0x50,0x90,0x38,0xca,0xc2,0x24,0xfc,0xef,0x86,0x7b,0xe0,0x21,0x28,0x84,0xdf,0xf4,
0xa2,0x3e,0xe7,0x45,0xb8,0x5f,0xfa,0xb8,0x34,0xbe,0x98,0xcf,0xa9,0x02,0x09,0xd2,
0x8c,0xe2,0x3e,0xa7,0x41,0x71,0x57,0x3b,0xc2,0x78,0x78,0x0d,0x6e,0x80,0x97,0xe0,
0x16,0x58,0x0d,0x39,0xf2,0x5f,0x6d,0xf1,0x82,0xd4,0xf8,0x2f,0x29,0x41,0xfc,0x25,
0x5c,0x9d,0x27,0x5d,0x06,0x2f,0x94,0xf4,0x39,0x73,0x61,0x89,0x34,0xb9,0x94,0xcf,
0x89,0x83,0xb2,0xd9,0xc7,0xb9,0x50,0x5a,0x4e,0xf6,0x72,0x72,0x97,0xb7,0xc2,0x94,
0xb3,0xc2,0x96,0xb3,0xfc,0x4d,0x98,0x9e,0xfd,0x5c,0xba,0x85,0xa8,0xa1,0xad,0xde,
0x8b,0x5e,0xa7,0x71,0xbc,0x4e,0xe3,0x73,0xaf,0xc6,0xd4,0xef,0x35,0x67,0x9e,0xee,
0xfc,0xde,0xf1,0x2d,0x9f,0xd3,0x1d,0x2e,0x09,0xd1,0xfe,0x96,0x7d,0x80,0x65,0x1f,
0x68,0xd9,0x07,0x59,0xf6,0xc1,0xb0,0x44,0xf6,0x17,0xa5,0x4b,0xac,0xb8,0x5e,0xb4,
0xec,0x4b,0xac,0x78,0x5f,0xb4,0xec,0x7f,0xb7,0x6f,0x69,0xfc,0x19,0xca,0xf3,0x77,
0x2a,0xcb,0x6f,0xdd,0x36,0x5e,0x59,0x32,0xac,0xbc,0x87,0xe6,0xf9,0x97,0xe6,0xb7,
0xc7,0xcf,0xe4,0xf3,0x9f,0x5e,0xe7,0xe9,0x27,0x29,0xcb,0xcf,0x95,0xe1,0x3f,0xe5,
0xff,0x8f,0xce,0xfb,0xc9,0xda,0xa0,0xf5,0x9f,0x2c,0xcf,0xf9,0xf3,0x69,0x7e,0x79,
0xf2,0xcb,0x93,0x5f,0x9e,0xbf,0x5b,0x79,0xe2,0x39,0x27,0xa9,0xc5,0xf9,0xc7,0x76,
0xc7,0xfd,0x1e,0xf2,0x1d,0xfa,0x2e,0xe9,0x5d,0xfa,0x6e,0xf1,0xdd,0xfa,0x4e,0xf1,
0xbd,0xfa,0x76,0xf0,0x7d,0x70,0x3f,0x3c,0x00,0x0f,0xc2,0x43,0xfa,0xde,0xee,0x0c,
0x7d,0xcf,0xf7,0x5e,0xfd,0x3d,0xc2,0xc7,0xf4,0x9d,0xdf,0x27,0xe0,0x49,0xf3,0x7d,
0x47,0x7d,0x7f,0x37,0xb2,0xa2,0xfb,0x8d,0x66,0xfb,0x6f,0x6a,0x99,0x6f,0xa2,0x3f,
0xaf,0x6f,0x27,0xbf,0xa0,0xef,0x18,0x9b,0xbf,0x73,0xf8,0x92,0xfe,0xc6,0xf6,0x32,
0x58,0xae,0x6f,0xa1,0xaf,0xb4,0xfe,0xfe,0xe1,0xcb,0xf0,0x8a,0xbe,0x39,0xec,0xfd,
0xcd,0xad,0x75,0xfa,0x26,0xb0,0xbf,0xa2,0x1b,0xef,0x0b,0x8a,0x6b,0x8d,0xf6,0x5b,
0x19,0x96,0x5f,0xce,0xfc,0x72,0xe6,0x97,0xf3,0xcf,0x5c,0xce,0x5c,0xf8,0x30,0xec,
0xf4,0xcf,0xbf,0xff,0xec,0xe1,0xcc,0xdc,0xda,0x71,0x3b,0xe7,0xf9,0xd0,0x09,0xcc,
0xdf,0xb6,0x3d,0xb7,0x8c,0xe3,0x8c,0x65,0xee,0x2d,0x06,0x9f,0x40,0x3a,0xdc,0x07,
0x59,0x6c,0x6f,0x00,0x99,0xe6,0xef,0x49,0x11,0xa6,0x21,0xf6,0x87,0xf0,0x1f,0x83,
0xbb,0x36,0xa4,0x42,0x75,0xfc,0x4a,0xc1,0x8d,0xe6,0xfa,0x12,0x61,0x6a,0x60,0x3f,
0x1f,0xee,0xc4,0x7d,0x1f,0xee,0x40,0x19,0xf3,0x47,0x0c,0x69,0x4b,0xb8,0xde,0xfc,
0x1d,0x41,0x78,0x16,0xe6,0x42,0x05,0x48,0x82,0x64,0x48,0xf1,0x1f,0x6f,0x8f,0x71,
0x84,0x9d,0xf6,0xa4,0xe3,0x4c,0x42,0x6f,0x86,0xdb,0x61,0x32,0xe9,0x4e,0x87,0xc7,
0x61,0x06,0x61,0x9f,0x41,0xa3,0x48,0xc7,0xfc,0xcd,0xd6,0x78,0x48,0x08,0x77,0xff,
0x3e,0x6c,0x52,0xb8,0xfb,0x77,0x5b,0xcd,0xdf,0x66,0x35,0x7f,0x8f,0xd5,0xfc,0xcd,
0x55,0xf3,0x77,0x62,0xeb,0x42,0xbd,0x70,0xf7,0x6f,0xae,0x36,0x84,0x34,0x68,0x04,
0xe9,0xe1,0xee,0xdf,0x4d,0x6d,0x02,0x41,0x68,0x1a,0xee,0xfe,0xdd,0xd4,0x66,0xe1,
0xee,0xdf,0x4b,0x35,0x7f,0x83,0xb5,0x15,0xdc,0xf4,0x84,0xfb,0xf7,0x5f,0xcd,0xdf,
0x9e,0xbd,0x24,0xdc,0xfd,0x5b,0xad,0x73,0xe1,0xcd,0x70,0xe7,0x17,0xe5,0xc1,0x4b,
0xbf,0xd1,0x7f,0x48,0xb7,0xb9,0xd2,0x9e,0xaa,0xf4,0xda,0xc3,0x95,0x30,0x07,0xda,
0x90,0x8f,0xf9,0xe1,0xc7,0xef,0x0f,0xd5,0xd0,0xbd,0x9b,0x66,0xba,0x57,0x13,0x63,
0x3d,0x2b,0xd4,0x38,0xe4,0x59,0xab,0x44,0xdd,0x5f,0x69,0xa4,0xfb,0x34,0xe9,0xd6,
0x33,0x38,0xde,0x7d,0xa4,0x58,0xdd,0x03,0x4a,0xd1,0xbd,0x19,0x73,0xff,0xa5,0xbf,
0x9e,0x8f,0x9f,0x09,0x03,0xac,0x74,0x33,0x42,0xee,0xf9,0xfe,0x5c,0x5a,0xa1,0xe9,
0xa4,0x58,0xcf,0xe6,0xd9,0xf7,0xd3,0xed,0xfd,0xed,0x7d,0xed,0x7d,0x5e,0x3c,0x45,
0x5e,0x6a,0x85,0xdc,0x83,0xfe,0x25,0x79,0xb1,0xcb,0x3b,0x33,0xe2,0xff,0xd7,0x71,
0xc6,0x29,0xea,0xf9,0xb7,0xa8,0xe3,0x9f,0x6b,0xcb,0xdf,0x22,0x0d,0xef,0xdb,0xc0,
0x71,0xba,0x7f,0x14,0x2f,0x4d,0x90,0x26,0x4a,0x93,0xa4,0xc9,0xd2,0x14,0x69,0x2d,
0x69,0x6d,0x69,0xaa,0xb4,0xaa,0xd6,0xa2,0xde,0x37,0xba,0xd2,0x2d,0x7b,0x63,0xcb,
0xde,0xc4,0xb2,0x07,0x2d,0x7b,0x53,0xcb,0x9e,0x61,0xd9,0x9b,0x59,0xf6,0x4c,0xcb,
0xde,0xdc,0xb2,0xb7,0xb0,0xec,0x17,0x59,0xf6,0x96,0x96,0xbd,0x95,0x65,0x6f,0x6d,
0xd9,0xb3,0x2c,0x7b,0x1b,0xcb,0x7e,0xb1,0x65,0x6f,0x6b,0xd9,0xdb,0x59,0xf6,0xf6,
0x96,0xbd,0x83,0x65,0xef,0x68,0xd9,0x2f,0xb1,0xec,0x9d,0x2c,0xfb,0xa5,0xb2,0x9b,
0x7b,0xde,0x26,0x7e,0x73,0xdf,0xbb,0xb1,0xd2,0xf5,0xd6,0xf2,0x1d,0x15,0xee,0xf7,
0x5a,0xe3,0x37,0x0b,0xf9,0x46,0x40,0x5b,0xa5,0xd7,0x56,0x78,0xef,0xc4,0x7b,0xfb,
0x36,0x56,0x58,0x4f,0xbd,0xef,0xdd,0x5f,0x2c,0xbb,0xc9,0x93,0xf9,0xfe,0x67,0x0b,
0xdd,0xf3,0xf2,0xee,0x7b,0x99,0x6f,0xe8,0x76,0xec,0xec,0x38,0xaf,0xb7,0x3d,0xfe,
0x7d,0x1d,0xf3,0x7d,0xb1,0xf3,0xc8,0xc8,0xae,0x9b,0xdc,0xef,0x2b,0x3e,0x86,0xbb,
0x3c,0x27,0x18,0x15,0x06,0xb9,0xef,0xae,0xb6,0x24,0xd2,0x5b,0xaf,0x74,0x9c,0xdb,
0x28,0xcc,0x3c,0xdc,0x65,0xcc,0xbb,0xbc,0xd7,0xba,0xdf,0xbf,0x9d,0x7d,0xab,0xe3,
0x1c,0xa2,0x20,0xa9,0x14,0xae,0x04,0x27,0x1c,0xd3,0x88,0xbf,0x7d,0x37,0xb7,0x12,
0xcc,0x37,0xcb,0x9a,0xe7,0xb8,0xdf,0x09,0x33,0xdf,0x0c,0x33,0xdf,0x0a,0x8b,0xec,
0xe6,0x7e,0x57,0xb6,0x2d,0xe1,0xc6,0x71,0xe2,0x31,0x9a,0x13,0x8f,0x02,0xec,0x3b,
0xb6,0xbf,0xfb,0x8d,0xb2,0xbc,0xef,0x74,0x11,0xef,0x60,0xd2,0x78,0x9e,0xca,0x6a,
0x39,0xd5,0x6d,0xa7,0x1a,0x3d,0xdd,0x76,0x32,0x76,0x13,0xaf,0x67,0xbf,0xd5,0xb2,
0xdf,0xd4,0xf9,0xb8,0xdd,0x7c,0x33,0xc4,0xb3,0x9b,0xb4,0x3c,0xfb,0x7b,0xc3,0x8f,
0xdb,0x3f,0xbc,0xf8,0xb8,0xbd,0x63,0x77,0xd7,0x7e,0x0f,0xe5,0x3c,0xd8,0xf6,0xf4,
0x8f,0xe7,0xf5,0x49,0xbf,0xb6,0xf9,0x06,0x1b,0x54,0xf4,0xf9,0x9d,0x2e,0xad,0xdd,
0xf7,0x4a,0x5f,0x02,0x3f,0x0d,0x36,0x1a,0xa6,0x67,0xb9,0xef,0x99,0xbe,0x09,0x0f,
0x25,0x99,0xb9,0xc0,0x9f,0xf7,0xce,0x69,0x3b,0xb8,0x0a,0x46,0x98,0x77,0xb8,0x03,
0x7e,0x67,0x09,0xdb,0x7a,0xb6,0x71,0xeb,0xb9,0x05,0xee,0x7b,0xd0,0xc7,0xcc,0x3b,
0xde,0xc4,0xfd,0x74,0x1b,0xf7,0x9d,0xcd,0xed,0x53,0xfd,0x79,0xdf,0x70,0x0e,0x23,
0xef,0xdb,0x09,0x5f,0x17,0x6d,0x7a,0xb1,0x5b,0x5f,0x23,0x4c,0x79,0x92,0xdd,0xf7,
0x38,0xbd,0xf7,0x59,0xcd,0xfb,0x9c,0x01,0xca,0x13,0xd1,0xd6,0x7d,0xe7,0x3b,0xb3,
0xad,0xfb,0x8e,0xeb,0xa5,0x30,0x04,0xae,0x85,0xeb,0x2d,0x6a,0x14,0xf4,0x3b,0x03,
0xa9,0xbb,0xf5,0xd8,0xb7,0x43,0xb7,0x42,0x7e,0x67,0x3f,0x7a,0xd8,0xc4,0x41,0x3b,
0x3d,0x04,0xb5,0xa1,0x19,0xf4,0x32,0xdf,0x02,0x83,0x7f,0x41,0x51,0xda,0xaa,0x2d,
0x74,0x83,0x1b,0x84,0x79,0x7f,0x74,0x0e,0x2c,0x84,0xd5,0x70,0x76,0x47,0xf7,0xbd,
0xda,0x73,0xd0,0x36,0xe8,0xd0,0x0e,0xee,0x3b,0xc1,0x5f,0xd0,0x7f,0xde,0xc0,0xef,
0x2b,0x38,0x03,0xfb,0x2d,0x68,0x02,0x1a,0x0f,0x4f,0xc3,0xee,0x12,0x7e,0xe7,0x4b,
0xf4,0xdf,0x10,0xd1,0xc9,0xed,0xab,0x15,0xcd,0x7b,0xa8,0x30,0xeb,0x6c,0xbf,0xb3,
0x0f,0x3e,0xc7,0x5e,0x9a,0x81,0x54,0x05,0xb6,0x62,0xef,0x81,0x7e,0x41,0x63,0x1d,
0x83,0x02,0xf4,0x8b,0x06,0x62,0x5d,0x29,0xbf,0xf3,0x32,0xba,0xb5,0xb3,0xfb,0x9e,
0xf7,0x11,0x38,0xb7,0xb4,0xdf,0xf9,0x11,0x8d,0xb8,0x8c,0x32,0x5c,0xe9,0x7e,0xbb,
0x7a,0x1c,0x8d,0xdc,0x45,0xef,0xfc,0xae,0x84,0xdb,0x60,0x77,0x19,0xbf,0xd3,0x98,
0xbe,0xbc,0x07,0xed,0x8f,0xf6,0x81,0x31,0xf0,0x31,0xec,0x84,0x9a,0x74,0x8a,0xef,
0xd1,0xaa,0x57,0xd0,0x2f,0xcc,0x7b,0xb1,0xd0,0x15,0xbf,0x09,0x2c,0xb4,0xc6,0xa0,
0xf3,0x70,0x2f,0x84,0xe7,0xaf,0x70,0xbf,0x35,0x70,0xc7,0xa3,0xfe,0xbc,0xef,0x5e,
0xc7,0x47,0xfb,0xf3,0xf0,0x8d,0x27,0xed,0x2b,0x5d,0xd6,0x12,0xfe,0x85,0x04,0xbf,
0xf3,0x41,0xb6,0xdf,0xe9,0x8a,0xbb,0x0f,0xec,0xc2,0xef,0x3e,0x74,0x23,0xbc,0x07,
0x47,0x61,0x5c,0x17,0xfa,0x13,0x1d,0xf1,0xfc,0x54,0xf7,0xdd,0xe4,0xb7,0x2b,0xfb,
0x9d,0xb5,0x68,0xb3,0x6c,0xe6,0xa3,0x6c,0xf7,0x7d,0x5c,0xa3,0xa3,0xf5,0x4e,0xee,
0x02,0x78,0x0c,0xe6,0xc2,0x47,0x7a,0x3f,0xd7,0x7c,0x63,0xc1,0x7c,0xfb,0xa6,0x34,
0x5c,0x0e,0xf3,0xe1,0x6d,0xc8,0x62,0xac,0x16,0xae,0xee,0x77,0xea,0xa3,0xc7,0x70,
0xf7,0x42,0x27,0xc0,0x6e,0x38,0x8c,0x7f,0xc5,0xab,0x58,0xcf,0x63,0x9f,0x0d,0xb1,
0x75,0x28,0x2f,0xee,0xeb,0xe0,0x41,0x18,0x01,0x7d,0xeb,0xb8,0xef,0x47,0xf7,0xed,
0x6e,0x9e,0x71,0xf2,0x3b,0xbb,0xd0,0x6f,0x98,0x57,0x32,0xa1,0x54,0x5d,0xf7,0x9d,
0xe9,0x02,0xe8,0x6e,0xc2,0xdd,0x41,0x9f,0x9e,0xd6,0xc6,0xbd,0xa8,0xf1,0x00,0xfe,
0xcf,0x8c,0x65,0xbd,0xd7,0xf8,0xf8,0x3b,0xc2,0x15,0xe0,0x0a,0x68,0x0b,0x2f,0x27,
0xfa,0x9d,0x4c,0xf6,0xfb,0x16,0xfb,0x44,0xb8,0xb8,0x97,0xfb,0xee,0x75,0x3f,0x16,
0xb3,0xb7,0xa3,0xe5,0xa0,0x44,0x6f,0x27,0xef,0xfd,0xda,0x74,0xf4,0x51,0xd8,0x07,
0xb3,0xae,0xc6,0xce,0x42,0x77,0x1b,0x7a,0x6e,0x3d,0xe2,0xec,0xc3,0xf9,0x0e,0x0b,
0xe9,0x76,0x68,0x2b,0xdc,0x83,0xcd,0x37,0xd6,0xf5,0x1e,0xf2,0x4b,0x70,0x5b,0x1d,
0xbf,0x53,0x88,0xb6,0xfe,0x16,0x6d,0xd5,0x97,0xf3,0x9b,0x7a,0x7e,0x67,0x05,0xba,
0x11,0x7a,0xc2,0xd9,0xfd,0xe8,0x53,0xfd,0xdc,0x77,0xbe,0xcd,0x7b,0xcb,0xbd,0x61,
0x24,0x4c,0x84,0xb2,0xf5,0xfd,0x4e,0x12,0x5a,0x93,0x79,0xad,0x3f,0x24,0xd6,0x77,
0xdf,0x69,0x5e,0x0b,0x6f,0x35,0xf0,0x3b,0x47,0xd9,0xd6,0x9f,0xf9,0xf2,0x8a,0x86,
0xe4,0x19,0xd6,0x60,0x4f,0x1d,0xe8,0xbe,0xef,0x5c,0x1a,0xee,0x26,0x7c,0x73,0xf4,
0x5a,0x18,0x01,0xcf,0x40,0x25,0xe6,0x84,0x20,0x73,0x72,0xb7,0x74,0xbf,0xf3,0x00,
0x3a,0xa7,0xb1,0xdf,0xa9,0x3a,0xd8,0x7d,0x2f,0x3a,0x0b,0x0a,0x34,0xf5,0x3b,0x63,
0xd1,0x69,0xc6,0x2f,0xc3,0xef,0x94,0x68,0xe6,0x77,0x46,0x0f,0x61,0x3c,0xc1,0xd3,
0x0d,0x58,0xbb,0xa3,0x2f,0x34,0x70,0xc9,0x18,0xea,0x38,0x97,0x0d,0x75,0xdf,0xa3,
0x9e,0x68,0xbe,0xa3,0x00,0xa5,0x1b,0x3a,0xce,0x05,0xcc,0xbd,0x29,0x17,0xf9,0x9d,
0x06,0xe6,0x7b,0xe6,0xa8,0xf9,0x56,0xc4,0xc3,0xf4,0xdf,0xa2,0xcc,0x9b,0x33,0x5b,
0xfb,0x9d,0x17,0xa0,0x49,0x96,0xdf,0x39,0x46,0xd8,0x02,0x69,0xee,0xbb,0xd6,0x47,
0x70,0x7f,0x09,0xa5,0xda,0xf8,0x9d,0x44,0x28,0x3b,0x82,0x36,0x10,0xe6,0x3d,0x6c,
0xf3,0x7e,0xf3,0x2d,0x68,0x53,0xf4,0xee,0x34,0xf3,0x4d,0x01,0xea,0x73,0xa4,0xfb,
0x8d,0x0c,0xf3,0x7e,0xf6,0x2e,0xfc,0x2a,0x77,0xf0,0xe7,0xbd,0x0f,0x7f,0x1f,0xfa,
0x2a,0x98,0x77,0xfa,0xf7,0x43,0xcd,0x46,0xee,0x7b,0xf1,0xcd,0xa1,0x35,0x8c,0xe9,
0xe4,0x77,0x9e,0xbc,0xd4,0xe5,0x0b,0xdc,0x7e,0x0e,0xce,0x73,0x3a,0x53,0x7f,0xd7,
0x30,0xe7,0x41,0x15,0xdc,0x63,0x2f,0xf3,0x3b,0x9b,0xc7,0x70,0x9e,0x82,0x7d,0x2f,
0xba,0x4b,0x0f,0x9b,0xdc,0x78,0xa5,0xdf,0xe9,0x86,0xfa,0xe8,0x57,0x6b,0x51,0xff,
0x75,0x1c,0xcf,0x21,0x09,0x77,0xd5,0xae,0x7e,0x27,0x03,0x3a,0x61,0x7f,0x1f,0x1d,
0x7d,0x3d,0x6d,0xcb,0xc9,0xd9,0x34,0xf4,0x5b,0xbd,0x2b,0xfe,0xc1,0x55,0x7e,0x27,
0xba,0x3b,0x73,0x3c,0xf6,0x59,0xe8,0x40,0xf4,0x4a,0xfa,0xe2,0x3b,0xec,0xb3,0x00,
0x7b,0xd8,0x38,0xc7,0x29,0xc4,0xc1,0xb7,0x01,0xba,0x88,0xf9,0xe7,0xc9,0x9e,0x7e,
0x67,0x11,0xdc,0x49,0x98,0x07,0x12,0xdd,0xf1,0x1d,0x0e,0x0f,0x4d,0x61,0x3c,0x13,
0x6e,0x2a,0xf6,0x5b,0xe0,0x41,0x58,0xc8,0x3c,0x38,0xdf,0x28,0x2c,0x83,0x3d,0x50,
0xaf,0x8f,0x3f,0xef,0x1b,0x1b,0x65,0x26,0xd0,0xe6,0xf0,0x0c,0x44,0xc3,0x32,0xf8,
0x74,0x82,0xfb,0x0d,0x80,0xb6,0xe8,0x7a,0x78,0x1d,0x72,0x21,0xa5,0xaf,0xdf,0xe9,
0xd3,0x8f,0x3c,0xa1,0xd5,0x59,0xac,0x1c,0x26,0xcc,0x11,0x38,0x7b,0x22,0xe1,0x86,
0xf8,0x9d,0xab,0xd0,0x1a,0x03,0xfc,0xce,0xe5,0x6c,0xcb,0x86,0xf9,0xd8,0x37,0x0f,
0x64,0x1f,0xec,0x59,0xfa,0x96,0x49,0x4f,0xe8,0x0d,0xb3,0x61,0x32,0x9c,0x39,0x89,
0xf9,0xed,0x46,0xf7,0x1d,0xf9,0xaa,0xd0,0x07,0x6e,0x84,0xf7,0xd8,0xe7,0x63,0xd4,
0x37,0x99,0xb9,0x08,0x7b,0x17,0x7d,0x5f,0xbe,0xe7,0x70,0xbf,0xf3,0x1e,0xfa,0x11,
0x24,0xb3,0x58,0xfa,0x16,0x7d,0x89,0x63,0xd5,0xb3,0x23,0xfd,0x4e,0x8f,0x51,0x7e,
0x67,0x39,0x7e,0x6b,0x61,0x86,0xde,0xa9,0x37,0xef,0xd3,0x9b,0x6f,0xcf,0xcf,0xe2,
0xc4,0x76,0x0e,0xba,0x0a,0x4a,0xb3,0x46,0x18,0x01,0x35,0x39,0x69,0x0d,0x2f,0xe0,
0x77,0x36,0x60,0x5f,0x0a,0x87,0xe0,0x23,0xdc,0x6f,0xdf,0xee,0xbe,0x7f,0xbf,0x99,
0x13,0xda,0x03,0x70,0x17,0xeb,0x8c,0xc3,0x50,0x8c,0xf5,0x42,0xec,0x24,0xbf,0x53,
0x1a,0xad,0x7d,0x07,0x79,0x84,0xad,0xe6,0xdd,0x7c,0x38,0x7a,0x27,0xc7,0xc7,0xbb,
0xc8,0xcf,0x2d,0x7e,0xe7,0x96,0x69,0x8c,0x13,0x16,0x6f,0x8b,0xa7,0x99,0x74,0xfc,
0xce,0x1e,0xec,0x2f,0xdf,0x4d,0x3b,0x32,0x7f,0x47,0xdf,0x43,0xbf,0xe0,0x38,0x7b,
0xde,0x1d,0xcc,0xf3,0x2c,0xa4,0x86,0xc3,0x0e,0xfc,0x0a,0xde,0xe5,0x77,0x16,0x60,
0xbf,0x1b,0x35,0xef,0xf5,0x1b,0x2e,0x84,0xe7,0xa7,0xf9,0x9d,0x9d,0x68,0x22,0x8b,
0xc0,0x0b,0xa7,0xd3,0xee,0xb0,0x1a,0x7e,0x80,0x37,0xf0,0x8b,0xbb,0xdf,0x9f,0xf7,
0xfe,0x7f,0xda,0x03,0x1c,0x1f,0xe0,0x0d,0x16,0x8a,0x07,0xa0,0xe7,0x83,0xd8,0x39,
0x99,0xfe,0x06,0x7b,0x60,0xa6,0xdf,0x39,0xf3,0x11,0xbf,0x33,0x15,0xcc,0x77,0xec,
0x3b,0xb4,0x74,0xbf,0x5f,0xff,0x03,0x04,0x1e,0x76,0x9c,0x22,0x70,0xb6,0xbe,0x5f,
0x9f,0xf7,0xa0,0x09,0xd5,0xee,0x0f,0x0b,0x0f,0x44,0x44,0x16,0x88,0x2a,0x58,0xa8,
0xf0,0x19,0x67,0x12,0x24,0xef,0xb3,0xcd,0x67,0x15,0x2f,0x51,0xf2,0x6c,0xe6,0x4d,
0xe7,0xf8,0xef,0xdc,0x52,0x1c,0x33,0x9d,0x3f,0xe2,0x57,0xda,0x39,0xbf,0x4c,0xd9,
0x72,0xbf,0x71,0xa4,0xee,0x5f,0x4b,0xab,0x18,0x7d,0x81,0xeb,0xac,0xc4,0xe4,0x51,
0xa5,0xea,0x85,0xd5,0xaa,0xd7,0x88,0x89,0xad,0x19,0x17,0x9f,0x90,0xe8,0x24,0x25,
0xe7,0x2d,0xd3,0x7e,0xdd,0xaf,0x96,0x67,0xa9,0xed,0x3d,0xb6,0xf7,0x9b,0xfd,0xea,
0x9e,0xcc,0xb3,0x5e,0xfd,0x13,0x9c,0x0d,0x52,0x1b,0x3a,0x69,0x8d,0xd2,0x9d,0xc6,
0x4d,0x9c,0xfc,0x5f,0xfe,0x2f,0xff,0x97,0xff,0xcb,0xff,0xe5,0xff,0xf2,0x7f,0xf9,
0xbf,0xfc,0x5f,0xfe,0x2f,0xff,0x97,0xff,0xcb,0xff,0xe5,0xff,0xf2,0x7f,0xff,0xd0,
0xdf,0x9e,0x93,0xfd,0xf6,0xe6,0xf2,0xdb,0xbb,0xd5,0xfc,0x9f,0xbb,0x7e,0xfd,0xf1,
0xff,0xf5,0xf3,0x99,0x9f,0xb1,0x78,0xe1,0x0f,0xed,0x71,0x1d,0xb9,0xb9,0x4e,0xde,
0xff,0x38,0x88,0x62,0xcf,0x67,0xfb,0xf6,0x99,0x7f,0x27,0x44,0x9d,0x5f,0xe3,0x27,
0x6f,0x82,0xfc,0x6a,0xd0,0x2f,0xaf,0x53,0x99,0xff,0x3e,0x52,0xf7,0x72,0xfb,0x5c,
0x9e,0xdf,0x47,0xbb,0xf7,0xe4,0x5d,0xa3,0x2c,0x62,0x2e,0x4f,0xe6,0x5d,0x9f,0x3c,
0xc7,0x5c,0x94,0xdc,0x93,0xeb,0x9c,0x55,0xb0,0xe4,0x6f,0x3b,0x1e,0xca,0x96,0x2b,
0xff,0x4b,0x77,0x2d,0x6d,0xae,0x51,0x96,0xaf,0x50,0xd1,0x64,0x79,0x8f,0x4a,0x91,
0x1b,0x1a,0x28,0xfa,0xf7,0x1c,0xd5,0xae,0x25,0x37,0x4f,0x9d,0x93,0xe5,0xe6,0x24,
0xbf,0x0b,0x7e,0x26,0x66,0xb7,0x25,0x4c,0x8b,0x98,0x7f,0x79,0xd1,0xbb,0x66,0xcf,
0x5f,0x64,0xaa,0xcb,0x3d,0x9e,0xd1,0xdc,0xff,0x14,0xf4,0xf8,0xd4,0xe8,0xfc,0xe4,
0xfa,0x25,0xfd,0x38,0x37,0xf7,0x57,0xe5,0x55,0xd3,0xeb,0x2f,0x2c,0x5e,0xae,0x3d,
0x2d,0x2b,0xf7,0x6a,0x31,0x77,0x2b,0x9d,0x54,0x3d,0x33,0xf7,0x57,0xcf,0x3b,0x91,
0xa1,0x1e,0x51,0xea,0x20,0xbf,0x53,0x83,0x9e,0x34,0xfd,0x5f,0x56,0xcd,0x7f,0x70,
0xfa,0x4e,0x7e,0xfa,0xbf,0xe5,0xef,0xcf,0x52,0xfe,0x76,0x9d,0xff,0x09,0xf5,0x1f,
0x15,0xf5,0xa7,0x6a,0xff,0xdf,0x37,0xf1,0x9e,0x3d,0x4f,0x4c,0xaf,0x0f,0xbf,0xdf,
0x33,0xfd,0xe1,0xc3,0x4f,0x4c,0x7f,0xf4,0x68,0xf3,0x04,0xdc,0x6f,0xb8,0x0c,0xfb,
0x4f,0x47,0xaf,0x5c,0xcc,0xd6,0xff,0x32,0xe2,0x71,0xe3,0x9d,0x1b,0xf2,0x2c,0xe3,
0xf9,0xf1,0x3f,0xc7,0xad,0x28,0xe7,0xd7,0x1e,0x32,0x72,0x7f,0xef,0xce,0x16,0x79,
0x92,0xde,0xff,0x1b,0x54,0xfa,0xdf,0xef,0xcc,0xe6,0xaf,0x98,0xed,0x9f,0x6b,0xda,
0xa8,0x3f,0x77,0xee,0x7f,0xab,0xe5,0xcd,0x9f,0xeb,0xb7,0xfb,0x4f,0x96,0x9f,0x8f,
0xf6,0xfc,0xdd,0x46,0xeb,0x89,0xa7,0x79,0xff,0xcb,0xa3,0xf2,0xf1,0x8b,0x41,0xbf,
0x38,0x99,0x13,0x2f,0x09,0x38,0xb9,0xb9,0xf6,0xd9,0x76,0xe8,0x2f,0xf7,0x04,0xcb,
0xbe,0xbc,0xa0,0xff,0x83,0x75,0x57,0xd4,0xe9,0xd6,0xe9,0xaf,0xba,0x06,0xf6,0x6b,
0x0e,0x38,0x91,0xbf,0x51,0x3c,0xa7,0x5e,0x7a,0xfe,0x99,0x0e,0x39,0x3e,0xaf,0x7b,
0x98,0xff,0x1d,0x9f,0xfb,0xb3,0x8e,0xaf,0x7b,0xf2,0xc2,0xfd,0x5d,0x0e,0xb1,0xb9,
0xc7,0xfb,0xf8,0xbe,0x77,0x73,0xd7,0xef,0x39,0x9d,0xdf,0xde,0xdd,0xbb,0x73,0x3f,
0xd8,0xf3,0x59,0xee,0xdf,0x6f,0x0e,0xdb,0xb3,0xc7,0xe7,0x33,0x25,0xf4,0x19,0xf1,
0x1a,0x1b,0x7b,0xee,0x1e,0x5d,0xb2,0x76,0xfe,0xd1,0xbf,0x3f,0xdb,0x8a,0x2c,0xea,
0x77,0x28,0xf0,0x7f,0xfc,0x9d,0x7e,0x4c,0x1f,0xec,0xde,0xfb,0xd1,0x8e,0x1d,0xbf,
0x5b,0xcd,0x14,0x28,0xf0,0xb7,0xec,0x7f,0x27,0xb6,0xc9,0xcf,0xb7,0xde,0x6f,0xdf,
0x1f,0xfe,0xfb,0x6e,0xf8,0x67,0x5d,0xf7,0x47,0xfd,0xa2,0xfe,0xff,0x2b,0x2e,0x09,
0xe4,0xfe,0x29,0xaa,0x29,0xf2,0xaf,0x73,0x2e,0xf6,0xbf,0x18,0x40,0x79,0xb7,0x71,
0xd4,0x8c,0xe6,0xbe,0xc4,0x9f,0x72,0xda,0xfd,0xeb,0x0d,0x94,0x93,0xfe,0xce,0x73,
0xfe,0xe9,0xbf,0x3d,0xf6,0x4d,0xd8,0xdc,0xfc,0xfb,0xd4,0x7f,0xab,0x5f,0x6e,0x7e,
0x11,0xff,0xc0,0x51,0xf5,0x67,0xac,0xac,0xd3,0xce,0xd4,0x1e,0x5f,0xee,0x5f,0xe7,
0x40,0xf2,0x2b,0x4f,0x73,0x7f,0x93,0xc6,0xca,0x7f,0xca,0xe7,0x7f,0xb3,0x74,0xb7,
0x5b,0xf9,0x34,0x8e,0x4f,0x79,0x0f,0xae,0xe8,0x61,0x88,0x5f,0xf9,0x8c,0xc6,0x09,
0xb1,0xba,0x0f,0xc2,0xfc,0x37,0x11,0xee,0xf9,0x1b,0x5c,0x85,0x89,0xfa,0x6f,0x43,
0xfe,0xf7,0xf3,0x47,0x54,0xe4,0x6f,0xd4,0xa9,0x7e,0xf1,0xa0,0xfc,0xb5,0x17,0x50,
0x23,0xff,0x37,0x35,0xff,0x3b,0x5e,0x92,0x8d,0x8a,0xfc,0xeb,0x75,0xd1,0xc8,0xdf,
0xfc,0x50,0x15,0x79,0xfa,0xcf,0x5f,0x1c,0x3f,0xf5,0xfe,0xdf,0x1e,0x06,0xa2,0xa2,
0xa2,0xfe,0x90,0xb1,0x1f,0x79,0xca,0xb3,0xd5,0xfc,0xce,0xf8,0xb7,0x2e,0x7c,0xd4,
0x3f,0xa8,0xd8,0x51,0x4e,0xfe,0x2f,0x7f,0xd8,0xfd,0xff,0x95,0xc0,0x9f,0xba,0x22,
0xa2,0x7e,0x9f,0x38,0xa3,0xfe,0xa1,0xa3,0x2d,0x7f,0x4e,0xf8,0xdf,0x3c,0x0a,0x17,
0xf5,0x17,0x9b,0x03,0xfe,0x31,0x33,0x5e,0x7e,0x7f,0xff,0x6b,0xff,0x7e,0x7a,0x16,
0xe6,0xbf,0x3f,0x5f,0xce,0xbf,0x90,0xf5,0x17,0xfe,0x45,0x44,0xfc,0xa5,0x7a,0xeb,
0x9f,0x25,0x23,0xbf,0xee,0x42,0xe1,0xd6,0xad,0xee,0xa0,0xdb,0xb9,0xd5,0xfc,0x8e,
0xc7,0xe9,0xfe,0x7e,0x7a,0xa8,0xf1,0xe7,0x47,0xde,0x9f,0xb1,0x8d,0x4e,0xcc,0x96,
0x55,0x3e,0x53,0xe4,0xad,0x3f,0x5f,0x35,0x7f,0x78,0xee,0x4f,0x7c,0xd9,0x6f,0xcf,
0x09,0xef,0x4e,0xba,0x9b,0x7e,0xbf,0x8b,0xf7,0xf9,0x13,0xeb,0xff,0xb0,0x7a,0xfe,
0xe9,0x07,0xae,0xbd,0x7b,0xff,0xf1,0x8f,0x3f,0xe6,0xfe,0x33,0x07,0xcd,0x9e,0x9f,
0x46,0xc0,0xdf,0x7d,0x96,0xf9,0xe9,0x98,0xfa,0xbb,0x1f,0x43,0xfe,0xa2,0xd7,0xc3,
0xdc,0xaf,0xbf,0x06,0x02,0x91,0x81,0x02,0x51,0x05,0x03,0x81,0x42,0x81,0x9f,0x7e,
0x85,0x03,0x81,0x33,0xce,0x0c,0x14,0x29,0x1a,0xb0,0x7f,0xc5,0x02,0x7f,0xc3,0xdf,
0x59,0xc7,0xad,0xc5,0x4b,0x04,0x4a,0x9e,0x7d,0x0e,0x96,0x73,0x7f,0xa3,0xb8,0x4b,
0x59,0xf6,0xf3,0x02,0xf9,0xbf,0xfc,0x5f,0xfe,0x2f,0xff,0x97,0xff,0xcb,0xff,0xe5,
0xff,0xf2,0x7f,0xf9,0xbf,0xfc,0x5f,0xfe,0x2f,0xff,0x97,0xff,0xcb,0xff,0xe5,0xff,
0xfe,0x80,0x9f,0xcf,0xf9,0xa3,0x4c,0x98,0x13,0x70,0x22,0xf3,0x4c,0x15,0x27,0xc6,
0xa9,0xe5,0x34,0x76,0xba,0x3b,0x3d,0x9d,0x61,0xce,0x04,0x67,0xa6,0xf3,0xa8,0xf3,
0x8c,0xb3,0xc4,0x59,0xe1,0xbc,0xe5,0x1c,0x76,0xbe,0xc6,0x04,0x7c,0xc5,0x7d,0x15,
0x7c,0x19,0xbe,0x16,0xbe,0x8e,0xbe,0xce,0xbe,0x7e,0xbe,0x51,0x27,0x98,0xe9,0xbe,
0x87,0x7d,0xb3,0x7d,0x8b,0x7c,0xef,0xf9,0xde,0xf7,0x7d,0xea,0xfb,0xb7,0xaf,0xb8,
0xff,0x1c,0x7f,0x05,0x7f,0x8c,0x3f,0xd1,0x1f,0xf4,0x77,0xf7,0xf7,0xc6,0x8c,0xf2,
0x4f,0xf2,0xdf,0xe3,0x5f,0xe6,0x5f,0xe5,0x7f,0xd3,0xbf,0xc5,0xff,0xa9,0xff,0xc8,
0xff,0xd0,0x1c,0xfd,0x2f,0x8c,0x2f,0xcc,0x17,0x16,0x16,0x16,0x08,0x8b,0x0a,0x2b,
0x94,0x67,0x8a,0xff,0x64,0x4a,0xfe,0x64,0xca,0x84,0x45,0x87,0x55,0xc2,0x54,0x91,
0xa9,0x69,0x99,0x5a,0x98,0xd4,0xb0,0xba,0x61,0x0d,0xc3,0x1a,0xe5,0x99,0xcc,0x9f,
0x4c,0x8b,0x9f,0x4c,0xdb,0xb0,0x4e,0x61,0x9d,0x31,0x97,0xcb,0x74,0x3f,0xc1,0xf4,
0x0b,0x1b,0xf6,0x1f,0xcd,0xa8,0xb0,0x6b,0x7f,0x77,0x33,0x2e,0x6c,0xe2,0x29,0xcd,
0xa4,0xb0,0x9b,0x7e,0x32,0xb7,0x84,0xdd,0x76,0x82,0x99,0x12,0x36,0x35,0xec,0xce,
0xb0,0x69,0xa7,0x69,0xee,0xf9,0xd5,0x66,0x66,0xd8,0x9c,0xff,0x60,0x16,0x85,0xad,
0x38,0xc1,0xac,0xfa,0x5d,0xcc,0xcb,0x61,0xaf,0xfe,0x41,0x66,0x6d,0xd8,0x6b,0x61,
0x1b,0xc2,0x36,0xfe,0x64,0xde,0x0c,0x7b,0xeb,0x6f,0x61,0xb6,0xe4,0x9b,0x7f,0xb4,
0xf9,0x58,0xe6,0x33,0xcc,0x11,0x8c,0x2f,0xfc,0xb8,0x89,0xc2,0x14,0x92,0x39,0x47,
0xa6,0x42,0x9e,0x89,0xc6,0x54,0xca,0x33,0xc9,0x32,0xf5,0x31,0x99,0x98,0x4e,0x96,
0xc9,0xc6,0x74,0x97,0x19,0x26,0x33,0x2e,0x7c,0x52,0xf8,0x6d,0x79,0x66,0x8a,0xcc,
0x9d,0xbf,0x9b,0x99,0x76,0x12,0x33,0x3d,0xcf,0xdc,0x8f,0x99,0x19,0xfe,0x78,0xf8,
0x93,0xe1,0x73,0x31,0xf3,0x65,0x16,0xfe,0x64,0x5e,0x92,0x59,0x26,0xb3,0x02,0xb3,
0x2a,0xcf,0xbc,0x9a,0x67,0xd6,0x62,0x36,0x86,0xbf,0x15,0xbe,0x25,0x7c,0x1b,0xe6,
0x43,0x99,0xed,0x3f,0x99,0x4f,0x65,0x3e,0x93,0xd9,0x8f,0x39,0xf0,0xff,0xcc,0xc1,
0x5f,0x61,0x0e,0x87,0x1f,0xf9,0x5b,0x98,0xaf,0xc3,0xff,0xfd,0x1f,0xcd,0xd1,0xf0,
0xef,0x7e,0x91,0xc9,0x7f,0xba,0xe2,0x9f,0xfe,0xfb,0x2e,0xfc,0xb7,0x35,0xbe,0xc0,
0xaf,0x35,0x2c,0x89,0xff,0x61,0xe7,0x63,0x91,0x3f,0x6b,0xa2,0xf2,0x4c,0xa1,0xbf,
0x88,0x39,0x23,0xc4,0x14,0xc9,0x33,0xc5,0xf2,0xcd,0x69,0x99,0x92,0xff,0x78,0x53,
0xfa,0x4f,0x69,0xca,0xfc,0x4e,0xa6,0x42,0x20,0xfa,0x1f,0x6e,0x2a,0xfd,0xe3,0x4c,
0x95,0x13,0x4c,0x8c,0x4c,0xcd,0x7f,0xac,0x49,0x0c,0x24,0xe7,0x9b,0x9f,0x35,0x75,
0xf3,0x4c,0xfd,0x3f,0xa1,0x69,0x98,0x6f,0xfe,0xe2,0xa6,0x11,0xa6,0x31,0x26,0x88,
0xc9,0xc0,0x64,0xca,0xb4,0xf8,0xcd,0x4d,0x4b,0x4c,0x6b,0x4c,0x9b,0x40,0xdb,0x3c,
0xd3,0x3e,0xdf,0xfc,0x43,0x4c,0xc7,0x40,0xa7,0xdf,0xc4,0x74,0x0e,0x5c,0x7e,0x82,
0xb9,0x32,0x90,0xfd,0x87,0x99,0xee,0x81,0xde,0xbf,0xc8,0xf4,0x09,0xf4,0x3b,0x2d,
0x33,0x20,0x30,0xe8,0x77,0x32,0xa3,0x02,0xe3,0x02,0x13,0x02,0x13,0x03,0x93,0x02,
0x37,0x05,0x6e,0x09,0xdc,0x16,0x98,0x16,0x78,0x30,0xf0,0x70,0x60,0x66,0xe0,0xd1,
0xc0,0xe3,0x81,0x27,0x03,0xb3,0x03,0xcf,0x04,0xe6,0x9f,0x60,0x16,0x05,0x96,0x9c,
0x60,0x56,0x05,0x5e,0x0b,0x6c,0x08,0x6c,0x0c,0xbc,0x19,0x78,0x2b,0xb0,0x25,0xf0,
0x4e,0xe0,0xc3,0xc0,0x27,0x81,0x4f,0x03,0x9f,0x05,0xf6,0x07,0x0e,0x04,0x0e,0x06,
0x0e,0x07,0xfe,0x1d,0xf8,0xfe,0x04,0x13,0x16,0x11,0x75,0x82,0x39,0x23,0xa2,0xd8,
0x09,0xa6,0x64,0x44,0xa9,0x13,0x4c,0xb9,0x88,0x4a,0x21,0xa6,0xfa,0x09,0x26,0x31,
0xa2,0x6e,0x44,0xfd,0x88,0x86,0x11,0x8d,0x22,0x1a,0x47,0x04,0x23,0x32,0x22,0x5a,
0x47,0x74,0x8c,0xe8,0x14,0xd1,0x39,0xe2,0xf2,0x88,0x2b,0x23,0xb2,0x23,0xba,0x45,
0x74,0x97,0xe9,0x19,0x62,0x7a,0xff,0x01,0xa6,0xcf,0xff,0x33,0x83,0x4e,0x30,0x43,
0xfe,0xc7,0x66,0x58,0x88,0xb9,0x26,0xdf,0x9c,0x86,0xb9,0x16,0x73,0x3d,0x66,0xdc,
0x1f,0x64,0x26,0x60,0x26,0x62,0x26,0xfd,0x8f,0xcd,0x4d,0x3f,0x99,0x5b,0xf2,0xcc,
0x6d,0xbf,0xd0,0x4c,0xc1,0x4c,0xfd,0x45,0xe6,0xce,0x13,0xcc,0x34,0xcc,0x3d,0x79,
0x66,0xfa,0x4f,0xe6,0xfe,0xd3,0x34,0x0f,0xe6,0x99,0x87,0x23,0x66,0x9e,0xd2,0x3c,
0x1a,0xf1,0x78,0x9e,0x79,0x32,0x62,0x76,0x9e,0x99,0x13,0xf1,0x4c,0xc4,0xdc,0x88,
0xf9,0x3f,0x99,0x85,0x11,0x8b,0xf2,0xcc,0xe2,0x88,0x25,0x27,0x31,0x2f,0x45,0x2c,
0xfb,0x19,0xb3,0xc2,0x32,0xab,0x22,0x5e,0xc6,0xbc,0x7a,0x82,0x59,0x1b,0xf1,0x5a,
0xc4,0x86,0x88,0x8d,0xf9,0xe6,0x67,0xcd,0x9b,0x3f,0x99,0xb7,0x30,0x5b,0x30,0xef,
0x60,0xde,0xc3,0xbc,0x8f,0xd9,0x86,0xf9,0x10,0xb3,0x1d,0xf3,0x31,0x66,0x17,0xe6,
0x13,0xcc,0xa7,0x79,0xe6,0x33,0xcc,0x7e,0xcc,0x81,0x13,0xcc,0xe1,0x3c,0xf3,0x75,
0x9e,0x39,0x9a,0x67,0xbe,0xcf,0x33,0xbe,0xc8,0x5f,0x6f,0xc2,0xfe,0x9f,0x39,0x7e,
0x21,0xd7,0xfc,0xa2,0x30,0x85,0x30,0x67,0x60,0x8a,0x60,0x8a,0x61,0x8a,0x63,0x4a,
0x62,0xce,0xc1,0x94,0xc2,0x94,0xc6,0x94,0xc9,0x33,0xe5,0x30,0x15,0x30,0xd1,0x27,
0x98,0x2a,0x79,0xa6,0x7a,0x9e,0xa9,0x99,0x67,0x12,0xf3,0x4c,0xad,0xd3,0x34,0xa9,
0x91,0x75,0x23,0xeb,0x47,0x36,0x3c,0xa9,0x69,0x94,0x6f,0xfe,0x32,0xa6,0x71,0x88,
0x09,0xe6,0x9b,0x3f,0xd4,0x64,0x60,0x32,0x4f,0x62,0x5a,0xe4,0x9b,0x53,0x98,0x96,
0x91,0xad,0xf3,0x4d,0xbe,0x39,0x4d,0xd3,0xf6,0x0f,0x31,0xed,0x31,0x1d,0x4f,0x30,
0x9d,0x7e,0x32,0x9d,0x7f,0x07,0x93,0x9d,0x6f,0xfe,0x51,0xa6,0x67,0xbe,0xf9,0x47,
0x9b,0xde,0x91,0x7d,0xfe,0xb1,0xa6,0x5f,0xbe,0xf9,0xdb,0x99,0x61,0x79,0x66,0x54,
0xe4,0x35,0x27,0x98,0x6b,0xf3,0x4d,0xbe,0xf9,0xdd,0xcd,0xf5,0x32,0xe3,0x30,0x13,
0xf2,0xcd,0x2f,0x30,0xee,0xf3,0xa2,0xb5,0xc3,0x1c,0xa7,0x7f,0x45,0x57,0xbb,0x48,
0x07,0xa0,0x0e,0xba,0xd2,0x7c,0x5a,0x07,0x5d,0x85,0xfa,0xd1,0xd5,0xc6,0x1b,0x7d,
0x19,0x0d,0x0f,0x73,0x3f,0x6d,0x18,0x81,0xfa,0xd1,0x48,0xb4,0xb2,0xdf,0x71,0x0a,
0xa0,0xaf,0x98,0x8f,0xac,0xa2,0x8f,0x94,0x75,0x9c,0x82,0xe8,0xab,0xb8,0x0b,0xa3,
0x1b,0x09,0x57,0xc4,0xec,0x47,0xb8,0x62,0x66,0x3f,0x34,0x1a,0x9d,0x41,0xb8,0x4a,
0xc6,0x1f,0xad,0x8a,0x86,0x2b,0x3e,0x7f,0x59,0x77,0x7b,0x38,0x1a,0x8f,0x46,0x94,
0x75,0xf3,0x13,0xe1,0x73,0xf3,0x53,0x40,0xe1,0x0a,0xfa,0xdc,0xf8,0x0b,0xa3,0x55,
0xd0,0xb5,0x8e,0xfc,0xcb,0xba,0xfe,0x67,0xfa,0xdc,0x78,0x0a,0x97,0x75,0xb7,0x17,
0x45,0x63,0xd0,0xb3,0x14,0xef,0x99,0x65,0xdd,0xf2,0xae,0x53,0x79,0x5f,0x53,0x79,
0xd7,0xab,0xbc,0x4b,0xcb,0xba,0xe5,0x3d,0x4b,0xe5,0x2d,0xa1,0x74,0xcf,0xf6,0xb9,
0xe5,0xdd,0xa0,0xf2,0xbe,0xa8,0xf4,0xce,0x53,0x39,0xc3,0x55,0xce,0x08,0x95,0xf3,
0x05,0xa5,0x5f,0xd5,0xef,0x96,0xf3,0x5c,0x9f,0x9b,0x8f,0x73,0xf1,0x8f,0x33,0xfb,
0x95,0x75,0xe3,0x2d,0xab,0x72,0x7e,0xa5,0x72,0x9e,0xef,0x73,0xd3,0x2f,0x5f,0xd6,
0x4d,0xbf,0xac,0xd2,0x2f,0xaf,0x72,0xef,0x51,0xb9,0x2b,0x2a,0xfc,0x05,0xda,0x5e,
0xb1,0xac,0x9b,0xbf,0xca,0xca,0x57,0x59,0xe5,0xe3,0x02,0x2f,0x1f,0x68,0x2c,0x5a,
0x4d,0xe5,0x7f,0x5d,0xe5,0xdf,0xa8,0xf2,0xbf,0xa1,0xf2,0x57,0x55,0xfa,0xd5,0x54,
0xfe,0x1a,0x8a,0x3f,0x4e,0xe5,0x7f,0x53,0xe5,0x5f,0xa7,0x74,0xde,0x54,0xf9,0x0b,
0xa8,0xfc,0x05,0x95,0xee,0x7a,0xb5,0x6f,0xac,0xcf,0x2d,0x6f,0x8d,0xb2,0x6e,0x3a,
0x49,0x3e,0x37,0xdd,0x38,0xed,0xbf,0x57,0xed,0x95,0xa0,0x7c,0xa6,0xf8,0xdc,0x76,
0x4a,0x52,0xbd,0xa4,0xaa,0xdc,0xf5,0x15,0x2e,0x45,0xe1,0xea,0xaa,0x3e,0xeb,0xa9,
0x5d,0xeb,0x28,0x7c,0x03,0xd5,0x6b,0x9a,0xfa,0x53,0xba,0xca,0xfb,0x8d,0xd2,0x6d,
0xec,0x73,0xcb,0xf9,0x96,0xfa,0x4d,0x13,0xe5,0x23,0x43,0xf1,0x37,0x55,0xfc,0x41,
0xc5,0xdf,0x5c,0xf1,0x37,0x53,0x3c,0x9b,0x55,0x6f,0x5b,0x54,0x6f,0x6f,0xab,0xde,
0xde,0xd1,0x38,0xb9,0x48,0xf5,0xd6,0x4a,0xf5,0x16,0xab,0x71,0xf2,0xae,0xea,0xed,
0x0d,0xe2,0x29,0x84,0x66,0xa9,0x5c,0x6f,0xa9,0xfe,0x0a,0xab,0xfe,0xce,0x44,0x4b,
0x9b,0x71,0xa2,0xfc,0xbc,0xae,0x7a,0xdc,0xa7,0xfc,0xb7,0x53,0xf9,0x3a,0xa8,0xbc,
0xed,0x94,0xce,0x25,0x2a,0xc7,0x25,0x8a,0xaf,0xa8,0xe2,0x3b,0x4b,0xed,0x71,0xa9,
0xca,0xd5,0x41,0xf5,0x7b,0x85,0xf6,0xbf,0x54,0xfd,0xe8,0x32,0xc5,0xd3,0x45,0xf1,
0x74,0x51,0xfa,0x5d,0x71,0x57,0x36,0xfd,0xd6,0xef,0xee,0x7f,0x85,0xc2,0x5d,0xad,
0x70,0x57,0x29,0x5c,0x5f,0x85,0x3b,0x4f,0xe1,0xba,0xaa,0xfe,0x06,0xaa,0xfe,0xfa,
0xab,0xfe,0xde,0x57,0xfd,0x7d,0xa0,0xfa,0xdb,0xa6,0xfa,0xeb,0xa5,0x7e,0x77,0xb5,
0xea,0xaf,0xaf,0xfa,0x5b,0xae,0xea,0x6d,0x8f,0xe6,0x97,0xfe,0x3e,0xb7,0xfe,0x06,
0xaa,0xfe,0xb6,0xa8,0xbc,0x25,0x54,0xde,0xb3,0x55,0x7f,0x73,0x95,0xaf,0xdd,0xec,
0x77,0x01,0x3a,0x58,0xf5,0x38,0x58,0xf9,0x1a,0xae,0x71,0x38,0xb4,0xac,0x9b,0xfe,
0x18,0xf5,0x97,0xeb,0x94,0xcf,0xb1,0xaa,0x9f,0xf1,0xea,0xb7,0x43,0x55,0xee,0x1b,
0x35,0xce,0x6e,0x50,0xf8,0xc9,0x6a,0x8f,0x9b,0xe5,0x7f,0xab,0xf6,0xff,0x52,0xfb,
0x7f,0xa8,0x72,0x0e,0x57,0xbf,0xfb,0x46,0xf3,0x4b,0x82,0xdf,0xdd,0xef,0x76,0xed,
0x37,0xd2,0xe7,0x96,0xf3,0x5f,0x8a,0xf7,0x2b,0xed,0x3f,0x4a,0xed,0x93,0xa3,0x74,
0xae,0x51,0xb9,0xaf,0x55,0xf9,0xee,0x50,0xfd,0xde,0xa5,0x74,0x77,0xa8,0x7e,0x3f,
0x56,0xba,0x3b,0x55,0xbf,0xbb,0xd4,0x3f,0x7d,0xaa,0xdf,0x30,0x95,0xa7,0x8a,0xfa,
0xe7,0x6e,0xd5,0xf3,0xa3,0xaa,0xe7,0x4f,0x34,0x8f,0xbf,0xa1,0xfa,0xf5,0xa9,0x7e,
0xc3,0xd4,0x9f,0x66,0x6a,0x1e,0xf7,0xa9,0x5e,0x03,0x8a,0x2f,0x4c,0xf9,0x0f,0x28,
0x5f,0x91,0x2a,0x47,0xa4,0xca,0x11,0xa5,0x70,0x85,0x54,0x8e,0x33,0x34,0x9f,0x7d,
0xaa,0xf1,0x58,0x48,0xfd,0xaa,0x88,0xca,0x77,0x86,0xfa,0x6d,0x31,0xcd,0xe3,0xc5,
0x15,0x6f,0x11,0x95,0x77,0xaf,0xca,0xfb,0x99,0xca,0xbb,0x4f,0xe5,0x5d,0xa6,0x7a,
0x2e,0xae,0xf2,0x96,0x54,0xba,0xe7,0xa8,0x5f,0xed,0x57,0x79,0x5f,0x52,0x7a,0xa5,
0x55,0xce,0x80,0xca,0x19,0xa9,0x72,0x2e,0x51,0xfa,0x17,0x6a,0x1e,0x2f,0xa5,0xfe,
0x53,0x4a,0xfd,0xa7,0xb4,0xda,0xa5,0x9c,0xca,0xf9,0xb5,0xca,0x59,0x46,0xfd,0xb9,
0x82,0xe6,0xf1,0x72,0x4a,0xbf,0x82,0xca,0xfd,0xa9,0xca,0x1d,0xad,0xf0,0x95,0xb4,
0x3d,0x5a,0xfd,0xa1,0x8a,0xf2,0x55,0x4e,0xf9,0xa8,0xe4,0xe5,0x43,0xf3,0x78,0x75,
0xd5,0xc3,0xdd,0xaa,0x87,0xcf,0x55,0x0f,0x07,0x54,0x0f,0x5f,0xa8,0x1e,0x2e,0x54,
0x3e,0xaa,0xab,0x1e,0x62,0x54,0xfe,0x83,0x2a,0xff,0x6b,0x4a,0x67,0x93,0xca,0x1f,
0xa5,0xf2,0x17,0x52,0xba,0x1b,0xd4,0xbe,0x35,0x35,0x8f,0xc7,0x68,0x3c,0x24,0xab,
0x1c,0x87,0x34,0x2f,0xc5,0x2b,0x9e,0xcf,0xd4,0x6e,0x89,0xca,0x6f,0x2d,0xcd,0x37,
0xc9,0xaa,0x9f,0x3a,0xda,0xaf,0x81,0xc2,0xd5,0x52,0xb8,0x7a,0xaa,0xd7,0xfa,0x2a,
0x57,0x5d,0x85,0x6f,0xa8,0xfa,0x6d,0xa4,0x7e,0xd5,0x58,0xe5,0x3d,0xaa,0x74,0x9b,
0x68,0x5c,0x1d,0x56,0xff,0x09,0x2a,0x1f,0xcd,0x14,0x7f,0x86,0xe2,0x6f,0xaa,0xf8,
0x5b,0x28,0xfe,0x4c,0x6f,0x9c,0xaa,0xde,0x8e,0xa8,0xde,0xbe,0x52,0xbd,0x7d,0xad,
0xf1,0xd2,0x52,0xf5,0xd6,0x5a,0xed,0x53,0x53,0xe3,0xe5,0x5f,0xaa,0xbf,0x37,0x35,
0x9f,0xb7,0x51,0xb9,0x36,0xab,0x1e,0xcf,0x50,0x3d,0x16,0xd1,0x7c,0x34,0x53,0xf9,
0xd9,0xa8,0xfa,0xdc,0xaf,0xfc,0xb7,0x57,0xf9,0x3a,0xaa,0xbc,0xed,0x95,0x4e,0x27,
0x95,0xa3,0x93,0xe2,0x2b,0xa6,0xf8,0x8a,0xab,0x5d,0x3a,0xab,0x5c,0x1d,0x55,0xbf,
0x57,0x6a,0xff,0xce,0xea,0x4f,0x97,0x2b,0x9e,0x6c,0xc5,0x93,0xad,0xf4,0xbb,0x69,
0x9e,0x2e,0xa5,0x79,0xfa,0x4a,0x85,0xeb,0xa3,0x7e,0x77,0x8f,0xc2,0x77,0x57,0xf8,
0x7e,0x0a,0x5f,0x5a,0xe1,0xbb,0xa9,0x1e,0x07,0xa9,0x1e,0x07,0x78,0xed,0xa1,0x7a,
0xfc,0x56,0xf5,0xf8,0x9d,0xea,0xb1,0xb7,0xfa,0x5f,0x1f,0xd5,0x63,0x3f,0xf5,0xbf,
0x63,0xaa,0xbf,0x4f,0x35,0xdf,0x0c,0xd0,0xbc,0x3e,0x48,0xf5,0xf8,0xb6,0xca,0x5d,
0x52,0xe5,0x3e,0x47,0xf5,0x38,0x4f,0xf9,0xfa,0x44,0xf3,0xfa,0x10,0xd5,0xe7,0x10,
0xe5,0x6b,0x84,0xc6,0xe5,0x30,0xcd,0xeb,0xd7,0xaa,0xdf,0x5c,0xaf,0x7c,0x8e,0x53,
0x3d,0x4d,0x50,0x3f,0x1e,0xa6,0xf2,0x4f,0x52,0xf9,0x27,0x2a,0x3f,0xf7,0x6a,0xbf,
0x9b,0xd4,0x3e,0xb7,0x68,0xfb,0x6d,0x8a,0xe7,0x88,0xe2,0xf9,0x5e,0xe5,0x1d,0xa1,
0x7e,0x78,0x54,0xf3,0x4e,0xa2,0xe6,0xf7,0x29,0xda,0xef,0x47,0x95,0xf7,0xdf,0x8a,
0x7f,0xba,0xe2,0xff,0x5a,0xf1,0x8c,0x56,0xbb,0x4d,0x55,0x7a,0x63,0x54,0x0f,0xd7,
0xa9,0xbc,0x77,0xaa,0xbe,0xa7,0x29,0xfd,0x03,0xe5,0xdc,0xfd,0x26,0x9a,0x35,0x8e,
0x59,0xb7,0x97,0x73,0xfd,0x9f,0x50,0x7c,0x8f,0xa9,0xfc,0x4f,0x95,0x75,0xd3,0x9d,
0xa5,0x7c,0x7d,0xa4,0x7e,0xf7,0xad,0xf4,0x98,0xda,0x67,0xa7,0xdc,0x05,0x14,0xff,
0x4a,0xc5,0xb3,0x5c,0xf1,0xbc,0xa2,0x78,0x56,0xcb,0x3f,0xd6,0x5b,0x0f,0xc9,0xbd,
0x49,0xe1,0xde,0x55,0xb8,0xb7,0xe5,0x7f,0x91,0xd2,0xad,0xa1,0x71,0xd3,0x4a,0xee,
0x6a,0x7e,0x77,0xfb,0x0f,0x3e,0x37,0x9e,0x6d,0x4a,0xff,0x3d,0xe5,0xe7,0x1d,0x95,
0xff,0x7d,0x6d,0x7f,0x52,0xf1,0x3d,0xae,0x74,0xe6,0x28,0x9d,0xd9,0x8a,0x6f,0xbb,
0xf6,0xff,0x4e,0xfa,0xbd,0xe2,0xd9,0x25,0x77,0x94,0xf2,0xbb,0x4a,0xf1,0xac,0x50,
0x3c,0xaf,0x2a,0x9e,0x97,0xe5,0x5f,0x53,0xe1,0xb6,0xc8,0xfd,0x96,0xc2,0xbd,0xa7,
0x70,0xef,0xc8,0xbf,0xa5,0xd2,0x8d,0x51,0xb9,0x5a,0xcb,0x5d,0x5d,0xe5,0xfa,0x51,
0xf9,0xce,0x55,0xfa,0x5b,0x95,0x9f,0x77,0x55,0xae,0x0f,0xb4,0x7d,0x9e,0xe2,0x7b,
0x56,0xe9,0x3c,0xa7,0x74,0x16,0x28,0x1f,0xf3,0xb5,0x7d,0xae,0xb6,0x2f,0xd2,0xf6,
0x85,0xda,0x5e,0x42,0xdb,0xcf,0x96,0xbb,0xa4,0xdc,0xe7,0xc8,0x9d,0x25,0xf7,0xc5,
0x72,0xb7,0x91,0xbb,0xad,0xfa,0xd9,0x55,0xd2,0xee,0xd2,0x1e,0xd2,0x9e,0x0a,0x37,
0xd2,0x5b,0x87,0xa8,0x1f,0x8f,0x96,0x5e,0xa3,0x70,0xf7,0x2b,0xde,0x5c,0x85,0xfb,
0x40,0xf9,0xdc,0xa1,0x7c,0x7e,0xa4,0x7e,0xbe,0x53,0xe1,0x3e,0x54,0xb8,0x6d,0x0a,
0xf7,0xb1,0xc2,0x6d,0x57,0xb8,0x5d,0x0a,0xb7,0x4f,0xe1,0xf6,0x2a,0xdc,0x17,0x0a,
0xf7,0xb9,0xc2,0x1d,0x52,0xb8,0xfd,0x0a,0xf7,0x99,0xc2,0x1d,0x54,0xb8,0x03,0x0a,
0x77,0x58,0xf3,0xd9,0x17,0xaa,0xff,0xcf,0xa5,0x07,0xa4,0x3b,0xa4,0x1f,0x6b,0x7e,
0x3a,0x5f,0xc7,0xeb,0x32,0x6a,0xcf,0x38,0xbf,0xab,0xf1,0x7e,0x37,0x9e,0x83,0x6a,
0xb7,0x17,0x35,0xfe,0x6e,0x0c,0x73,0xb7,0x2f,0x29,0xe7,0xee,0xf7,0x02,0x5a,0xdc,
0x8c,0x23,0xb4,0x84,0xe9,0x77,0x68,0xd0,0x9c,0x57,0x6a,0x7c,0xae,0xd3,0x7e,0x93,
0xc3,0xdc,0x70,0xe7,0x2a,0x5c,0x29,0x6d,0x5f,0xaf,0xed,0x37,0x69,0x7b,0x55,0x6d,
0xbf,0x50,0xf1,0xbc,0xae,0x70,0x1f,0x28,0xdc,0xcd,0x4a,0xff,0x7d,0xa5,0xbf,0xb5,
0x9c,0xdb,0x3e,0x4f,0x69,0xff,0xda,0xda,0x3f,0x55,0xfb,0x7d,0xa3,0xfd,0x6e,0xd5,
0xf6,0x66,0xda,0x9e,0x29,0xfd,0x5c,0xe1,0xf6,0x29,0xdc,0xed,0x8a,0xff,0x33,0xc5,
0xbf,0x57,0xf1,0xcf,0x09,0x73,0xc3,0x77,0x52,0xf8,0x6f,0x15,0x7e,0x8a,0xe2,0xed,
0xa5,0xf8,0x7a,0x2b,0xdf,0xc7,0xa4,0xcf,0x49,0x5f,0xd1,0x7e,0x03,0xb5,0xdf,0xd3,
0x4a,0x67,0xbe,0xd2,0x99,0xa7,0x7a,0x74,0x14,0x8f,0xaf,0x9c,0x3b,0xcf,0x3d,0xaf,
0xfd,0x17,0x6a,0xff,0xc1,0xda,0xff,0x19,0xa5,0x5b,0x54,0xe1,0x8b,0x69,0xfb,0x50,
0x6d,0x7f,0x56,0xdb,0xcb,0x6b,0x7b,0x05,0xc5,0xb7,0x46,0xf1,0xbd,0xac,0xf0,0xc3,
0x15,0x7e,0xae,0xf2,0xf3,0x96,0xf2,0xb3,0x49,0xe5,0x5e,0xaf,0x78,0xe2,0x14,0x4f,
0xbc,0xe2,0x79,0x57,0xfb,0x8f,0xd4,0xfe,0xaf,0x2b,0x5c,0x9a,0xc2,0x35,0x52,0x79,
0x76,0xcb,0xfd,0x89,0xc2,0x8f,0x56,0xf8,0x8d,0x4a,0xef,0x63,0xa5,0xb7,0x43,0xe9,
0x6d,0x50,0x3c,0x59,0xda,0xaf,0x8d,0xd2,0xdb,0xa3,0xfd,0xc7,0x68,0xff,0x37,0x14,
0xae,0x8b,0xc2,0x65,0x2b,0xdc,0xbf,0x54,0xbe,0x23,0x0a,0xbf,0x59,0xe1,0x73,0x74,
0xdc,0x78,0x4f,0xfe,0x3b,0xe5,0x3f,0x4f,0xfe,0x9f,0x6a,0xbf,0xaf,0xe4,0xbf,0x25,
0xcc,0xcd,0xcf,0xdb,0xd2,0xc8,0x70,0xd5,0x4b,0xb8,0xeb,0xde,0x1c,0xee,0x86,0x0b,
0x0b,0x77,0xe3,0x73,0xb4,0xfd,0x5d,0x6d,0xf7,0xc9,0xbd,0x4a,0xee,0x5c,0xe9,0x47,
0x0a,0x7f,0x46,0xb8,0x8e,0x43,0x0a,0x57,0x4a,0xdb,0x77,0x2b,0xde,0xc2,0x72,0xef,
0x51,0xb8,0x2f,0x14,0xee,0x4c,0xf9,0x1f,0x0a,0x77,0xd7,0x0f,0x5f,0xca,0xfd,0x95,
0xf4,0x1b,0xe9,0xe7,0x0a,0xff,0x96,0xdc,0x5b,0x14,0x6f,0x5b,0xa5,0x9f,0xa5,0xed,
0xef,0x69,0x7b,0x1b,0xb9,0x57,0xcb,0xfd,0xa1,0x74,0xbb,0xc2,0x5f,0xae,0x7c,0xec,
0x52,0xb8,0x54,0x6d,0xff,0x44,0xf1,0x5e,0x26,0xf7,0xa7,0x0a,0x77,0x50,0xe1,0xae,
0x90,0xff,0x61,0xe5,0xf7,0x88,0xdc,0x5f,0x4b,0x8f,0x4a,0x0f,0x48,0x3b,0x86,0xbb,
0xeb,0xa0,0xe1,0xd2,0x11,0xf2,0xff,0x40,0xba,0x4d,0xba,0x4f,0xba,0x1f,0x6d,0x1b,
0xe1,0x38,0x15,0xa1,0x1d,0x44,0x43,0x7b,0xa8,0x24,0xf7,0x05,0xd2,0xca,0xd2,0xd5,
0xd2,0x2d,0xd2,0x95,0x50,0x2f,0x8a,0xf9,0x26,0xca,0xd5,0x78,0x69,0x12,0x2c,0x87,
0x0d,0xf0,0x1e,0xbc,0x0e,0x0d,0x0a,0xb1,0x9e,0x86,0x0e,0xd0,0x0c,0x3a,0xc2,0x45,
0xf0,0x1e,0xdc,0x05,0xcb,0x61,0xbd,0xdc,0xaf,0xcb,0xbd,0xc1,0x84,0x2f,0x4c,0x78,
0x78,0x07,0x56,0xc2,0x6a,0x58,0x2f,0xf7,0x5a,0x78,0x17,0xd6,0xc9,0xbd,0x01,0x1a,
0x9c,0xe1,0x38,0xcd,0xa1,0x23,0x5c,0x74,0x86,0xeb,0x6e,0x01,0xeb,0xe1,0x03,0x78,
0x13,0x72,0x61,0x3b,0x7c,0x24,0xff,0x0f,0x21,0xb6,0x28,0xe5,0x84,0xe4,0xd2,0xd4,
0x7d,0x69,0x57,0x0b,0x48,0x0b,0x4a,0x0b,0x4b,0xcf,0x94,0x9e,0x25,0xad,0x2b,0xad,
0x2f,0x4d,0x93,0x36,0x92,0x36,0x2e,0xed,0xb6,0x6b,0x6d,0x1d,0x27,0x52,0xa5,0x97,
0x49,0x2f,0xd7,0xf1,0xb1,0x97,0xb4,0xb7,0xd6,0x9b,0x4f,0xeb,0xf8,0xf2,0xbc,0xdc,
0xcf,0xc8,0xbd,0x58,0xee,0x35,0xd2,0xb5,0xd2,0xad,0xd2,0xf7,0x75,0xbc,0xf3,0x6b,
0x3c,0x86,0x6b,0x7c,0x47,0x68,0x9c,0x8e,0xd5,0x38,0x0e,0xd3,0xf6,0x80,0xb6,0x47,
0x6a,0xfb,0x38,0xe9,0x78,0xe9,0x04,0xe9,0x0d,0xd2,0x89,0xd2,0x1b,0xa5,0x93,0x14,
0x5f,0x41,0xc5,0x57,0x58,0xf1,0x9d,0xa9,0xed,0x93,0xb5,0xbd,0x90,0xb6,0x9f,0xa1,
0xed,0x45,0xb4,0xfd,0x26,0xe9,0xcd,0xd2,0x5b,0xa4,0xb7,0x4a,0x6f,0x93,0xde,0x2e,
0x9d,0xa2,0xf8,0xce,0x52,0x7c,0x25,0xe4,0x2e,0x2e,0x77,0x49,0xb9,0xcf,0x93,0xfb,
0x7c,0xb9,0x4b,0xcb,0x5d,0x46,0xee,0x8a,0x72,0x5f,0xa0,0xfc,0x54,0x56,0xfc,0x39,
0xda,0x1e,0xad,0xed,0x95,0xb4,0xbd,0x8a,0xb6,0x4f,0x95,0xde,0x21,0xbd,0x53,0x7a,
0x97,0x74,0x9a,0xf4,0x6e,0xe9,0x3d,0x8a,0xaf,0x9a,0xe2,0xab,0xa1,0xf8,0x62,0xb5,
0xfd,0x5e,0x6d,0xaf,0xae,0xed,0x31,0xda,0x5e,0x53,0xdb,0xa7,0x4b,0xef,0x93,0xde,
0x2f,0x7d,0x40,0xfa,0xa0,0xf4,0x21,0xe9,0xc3,0x8a,0x2f,0x41,0xf1,0x25,0x29,0xbe,
0x14,0xf9,0x27,0xca,0x3f,0x59,0xfe,0xb5,0xe4,0x5f,0x47,0xfe,0xf5,0xe4,0xdf,0x40,
0xfe,0x75,0xe5,0x5f,0x5f,0xfe,0x0d,0xe5,0x9f,0x2e,0xff,0x26,0x72,0x37,0x96,0x3b,
0x28,0x77,0x73,0xb9,0x2f,0x92,0xbb,0x85,0xdc,0x2d,0xe5,0xbe,0x58,0xee,0x76,0x8a,
0xb7,0x83,0xfc,0xdb,0xca,0xbf,0xbd,0xfc,0x3b,0xca,0xbf,0xb3,0xfc,0x2f,0x97,0xff,
0x95,0xf2,0xef,0x2a,0xff,0xab,0xe4,0xdf,0x43,0xf5,0x30,0x43,0xdb,0xbb,0x69,0x7b,
0x77,0x6d,0xef,0xa9,0xed,0x33,0xa5,0x8f,0x48,0x1f,0x95,0x3e,0x26,0x7d,0x5c,0xfa,
0x84,0xf4,0x49,0xc5,0x77,0xb5,0xe2,0xeb,0xab,0xf8,0xfa,0x6b,0xfb,0x2c,0x6d,0xef,
0xa3,0xed,0xfd,0xb4,0x7d,0x80,0xb6,0xcf,0x96,0x3e,0x25,0x9d,0x23,0x7d,0x5a,0xfa,
0x8c,0xf4,0x59,0xe9,0x5c,0xe9,0x02,0xe9,0x6a,0xe9,0x97,0xd2,0xc5,0x4a,0x6f,0xa3,
0x77,0x5c,0x57,0x7a,0x6f,0x6a,0xfb,0x5a,0xe9,0xbf,0x15,0xee,0x43,0x85,0xfb,0x48,
0xe1,0xb6,0x97,0x73,0xef,0xeb,0xdc,0x57,0xc1,0xd5,0xfb,0xa5,0xcf,0x4a,0x37,0x4a,
0xdf,0x94,0xbe,0x21,0x0d,0xd7,0xfd,0xa0,0x28,0x69,0x61,0xe9,0x05,0xd2,0xca,0xd2,
0x46,0xd2,0x26,0xd2,0x0c,0x69,0xa6,0xb4,0x9f,0xb4,0xab,0x74,0xa0,0x74,0x90,0x74,
0xa8,0x74,0x98,0x74,0xa4,0x74,0x94,0x74,0xac,0x74,0x9c,0x74,0x87,0xf4,0x63,0xe9,
0x0d,0xd2,0x89,0xd2,0xc9,0xd2,0x9b,0xa4,0x3b,0xa5,0xbb,0xa4,0x4f,0x4b,0x9f,0x91,
0x3e,0x2b,0x9d,0x2b,0xdd,0x27,0xdd,0x2f,0xfd,0x5c,0x7a,0x00,0x9d,0x1e,0xc7,0xf8,
0x8f,0x73,0xf5,0x22,0x69,0x2b,0x69,0x96,0xf4,0x62,0x69,0x3b,0x69,0x07,0xe9,0x25,
0xd2,0x4b,0xa5,0x97,0x49,0xaf,0x90,0x76,0x91,0x76,0x95,0x76,0x97,0xf6,0x94,0xf6,
0x96,0x0e,0x84,0xfb,0x60,0x90,0xdc,0x43,0xe4,0x1e,0x2a,0xf7,0x70,0xb9,0x47,0xc8,
0x3d,0x4a,0xee,0xd1,0x72,0x8f,0x91,0xfb,0x5a,0xb9,0x1f,0x92,0x7e,0x25,0x7d,0x5a,
0xfa,0xac,0x74,0x9e,0x74,0x81,0xf4,0x39,0xe9,0xf3,0xd2,0x17,0xa4,0x2f,0x4a,0x97,
0x4a,0x97,0x4b,0x57,0x4a,0x57,0x4b,0x5f,0x95,0xae,0x95,0xbe,0x26,0xdd,0xa4,0x7c,
0xbd,0x25,0xf7,0x16,0xb9,0xdf,0x96,0xfb,0x5d,0xb9,0xdf,0x93,0xfb,0x7d,0xb9,0x3f,
0x90,0x3b,0x57,0xee,0x0f,0xe5,0xfe,0xb7,0xf4,0x1b,0xe9,0x51,0xe9,0xb7,0xd2,0x1f,
0xe2,0xdc,0xe3,0xf0,0x6b,0x01,0x5f,0x9e,0xee,0x46,0x5f,0x2c,0xea,0x73,0xee,0x2b,
0xea,0xea,0x03,0xd2,0x39,0x50,0xa5,0x98,0xcf,0x89,0x2d,0xe6,0x6a,0x4d,0x68,0x50,
0xdc,0xe7,0xb4,0x80,0x8e,0x70,0x11,0xbc,0x06,0x13,0xe0,0x25,0x98,0x08,0xab,0xe1,
0x76,0xf9,0x4f,0x85,0x17,0x60,0xad,0xfc,0x5f,0x95,0xff,0x3a,0x98,0x57,0xc2,0xe7,
0x2c,0x85,0x17,0xe1,0x25,0x58,0x06,0xcb,0x61,0x6e,0x49,0xfc,0x4a,0xba,0xfa,0x12,
0xc4,0x95,0xf2,0x39,0xb5,0xa1,0x6c,0xb6,0xcf,0xa9,0x00,0xe5,0x20,0x1a,0xca,0x43,
0x25,0xb8,0x10,0x2a,0xca,0xbf,0xb2,0xfc,0xab,0xca,0x5d,0x45,0x7a,0x01,0xf4,0xec,
0xe7,0x73,0x7a,0xf7,0x73,0xb5,0x97,0xf4,0x6a,0xa0,0x2a,0x9c,0x54,0x68,0x04,0x97,
0xc2,0x95,0x22,0x1b,0x46,0xc3,0x53,0x62,0x91,0x58,0x2c,0x5e,0x14,0xe6,0x5e,0xb1,
0xb9,0x9f,0x65,0xfe,0x14,0x9a,0xb9,0x0e,0xfa,0x8d,0xf1,0xe7,0xbc,0xf8,0x25,0xb1,
0x14,0x56,0xc0,0x4a,0x78,0x19,0x5e,0x81,0x3b,0x39,0x7f,0xbe,0x0b,0xa6,0xc1,0xdd,
0x30,0x17,0xe6,0xc1,0x2a,0x58,0x03,0x6f,0xc1,0x0e,0xd8,0x0d,0x9f,0x8b,0x2f,0x84,
0x99,0xe7,0x06,0x98,0xb9,0xc4,0x5c,0xe7,0x33,0x73,0x88,0x18,0x6e,0xd6,0xc3,0xe6,
0x1c,0x4a,0x5c,0x63,0xae,0xf7,0x99,0x6b,0x7d,0xe2,0x46,0x31,0x49,0x4c,0xd6,0xf9,
0xf2,0xad,0xc2,0x9c,0xdb,0xce,0x34,0xc7,0x08,0xb3,0xfe,0x36,0x73,0xaa,0x99,0x77,
0x58,0x3f,0x4f,0x80,0x49,0x70,0x33,0xd4,0x0c,0xb0,0x06,0x86,0x0e,0x70,0x09,0x74,
0x82,0x2e,0x30,0x19,0x6e,0x81,0x5b,0x61,0x2a,0x2c,0x83,0x15,0x62,0x15,0xac,0x86,
0x57,0xe0,0x55,0x58,0x1b,0x30,0xfd,0x8e,0x3e,0x0f,0xfb,0xe0,0x20,0x7c,0x09,0x45,
0x59,0x6b,0x9f,0x07,0xe5,0xa1,0x21,0xa4,0x89,0x46,0xd0,0x1c,0x5a,0xc0,0x95,0xd0,
0x05,0x7a,0x43,0x7f,0x18,0x00,0x03,0xc5,0x20,0xad,0xdb,0xdf,0x11,0xef,0x42,0x2e,
0x6c,0x87,0xdd,0xf0,0x09,0xec,0x81,0x4f,0x61,0x2f,0xec,0x83,0x03,0xf0,0x05,0x1c,
0x84,0x43,0x70,0x14,0xbe,0x85,0x63,0xf0,0xa3,0x28,0x1a,0xe9,0x52,0x4c,0x9c,0x05,
0x35,0x21,0x0e,0x9a,0x43,0x4b,0x78,0x1c,0x9e,0x80,0x79,0x30,0x5f,0xac,0x84,0xd7,
0x60,0x3d,0xec,0x83,0xfd,0x70,0x04,0xbe,0x82,0xaf,0xe1,0x5b,0xf1,0xbd,0x70,0x0a,
0xb0,0xae,0x83,0xb3,0xa1,0x14,0x9c,0x27,0x4a,0x43,0x34,0x5c,0x20,0x2a,0x41,0x15,
0xa8,0x2a,0x2e,0x84,0x18,0x48,0x83,0x4b,0xa0,0x13,0x74,0x86,0x2e,0x70,0x35,0x0c,
0x84,0x49,0x70,0x13,0x4c,0x81,0x7b,0xe0,0x61,0x98,0x01,0xeb,0xe0,0x35,0xb1,0x1e,
0x3e,0x86,0x5d,0xe0,0xe7,0x7c,0x26,0x4c,0x84,0x43,0x2a,0xd4,0x11,0x75,0x45,0x3d,
0x51,0x5f,0x34,0x80,0x34,0x68,0x04,0xcd,0x20,0x13,0x2e,0x82,0x96,0xa2,0x15,0xb4,
0x86,0x2c,0xd1,0x06,0x3a,0xc2,0x25,0x90,0x0d,0x5d,0xa1,0x1b,0xf4,0x80,0x01,0x30,
0x48,0x0c,0x86,0xb1,0x30,0x4e,0x8c,0x87,0x09,0x30,0x11,0x6e,0x85,0x29,0x90,0x03,
0x77,0xc2,0x2c,0x78,0x0a,0xe6,0xc1,0x02,0xf1,0x3c,0x2c,0x81,0xa5,0x62,0x99,0x30,
0xe7,0x6f,0x2b,0x61,0x15,0xbc,0x02,0x6b,0x61,0x9d,0xce,0xe9,0xcc,0xf9,0xdc,0x46,
0xf1,0x86,0x78,0x4f,0xe4,0xc2,0x87,0xb0,0x1d,0x3e,0x86,0x9d,0xb0,0x0b,0xf6,0xc0,
0x41,0x38,0x04,0x87,0xe1,0x98,0xf8,0x41,0xf8,0x0a,0x52,0xaf,0x10,0x26,0x02,0x50,
0x10,0x8a,0x40,0x51,0x28,0x0e,0x55,0xa1,0x1a,0xc4,0x41,0x02,0x24,0x42,0x32,0xa4,
0x40,0x6d,0x48,0x85,0x7a,0xa2,0x01,0xa4,0x41,0x23,0x48,0x87,0x0c,0x68,0x06,0x2d,
0xa0,0x25,0xb4,0x11,0x9d,0xe0,0x32,0xb8,0x42,0xf4,0x80,0x01,0x30,0x10,0x06,0xc1,
0x60,0x18,0x0a,0xc3,0xc4,0x38,0x18,0x0f,0x13,0xc4,0x44,0xb8,0x0d,0xa6,0xc0,0x54,
0xb8,0x13,0x66,0xc1,0x53,0x30,0x0f,0x16,0xc0,0x42,0x58,0x04,0x4b,0x60,0xa9,0x58,
0x26,0x96,0xc3,0x4a,0x58,0x05,0xaf,0xc2,0x5a,0x58,0x07,0xaf,0x89,0x0d,0xf0,0x3a,
0x6c,0x14,0x9b,0xc4,0x0e,0xf8,0x18,0x76,0xc2,0x2e,0xd8,0x03,0x07,0xe1,0xa8,0xf8,
0x16,0x7e,0x04,0x5f,0x21,0x17,0x3f,0x84,0x41,0x00,0x0a,0x43,0x11,0x28,0x0a,0xc5,
0xa1,0x2a,0x54,0x83,0x38,0x48,0x80,0x44,0x48,0x86,0x54,0xa8,0x27,0xea,0x8b,0x06,
0xa2,0xa1,0x48,0x13,0x8d,0xa0,0x09,0x64,0xe8,0xfc,0xbe,0x85,0xce,0xef,0x5b,0x8a,
0xb6,0x3a,0xf7,0xef,0x28,0x2e,0x83,0xcb,0xe1,0x4a,0xc8,0x86,0xae,0xd0,0x0d,0x7a,
0xc0,0x00,0x18,0x24,0xc6,0x8b,0x09,0x62,0x22,0xdc,0x0c,0xb7,0x43,0x0e,0xdc,0x01,
0xd3,0x60,0x3a,0xdc,0x07,0x0f,0x88,0x87,0xe0,0x61,0x78,0x14,0x1e,0x83,0x59,0xf0,
0x14,0x3c,0x0b,0x4b,0x74,0x7d,0x61,0x05,0xac,0x14,0xab,0x60,0x35,0xac,0x81,0x75,
0xba,0x16,0x61,0xae,0x43,0x6c,0x14,0x9b,0xc4,0x7b,0x62,0x0f,0x1c,0x2c,0x64,0x6e,
0x7c,0xbb,0xf8,0x20,0x0c,0xc2,0x45,0x00,0x0a,0xc3,0x99,0x50,0x14,0xce,0x82,0xaa,
0x50,0x0d,0x52,0xa1,0x9e,0xa8,0x2f,0x1a,0x40,0x1a,0x34,0x82,0x26,0xd0,0x54,0xd7,
0x3d,0x9a,0x43,0x4b,0x68,0x5f,0xd8,0xbd,0x16,0x72,0x09,0x5c,0x0a,0x97,0xc1,0xe5,
0xd0,0x05,0xb2,0xa1,0x2b,0x74,0x83,0x1e,0x30,0x00,0xc6,0x8a,0x71,0x62,0x3c,0x4c,
0x80,0x89,0x70,0x2b,0xdc,0x0e,0x39,0x70,0x07,0xcc,0x82,0xa7,0x60,0x21,0x2c,0x82,
0x25,0xb0,0x54,0x2c,0x13,0xcb,0xc5,0x0a,0x61,0xae,0xc5,0xbc,0x02,0x6b,0xc4,0x5a,
0x5d,0x87,0x59,0xaf,0xeb,0x30,0xaf,0xc3,0x46,0x5d,0x97,0x31,0xd7,0x68,0x72,0xe1,
0x23,0xd8,0x01,0x1f,0xc3,0x4e,0xd8,0x05,0x7b,0xe0,0x20,0x1c,0x86,0x2f,0xe1,0x88,
0x70,0xce,0xa0,0x4e,0xc1,0x0f,0x61,0x10,0x0e,0x85,0xe1,0x4c,0x28,0x0a,0x67,0x41,
0x1d,0xa8,0x0b,0xf5,0xa0,0xbe,0x30,0xd7,0x7b,0xd2,0xa0,0x11,0x34,0x81,0xa6,0xd0,
0x4c,0xd7,0x84,0xcc,0xf5,0xa0,0x96,0xa2,0x95,0x68,0x07,0x1d,0x74,0xbd,0xc8,0x70,
0x25,0x64,0x43,0x57,0xe8,0x06,0x3d,0x60,0x00,0x8c,0x86,0xeb,0x61,0x9c,0x18,0x0f,
0x13,0x60,0x22,0xdc,0x0d,0xf7,0xc1,0x7c,0x58,0x08,0x2f,0xc1,0x32,0xb1,0x12,0xd6,
0xe8,0x3a,0xd3,0x7a,0x5d,0x7f,0x7a,0x0b,0x36,0xc3,0xdb,0xf0,0xae,0xd8,0xaa,0x6b,
0x52,0x7b,0xe0,0x20,0x7c,0x09,0x47,0x4c,0x1d,0x9c,0xc9,0xb8,0x84,0x78,0x91,0x00,
0x89,0x90,0x04,0x75,0x20,0x0d,0x82,0xd0,0x54,0x64,0x40,0x2b,0xc8,0x82,0x4e,0x30,
0x0e,0xc6,0xc3,0x0d,0xe2,0x46,0xb8,0x19,0x6e,0x85,0x47,0xe1,0x71,0xf1,0x24,0xcc,
0x83,0xf9,0x62,0x01,0x2c,0x84,0xe7,0x60,0x29,0x2c,0x13,0x2b,0xe1,0x15,0x58,0x23,
0xd6,0xc1,0x1b,0xb0,0x09,0xde,0x87,0x5c,0xd8,0x0e,0x4e,0x11,0x97,0x73,0xa1,0x14,
0x94,0x87,0x0b,0x21,0x59,0xd4,0x12,0xa9,0xa2,0x01,0x34,0x84,0x34,0xc8,0x80,0x4c,
0xe8,0x0b,0x83,0xe0,0x3a,0xb8,0x5e,0x8c,0x85,0x1b,0xe0,0x46,0x98,0x04,0x93,0xe1,
0x56,0xb8,0x0d,0xee,0x81,0xe9,0xb0,0x14,0xd6,0x08,0xa7,0x28,0x63,0x0e,0xaa,0x43,
0x0d,0x88,0x81,0x38,0x88,0x17,0x09,0x50,0x0b,0x6a,0x8b,0x54,0xa8,0x03,0x75,0xa1,
0x1e,0xd4,0x87,0x06,0xd0,0x50,0xa4,0x41,0x26,0x64,0x41,0x7b,0xe8,0x00,0x1d,0xe1,
0x12,0xe8,0x04,0x97,0xc2,0xe5,0x70,0x05,0x74,0x81,0x6c,0xd1,0x15,0xae,0x82,0xee,
0xd0,0x03,0x7a,0x42,0x3f,0xe8,0x0f,0x03,0x61,0x10,0x0c,0x85,0x61,0x30,0x0e,0xc6,
0x8b,0x09,0x70,0x03,0x4c,0x84,0x1b,0x61,0x12,0xdc,0x0a,0xb7,0x89,0xdb,0xc5,0x14,
0x91,0x03,0xd3,0xe1,0x3e,0x78,0x00,0x1e,0x14,0x33,0xe0,0x55,0x58,0x2b,0x36,0x8a,
0x4d,0xf0,0x2d,0x1c,0x13,0xdf,0xc3,0x8f,0xe0,0x14,0x63,0xdc,0x9c,0xc5,0xb8,0x81,
0x96,0x90,0x05,0x1d,0xe0,0x12,0x71,0x29,0x5c,0x0e,0x5d,0x60,0x32,0xdc,0x0c,0xb7,
0x41,0x0e,0xcc,0x83,0x05,0xb0,0x08,0x5e,0x80,0xe5,0xb0,0x52,0xac,0x86,0x57,0x61,
0x1d,0xbc,0x0b,0x5b,0xa1,0x68,0x71,0xc6,0x33,0x94,0x84,0x73,0xe1,0x52,0xb8,0x1c,
0xae,0x84,0xde,0x30,0x08,0xc6,0xc2,0x14,0x98,0x01,0x5f,0xc3,0x37,0xf0,0x3d,0xf8,
0x4a,0xd0,0x4f,0xce,0x66,0x8c,0xc2,0xf5,0x30,0x0e,0xee,0x83,0x19,0xb0,0x0f,0xbe,
0x80,0x43,0x70,0x18,0xbe,0x01,0xe7,0x1c,0x8a,0x06,0x67,0x41,0x09,0x28,0x29,0xca,
0x41,0x3c,0x24,0x40,0x22,0x24,0x89,0x34,0x68,0x03,0x17,0x43,0x5b,0xe8,0x02,0x7d,
0xa1,0x3f,0x0c,0x84,0xc1,0x30,0x04,0xc6,0xc2,0x42,0x78,0x0e,0x16,0xc1,0xf3,0x62,
0x31,0x2c,0x83,0xe5,0xf0,0x2a,0xac,0x11,0x6b,0x61,0x1d,0xbc,0x06,0x5b,0xe0,0x3d,
0x91,0x2b,0x3e,0x14,0x3b,0xe0,0x33,0x28,0x74,0x2e,0x53,0x22,0x14,0x11,0x45,0xa1,
0x14,0x94,0x87,0x74,0x68,0x2c,0x9a,0xc0,0x48,0x18,0x0b,0x37,0xc0,0x44,0xb8,0x11,
0x26,0xc1,0x2c,0x98,0x2d,0x9e,0x12,0xf3,0xe0,0x6b,0x70,0x4a,0x39,0x4e,0x59,0x28,
0x0f,0x15,0x21,0x1a,0x2a,0x43,0x15,0xa8,0x0a,0x17,0x42,0x75,0x88,0x83,0x78,0x48,
0x10,0x89,0x50,0x1b,0x52,0xa1,0x2e,0x34,0x85,0xd6,0x90,0x05,0xfd,0x60,0x20,0x0c,
0x85,0xb1,0x30,0x07,0xe6,0xc1,0x6b,0xb0,0x09,0xde,0x87,0x0f,0x84,0x73,0x1e,0x6b,
0x7b,0x38,0x07,0xce,0x85,0x52,0x70,0x1e,0x94,0x16,0xe5,0xa1,0x1d,0xb4,0x17,0x1d,
0x44,0x47,0x71,0x09,0x5c,0x01,0x5d,0x44,0xb6,0xe8,0x2a,0xba,0xc1,0x55,0xd0,0x1d,
0xfa,0x42,0x3f,0x18,0x0c,0x43,0x60,0x0c,0x5c,0x2f,0xc6,0xc2,0x4d,0x90,0x03,0xd3,
0xe1,0x49,0x31,0x0f,0x96,0xc1,0x0a,0x38,0x04,0x4e,0x69,0x8e,0x4b,0xe6,0xba,0xbe,
0x08,0x40,0x22,0x24,0x89,0x64,0x91,0x02,0x75,0x74,0x8f,0xc0,0x50,0x4f,0xd4,0xd7,
0xfd,0x81,0x74,0x61,0xee,0x11,0x34,0x81,0x20,0x5c,0x04,0x59,0xd0,0x09,0xfa,0xc0,
0x10,0x18,0x0b,0xe3,0x60,0xbc,0x98,0x00,0x33,0x60,0xa6,0x78,0x04,0x1e,0x87,0x27,
0xe0,0x49,0x98,0x05,0xb3,0xe1,0x29,0x31,0x07,0x9e,0x81,0x67,0x61,0x2e,0xcc,0x83,
0x25,0xf0,0x22,0x7c,0x02,0x7b,0xc4,0xa7,0x62,0x2f,0x7c,0x06,0xfb,0xe0,0x73,0x38,
0x20,0xbe,0x10,0x07,0xe1,0x30,0x7c,0x09,0x47,0xc0,0x39,0x9f,0x3e,0x03,0x17,0x40,
0x75,0xa8,0x01,0x89,0x90,0x04,0xc9,0x90,0x02,0xb5,0x20,0x0d,0x32,0xa1,0x25,0xb4,
0x86,0x2c,0xe8,0x04,0x97,0xc2,0x08,0x18,0x09,0xd7,0xc2,0x58,0xb8,0x19,0x72,0xe0,
0x45,0x58,0x06,0x2b,0x60,0x13,0x6c,0x86,0xb7,0x61,0x07,0x7c,0x2c,0x76,0xc2,0x5e,
0xf8,0x0c,0x3e,0x87,0x03,0xe2,0x0b,0x38,0x02,0x5f,0x89,0xaf,0xe1,0x5f,0xf0,0x6f,
0xf1,0x0d,0x1c,0x85,0x6f,0x85,0x53,0x86,0xfc,0x43,0x0d,0xb8,0x1a,0xfa,0xc0,0x08,
0x18,0x29,0x46,0xc1,0x7d,0x70,0x3f,0xac,0x80,0x95,0xf0,0x63,0x19,0xf7,0x19,0x75,
0x73,0xdf,0xc1,0xdc,0xa3,0x37,0xf7,0x17,0xcc,0xbd,0x63,0x73,0x1d,0xdc,0xdc,0x33,
0x37,0xd7,0xbb,0xcd,0x3d,0x59,0x73,0x1d,0xbb,0x93,0xe8,0x2c,0x2e,0x17,0xe6,0x5a,
0xf6,0xb5,0xe5,0xdc,0x7b,0x33,0xe6,0xbe,0xb7,0xb9,0x77,0x6d,0x9e,0x03,0x58,0x2e,
0xcc,0xb5,0x5f,0x73,0x1f,0xdc,0xdc,0x83,0x36,0xf7,0xf5,0xcd,0x3d,0xe6,0x2d,0xe5,
0xdc,0x7b,0xc9,0xdb,0xca,0xb9,0xf7,0x80,0xcd,0xfd,0x78,0x73,0x6d,0xd8,0xdc,0x87,
0x35,0xf7,0x72,0xcd,0x7d,0xf4,0xc2,0xe5,0x99,0x37,0xa0,0x21,0xa4,0x41,0x3b,0x31,
0x48,0x5c,0x2f,0xa6,0xc0,0xc3,0xb0,0x09,0x72,0xe1,0x63,0xf1,0x09,0x1c,0x02,0x7f,
0x05,0x97,0x48,0x51,0x10,0x8a,0x43,0x49,0x71,0xae,0x28,0x05,0x65,0xe0,0x02,0x51,
0x59,0x54,0x15,0xd5,0x20,0x06,0x62,0x45,0x4d,0x48,0x82,0x64,0x73,0x6d,0x19,0x52,
0x45,0x3d,0x68,0x08,0x41,0xc8,0x84,0x56,0xa2,0x0b,0x8c,0x87,0x09,0x70,0x03,0x4c,
0x84,0xc9,0xe0,0xd4,0x70,0x9c,0x6b,0x60,0x0c,0x5c,0x0b,0xd7,0xc1,0x6e,0xd8,0x0f,
0x5f,0xc0,0x41,0x38,0x0c,0x5f,0xc2,0x11,0x70,0x62,0x1c,0xa7,0x12,0x54,0x11,0x31,
0x22,0x0e,0x7a,0xc2,0x00,0x71,0xbd,0x18,0x0b,0x77,0xc3,0x0c,0x78,0x02,0x66,0xc1,
0xb3,0x30,0x0f,0x9e,0x87,0x17,0x60,0x39,0xac,0x84,0x35,0xb0,0x0e,0xde,0x80,0x4d,
0xf0,0x2e,0x6c,0x85,0x8f,0x60,0x07,0xfc,0x08,0x81,0x38,0x97,0x08,0x11,0x29,0x2a,
0xc0,0x85,0x50,0x0d,0x62,0x20,0x16,0x6a,0x42,0x3c,0x24,0x43,0x6d,0xa8,0x03,0x75,
0x45,0x3d,0xd1,0x08,0xee,0xd6,0xf5,0x4b,0x73,0xad,0xf3,0x7e,0x78,0x00,0x1e,0xd4,
0x75,0xdc,0x87,0xc5,0x4c,0x5d,0xe7,0xfc,0x4e,0x1c,0xd3,0xf5,0xce,0x1f,0x45,0x20,
0x9e,0xf4,0x20,0x1e,0x6e,0x87,0x19,0xb0,0x02,0x0e,0xc1,0x8f,0xe0,0x24,0xe1,0x6e,
0x89,0xb6,0xe2,0xf8,0x39,0x83,0xb6,0x17,0x67,0xc3,0xad,0x8f,0x51,0x5e,0xf8,0x37,
0x7c,0x03,0xdf,0x83,0xf3,0x38,0xc7,0xae,0x27,0xe8,0x87,0xa2,0x28,0x94,0x83,0xf2,
0x70,0x21,0x54,0x83,0xea,0x90,0x06,0xfd,0xa0,0xbf,0x18,0x20,0x86,0xc2,0xb5,0x70,
0xbd,0x18,0x0b,0xf7,0xc3,0x03,0xf0,0x20,0x3c,0x04,0x0f,0xc3,0x0c,0xf8,0x04,0xf6,
0xc0,0x41,0x38,0x04,0x87,0xe1,0x9c,0x27,0x49,0x0f,0x2a,0xc2,0x00,0x18,0x28,0x06,
0xc1,0x24,0x98,0x2c,0x6e,0x81,0xdb,0x61,0x8a,0xc8,0x81,0x0f,0x61,0xa7,0x38,0x0c,
0x5f,0xc1,0xd7,0xf0,0x2f,0xf8,0xb7,0xf8,0x06,0x8e,0xc2,0xb7,0xe2,0x3b,0xf0,0xcd,
0x62,0xac,0x88,0x30,0x08,0x40,0x84,0x88,0x84,0x82,0x50,0x48,0x14,0x86,0x8a,0x10,
0x0d,0x17,0x40,0x25,0xa8,0x0c,0x55,0x44,0x0d,0x91,0x06,0x43,0x60,0x2c,0x8c,0x83,
0xf1,0xb0,0x10,0x9e,0x83,0x97,0xe1,0x15,0x78,0x15,0x36,0xc1,0xfb,0xb0,0x03,0x0e,
0xc3,0x97,0xf0,0x6f,0xf8,0x4e,0x7c,0x0f,0x3f,0xc0,0x8f,0xc2,0x99,0xed,0x38,0x51,
0x50,0x10,0x2a,0x41,0x65,0x88,0x81,0x38,0x68,0x0a,0x19,0xd0,0x06,0x2e,0x86,0xb6,
0xd0,0x05,0xc6,0xc0,0x58,0x18,0x0f,0x13,0xc4,0x0d,0xb0,0x00,0x16,0x8a,0xe7,0x60,
0x11,0x3c,0x0f,0x4b,0xe0,0x45,0x78,0x09,0x96,0xc2,0x32,0x58,0x0e,0x2b,0xe1,0x4d,
0xb1,0x09,0xde,0x87,0x1d,0xb0,0x1b,0x3e,0x11,0x7b,0xc4,0xa7,0x70,0x10,0x0e,0xc1,
0x51,0xf8,0x16,0x7e,0x98,0xed,0x5e,0x7c,0xae,0x0a,0x17,0x42,0x2c,0xd4,0x84,0x38,
0x88,0x87,0x04,0x48,0x84,0x24,0x48,0x86,0x14,0x48,0x83,0x74,0x68,0x2c,0x9a,0x40,
0x0b,0xb8,0x48,0xb4,0x14,0x59,0xd0,0x09,0xba,0xc0,0x00,0x18,0x28,0x06,0xc1,0x70,
0x18,0x2d,0xae,0x11,0x63,0xc4,0xb5,0xe2,0x3a,0x98,0x0b,0xf3,0xc4,0x7c,0xb1,0x00,
0x9e,0x83,0x45,0xf0,0x3c,0x2c,0x86,0x17,0x60,0x09,0x2c,0x83,0xe5,0xb0,0x02,0x56,
0x8a,0x55,0x62,0xb5,0xd8,0x06,0xb9,0xf0,0xa1,0xd8,0x01,0xfb,0x60,0xbf,0xf8,0x1c,
0x0e,0xc0,0x17,0x70,0x10,0xbe,0x14,0x47,0xe0,0x2b,0xf8,0x5a,0xfc,0x4b,0xf8,0xe6,
0xd0,0x2f,0x21,0x0a,0xce,0x84,0x62,0x70,0x36,0x94,0x87,0xca,0x50,0x15,0x62,0x21,
0x0e,0x2e,0x85,0xcb,0xe0,0x4a,0xe8,0x02,0xbd,0xa0,0xb7,0xe8,0x0b,0xfd,0x60,0x20,
0xac,0x80,0x95,0xb0,0x13,0x76,0xc1,0x6e,0xf8,0x44,0xec,0x81,0x4f,0x61,0xaf,0xf8,
0x0c,0xf6,0xc1,0xe7,0xe2,0x80,0x38,0x04,0x47,0xc1,0x79,0x9a,0xf3,0xd4,0xf7,0xa8,
0x43,0x58,0x03,0x1b,0xe0,0x3b,0x30,0x0f,0x11,0xf7,0xfb,0x96,0xf4,0xe0,0x7d,0xf3,
0x20,0xf1,0x77,0x94,0x03,0x8a,0xc3,0x39,0x50,0x46,0x94,0x15,0xe5,0xa0,0x2a,0x54,
0x83,0x14,0xa8,0x0d,0xf5,0xa0,0x81,0x48,0x83,0x46,0xd0,0x18,0x9a,0x40,0x53,0x98,
0x0f,0x5b,0xa0,0xfe,0xf7,0xf4,0x07,0x98,0x02,0x77,0xc0,0x5a,0x38,0x04,0xdf,0x99,
0x07,0x7a,0x7f,0x60,0x3d,0x0e,0xe5,0xa1,0x26,0x24,0x42,0x12,0xb4,0x84,0xd6,0x30,
0x10,0x86,0xc2,0x70,0x38,0x06,0x45,0x7f,0xe4,0x18,0x09,0x15,0xa0,0x0e,0x34,0x14,
0x8d,0xe0,0x52,0xe8,0x2e,0x7a,0xc0,0x00,0x18,0x28,0x06,0xc1,0x83,0xf0,0x10,0x3c,
0x0c,0x33,0x60,0x39,0xac,0x86,0xb5,0xb0,0x1e,0xde,0x84,0xcd,0xf0,0x1e,0x7c,0x00,
0xb9,0xe6,0x41,0x62,0xc7,0xe7,0x14,0x82,0x33,0xa0,0x32,0x54,0x85,0x3a,0x50,0x0f,
0xea,0x43,0x43,0x68,0x09,0x59,0x70,0x39,0x8c,0x85,0x6f,0x21,0xcd,0xe7,0x73,0x86,
0xc2,0xf7,0x62,0xac,0xdf,0xe7,0x3c,0x00,0x33,0x60,0x13,0xec,0x10,0xe6,0xe5,0x90,
0x72,0x10,0x03,0x69,0xd0,0x48,0xa4,0x43,0x26,0x34,0x17,0x59,0x30,0x0c,0x86,0xc3,
0x68,0x18,0x0b,0x0f,0xc2,0x0c,0x78,0x19,0xd6,0xc1,0x9b,0xf0,0x16,0xbc,0x63,0x5e,
0x38,0x09,0xf7,0x39,0xad,0x21,0x0b,0x1e,0x84,0x19,0x30,0x1b,0xe6,0xc1,0x16,0xd8,
0x0a,0xdf,0x99,0x17,0x02,0x03,0x3e,0xa7,0x0a,0xc4,0x41,0x37,0x18,0x08,0xa3,0x61,
0x0c,0xdc,0x0c,0xb7,0xc2,0x1d,0x70,0x17,0x4c,0x83,0x7b,0x60,0x26,0x3c,0x0a,0xf3,
0x61,0x21,0x2c,0x81,0x97,0x60,0x29,0xac,0x84,0x23,0xe6,0x05,0x95,0x08,0x9f,0x93,
0x12,0x49,0x99,0xa0,0x3d,0x74,0x81,0x9e,0x30,0x16,0x26,0xc2,0x24,0x98,0x07,0x0b,
0x60,0x85,0x79,0x61,0xa5,0x80,0xcf,0x09,0x40,0x01,0x51,0x10,0x92,0xa1,0x16,0xd4,
0x86,0x7a,0xa2,0x21,0xb4,0x87,0x2e,0x30,0x1c,0xc6,0xc2,0x43,0xb0,0x03,0xbe,0x84,
0xaf,0xe0,0x6b,0xf3,0x02,0x63,0x94,0xcf,0x29,0x09,0xe5,0x21,0x15,0xd2,0xa0,0x13,
0x8c,0x85,0xc5,0xb0,0x1c,0x56,0x98,0x17,0x64,0x0a,0xba,0xf8,0x20,0x0c,0x02,0x10,
0x01,0x85,0xa1,0x08,0x14,0x85,0xe2,0x50,0x12,0xce,0x81,0x52,0x90,0x0c,0xb5,0xa1,
0x0e,0x34,0x14,0x5d,0x60,0x0c,0x8c,0x85,0x07,0x60,0x25,0xac,0x85,0xd7,0x60,0x37,
0x7c,0x02,0x7b,0x4c,0x5a,0x85,0xd8,0x1f,0xd2,0xa0,0x3d,0x74,0x81,0xc1,0x30,0x16,
0xa6,0xe6,0xbd,0xa8,0xe3,0x73,0x9a,0xc1,0x58,0x58,0x00,0x2b,0xe1,0x4b,0xf3,0x02,
0xe6,0x19,0x3e,0x27,0x1a,0x2e,0x80,0x2a,0x10,0x07,0xa9,0x90,0x06,0x99,0xd0,0x1c,
0x5a,0x42,0x2b,0xd1,0x5a,0x64,0x41,0x77,0xe8,0x0d,0xfd,0x60,0x80,0x18,0x08,0x13,
0x61,0xec,0x99,0xf4,0x0b,0x98,0x03,0x4f,0xc3,0x3c,0x98,0x0f,0xab,0xe1,0x15,0x78,
0x55,0xac,0x81,0xb5,0xb0,0x01,0xde,0x84,0xf7,0xe1,0x0b,0x38,0x04,0x3f,0x9a,0x17,
0x41,0x8b,0xf8,0x9c,0xf3,0xa1,0x8a,0x88,0x83,0x20,0x34,0x85,0x2c,0x18,0x08,0xe3,
0x60,0x3c,0x4c,0x84,0x79,0xf0,0x0a,0xec,0x80,0x7f,0x99,0x17,0x90,0x8a,0xba,0xf8,
0x84,0x5f,0x84,0x41,0x2d,0xa8,0x0d,0x4d,0xa1,0x07,0x0c,0x80,0x81,0x62,0x10,0x0c,
0x86,0x21,0x30,0x14,0x86,0x89,0xeb,0x61,0x1c,0x8c,0x17,0x13,0x60,0x2e,0xcc,0x83,
0x05,0xb0,0x10,0x9e,0x87,0xc5,0xf0,0x02,0x2c,0xd1,0x3d,0xe9,0xd5,0x62,0x13,0xec,
0x85,0x43,0x70,0xd4,0xe4,0xad,0x18,0xf9,0x81,0x30,0xa8,0xac,0xfb,0xd5,0xd5,0xa1,
0x86,0x88,0x81,0x24,0x48,0x81,0x86,0xd0,0x44,0x04,0xa1,0x29,0x64,0x88,0x2c,0x18,
0x0c,0x43,0xc4,0x70,0x31,0x16,0xc6,0xc1,0x78,0x31,0x01,0x16,0xc0,0x42,0x58,0x04,
0xcf,0xc3,0x72,0x58,0x01,0x2b,0x61,0x15,0xbc,0x02,0xaf,0xc1,0xeb,0xf0,0x86,0x78,
0x53,0x6c,0x82,0xf7,0xe1,0x03,0x91,0x2b,0xcc,0xcb,0xb6,0xc5,0xa0,0x38,0x54,0x87,
0x1a,0x10,0x0b,0x35,0x21,0x1e,0x12,0x20,0x11,0x92,0x44,0xb2,0x48,0x81,0x5a,0xd0,
0x40,0x34,0x84,0x34,0x68,0x24,0xc6,0xc2,0x8d,0x30,0x59,0xdc,0x0c,0xb7,0xc1,0x14,
0x78,0x10,0x1e,0x86,0x59,0x30,0x0f,0x3e,0x82,0xed,0x62,0x07,0xec,0x84,0x5d,0xb0,
0x0f,0x0e,0xc1,0x51,0xf3,0x42,0x70,0x71,0xfa,0x01,0xf8,0x21,0x0c,0x02,0x50,0x18,
0x8a,0x40,0x51,0x28,0x0e,0x55,0xa1,0x1a,0xc4,0x41,0x02,0x24,0x42,0x32,0xa4,0x42,
0x5d,0xa8,0x07,0xf5,0x85,0x79,0xae,0xa0,0x21,0xa4,0x89,0x46,0xd0,0x04,0x32,0xa0,
0x99,0x9e,0x39,0x68,0x09,0x59,0xa2,0xa3,0xb8,0x1c,0xb2,0xa1,0x2b,0x74,0x83,0x1e,
0xd0,0x17,0x06,0xc2,0x50,0x18,0x0b,0x37,0xc1,0x2d,0xe2,0x76,0x91,0x03,0x8b,0x60,
0xb1,0x30,0xcf,0x29,0xbc,0xa8,0xe7,0x18,0x56,0xea,0x79,0x05,0xef,0x99,0x85,0x57,
0xf5,0x0c,0xc3,0x7a,0x78,0x1d,0x36,0xc2,0x1b,0xe2,0x4d,0xb1,0x49,0xbc,0x25,0x36,
0x8b,0x2d,0xe2,0x63,0xd8,0x69,0x5e,0xc0,0x2b,0x41,0xbb,0x41,0x32,0xd4,0x82,0xda,
0xd0,0x10,0xd2,0xa0,0x11,0xa4,0x43,0x13,0x08,0x8a,0xa6,0x22,0x03,0x9a,0x43,0x16,
0x74,0x82,0x2b,0xc4,0x95,0x90,0x0d,0x63,0xcd,0xb3,0x13,0x25,0xdc,0xe7,0x2a,0x16,
0xc0,0x42,0x78,0x01,0x96,0x88,0x17,0xad,0x67,0x2d,0xcc,0x73,0x16,0x2b,0x60,0x25,
0xac,0x12,0xab,0xe1,0x65,0x78,0x05,0x5e,0x85,0xb5,0x62,0x13,0xbc,0x6f,0xe2,0x2f,
0xe9,0x73,0x9e,0xd5,0x73,0x19,0xf3,0x61,0x01,0x2c,0x82,0x17,0xf4,0x9c,0xc6,0x52,
0x58,0x06,0xcb,0xc5,0x0a,0x58,0x09,0x5b,0x61,0x1b,0xe4,0xc2,0x87,0xe6,0xc5,0xc3,
0xb3,0xe9,0xcb,0x10,0x07,0x09,0x90,0x08,0x75,0xa0,0x2e,0xd4,0x83,0xfa,0xa2,0x81,
0x68,0x08,0x69,0xd0,0x44,0x64,0x41,0x27,0x18,0x0b,0x4f,0xc1,0x1c,0xf1,0xb4,0x78,
0x46,0x3c,0x0b,0x73,0x61,0x1e,0x2c,0x82,0xe7,0xc5,0x62,0xf1,0x82,0x58,0x09,0xaf,
0xc1,0x26,0xd8,0x65,0x5e,0x6c,0x3f,0xc7,0xe7,0x9c,0x07,0x65,0x44,0x59,0x51,0x4e,
0x94,0x87,0x0a,0x50,0x11,0x2a,0x41,0x65,0x51,0x05,0xaa,0x43,0x1c,0xa4,0x42,0x1a,
0x34,0x35,0x2f,0x58,0x9e,0x8b,0x3f,0xd4,0x80,0x58,0xa8,0x09,0xb5,0xa0,0xb6,0x48,
0x85,0x3a,0x30,0x03,0xb6,0xc3,0x0e,0xf8,0x0c,0x7e,0x84,0x88,0x52,0x3e,0x27,0x4a,
0x14,0x86,0xe2,0x50,0x12,0xce,0x86,0x73,0xa1,0x66,0x29,0xf7,0xf9,0x98,0x64,0xa8,
0xa5,0xe7,0x64,0xea,0x42,0x3d,0xa8,0x2f,0x1a,0x88,0x86,0x22,0x4d,0x34,0x12,0xe9,
0xa2,0xb1,0xc8,0x82,0x4e,0x30,0x03,0x9e,0x84,0xa7,0x60,0x13,0xbc,0x05,0x5b,0xe0,
0x6d,0x78,0x0f,0x3e,0x80,0x6d,0x90,0x0b,0xdb,0x61,0x87,0xf8,0x58,0xec,0x12,0xbb,
0x45,0xde,0xc7,0x01,0xc0,0x07,0x05,0xa1,0x10,0x24,0x40,0x22,0xd4,0x86,0x54,0x51,
0x47,0xd4,0x85,0x06,0x90,0x21,0xb2,0x44,0x1b,0xe8,0x00,0x1d,0xe1,0x12,0xe8,0x04,
0x9d,0xe1,0x32,0xb8,0x09,0x6e,0x86,0xbb,0xe1,0x1e,0x71,0x2f,0x4c,0x87,0x07,0xc5,
0x3c,0xf8,0xc6,0xe4,0xa1,0xb4,0x4b,0x17,0x91,0x2d,0xba,0xc2,0x55,0xd0,0x5d,0xf4,
0x10,0x3d,0xc5,0x4a,0xd8,0x01,0x87,0xe0,0xa8,0x79,0x51,0xf6,0x7c,0xd6,0x43,0x50,
0x10,0x62,0xa1,0xa6,0x88,0x83,0x14,0xa8,0x0d,0xf5,0xa1,0x81,0x68,0x28,0xd2,0x44,
0x16,0x74,0x82,0xc1,0x30,0x05,0xee,0x80,0x27,0x61,0xb6,0x78,0x0a,0xe6,0xc1,0x7c,
0xb1,0x00,0x16,0xc2,0x73,0x62,0x11,0x3c,0x6f,0x3e,0x94,0x50,0x86,0xfe,0x02,0x05,
0x20,0x0a,0x0a,0x41,0x1c,0xc4,0x43,0x0a,0xd4,0x11,0xf5,0xa0,0x3e,0x34,0x84,0x20,
0x34,0x15,0x19,0x22,0x0b,0x3a,0x41,0x17,0xe8,0x0e,0x3d,0xa1,0x17,0x5c,0x0d,0x37,
0xc1,0xcd,0x70,0x3b,0xe4,0xc0,0x54,0xb8,0x13,0xee,0x82,0x69,0xe2,0x6e,0x71,0x8f,
0xb8,0x57,0xcc,0x80,0xd9,0x30,0x0f,0xb6,0xc2,0xfb,0xe2,0x03,0xd8,0x06,0x3b,0xe0,
0x33,0x38,0x24,0x0e,0x8b,0x1d,0x65,0x59,0x5f,0xc1,0x11,0xf8,0x0a,0xbe,0x86,0x7f,
0x99,0x0f,0x41,0x94,0xa3,0x2f,0x81,0x5f,0x84,0x89,0x70,0x28,0x0a,0x67,0x41,0x22,
0x24,0x41,0x32,0xa4,0x40,0x1d,0x68,0x00,0x0d,0x21,0x4d,0x34,0x12,0xe9,0x22,0x0b,
0x3a,0xc1,0xa5,0x62,0x9e,0x30,0x1f,0x9d,0x98,0x6e,0x5e,0x50,0xbe,0x80,0xf5,0x0d,
0x0c,0x83,0xeb,0x61,0x2c,0x34,0xae,0xc4,0x7e,0x70,0x63,0x65,0xea,0xa5,0x26,0xf9,
0xcf,0x7b,0x41,0x98,0x7e,0x90,0x44,0x1a,0xa2,0x11,0x34,0x85,0x0c,0x68,0x0f,0x5d,
0xe0,0x5b,0xf3,0x01,0x86,0x26,0xf8,0x9b,0x17,0x72,0xb3,0x99,0x6f,0xb2,0xdd,0xe7,
0xdc,0xcc,0x33,0x6d,0xd5,0xa0,0x06,0xc4,0x40,0x4d,0x88,0x83,0x54,0xf3,0xe2,0x6a,
0x2f,0xfa,0xd4,0xd5,0xc4,0x09,0x57,0x40,0x17,0xe8,0x0d,0x03,0x61,0x39,0xac,0x84,
0xd7,0x60,0x13,0x1c,0x80,0x43,0xf0,0x95,0xf9,0x90,0x40,0x1f,0xe2,0x81,0x38,0x48,
0x81,0x34,0x68,0x0c,0x59,0xd0,0x09,0xba,0xc1,0x08,0xb8,0x16,0xa6,0x98,0xed,0xfd,
0xa8,0x0f,0x68,0xac,0xe7,0xe4,0xfa,0x40,0x5f,0x18,0x08,0xa3,0x20,0xad,0x3f,0xe5,
0x87,0x19,0xf0,0x02,0xbc,0x04,0x5b,0xcc,0x07,0x09,0x06,0x70,0x9c,0x82,0xd6,0x22,
0x4b,0xb4,0x81,0x49,0x30,0x05,0xee,0x80,0x3b,0xe1,0x61,0xd8,0x01,0x1f,0xc3,0x2e,
0xb1,0x5b,0x1c,0x82,0xc3,0xf0,0x25,0x1c,0x81,0xaf,0xe0,0x5f,0xe6,0xc5,0xd8,0x81,
0xf4,0x99,0x5b,0x99,0x1f,0xa1,0xfc,0x6d,0xd4,0x3f,0x7c,0x09,0xce,0xed,0xf4,0xc7,
0xa9,0xe4,0x07,0x36,0xc3,0xa1,0xb9,0xec,0x07,0x5f,0xc3,0x77,0xf0,0x3d,0xfc,0x60,
0x3e,0x84,0x30,0x8f,0x75,0xc9,0x7c,0xe6,0x1e,0x91,0x05,0x17,0x43,0x7b,0x71,0x15,
0xf4,0x82,0x81,0xf0,0xdd,0x02,0xf7,0x01,0xbe,0xab,0x61,0x20,0x8c,0x81,0xb1,0x30,
0x19,0x72,0x60,0x3a,0x3c,0x08,0x0f,0xc1,0xa1,0xd7,0x99,0x0f,0xc0,0x7c,0x04,0x24,
0x06,0xe2,0xa0,0x29,0x54,0x79,0x8b,0xf4,0xa0,0x3b,0xf4,0x80,0x9e,0xd0,0x1b,0xfa,
0xc1,0x60,0xb8,0x06,0xc6,0xc3,0x44,0xb8,0x05,0x9e,0x82,0x67,0x20,0x7d,0x33,0xc7,
0x3b,0xc8,0x82,0x8b,0xa1,0x33,0x5c,0x06,0x57,0x8a,0xb1,0x30,0xce,0xbc,0x60,0xfd,
0xb6,0xcf,0x69,0x07,0x1d,0xe0,0x01,0x78,0x08,0x1e,0x86,0x47,0xc4,0xe3,0xf0,0x04,
0xcc,0x86,0xa7,0xe1,0x59,0x58,0x02,0x2f,0x89,0x65,0xf0,0x32,0xbc,0x0a,0x81,0x77,
0x7c,0x4e,0x24,0x14,0x84,0x33,0xa0,0x04,0x9c,0x0d,0xe7,0x43,0x59,0x48,0x85,0xba,
0xd0,0x00,0xd2,0xa0,0x09,0x34,0x15,0xcd,0x21,0x0b,0x2e,0x86,0x27,0xde,0x65,0x2d,
0x09,0x2b,0x61,0x35,0x7c,0x00,0xb9,0xf0,0x2d,0x1c,0x83,0x12,0xef,0x11,0x2f,0x24,
0x41,0x0a,0xb4,0x82,0x2c,0xe8,0x0f,0x03,0x61,0x32,0xdc,0x0c,0xb3,0xe0,0x29,0x58,
0x0d,0xaf,0xc0,0x06,0x78,0x03,0x7e,0x34,0x2f,0xc6,0x7e,0xc0,0xbe,0x50,0x17,0xfa,
0xc2,0x30,0x71,0x83,0xb8,0x1f,0x1e,0x86,0x99,0x30,0xd7,0xbc,0x60,0xba,0x9d,0x79,
0x11,0x0a,0x8a,0x42,0x70,0x3d,0x8c,0x85,0x71,0x90,0x03,0x77,0xc3,0x46,0xf8,0xd1,
0xbc,0x40,0xbb,0x83,0xf9,0x14,0x0a,0xc0,0xb9,0x50,0x1a,0x2a,0x40,0x34,0x5c,0x00,
0x95,0xa1,0x1a,0xc4,0x41,0x3f,0x98,0x22,0xcc,0xcb,0x93,0x35,0x20,0x0e,0x52,0xa0,
0x16,0xd4,0x87,0x34,0xc8,0x84,0x56,0x22,0x67,0x27,0xed,0x0c,0xcf,0x8a,0x95,0xb0,
0x1f,0x3e,0x87,0x83,0x70,0x08,0x8e,0xc2,0xa6,0xdd,0xac,0xbb,0x61,0xbf,0xf8,0x1c,
0x0e,0xc2,0x21,0x38,0x0a,0x9b,0x3e,0x61,0x9c,0xc3,0x17,0x70,0x10,0x0e,0x89,0xc3,
0xf0,0x2d,0xac,0xdc,0xc3,0x7a,0x1e,0x76,0xc0,0x4e,0xd8,0x25,0x76,0xc3,0x27,0xb0,
0x47,0x7c,0x0a,0x07,0xe0,0x0b,0x38,0x08,0x87,0xe0,0x2b,0xf8,0x5a,0xfc,0x20,0x7e,
0x14,0x3b,0x3e,0x65,0x3f,0xd8,0x0b,0xfb,0xe1,0x00,0x7c,0x01,0x87,0xe0,0x07,0xf3,
0x41,0x87,0xbd,0xb4,0x19,0x6c,0x82,0x77,0xcd,0x87,0x6d,0x3e,0x63,0x2e,0x81,0x26,
0xd0,0x1c,0x5a,0x88,0x2c,0xe8,0x64,0x3e,0x94,0xf0,0x05,0xf3,0xf7,0xff,0xb5,0x77,
0x1e,0xf0,0x55,0x97,0x67,0x1b,0x3e,0xe7,0xe4,0xe4,0x70,0x92,0x20,0xe0,0xc0,0x2d,
0x6e,0xd9,0x10,0x99,0x0a,0x08,0x41,0x51,0x1c,0x1f,0x05,0xdc,0x48,0x15,0xc4,0x8d,
0x03,0x04,0xdc,0x16,0x11,0x44,0xc5,0x89,0x6d,0xb5,0x9f,0xa3,0x8a,0xf5,0x73,0xa0,
0x82,0x51,0xd0,0x82,0x20,0x04,0x71,0xcb,0x12,0x5c,0x75,0x31,0xac,0x7e,0x28,0x22,
0xcb,0x09,0x6a,0xbe,0xfb,0x3d,0xff,0xeb,0x21,0x0f,0x7f,0x73,0x04,0xac,0xfd,0xd5,
0xfe,0xbe,0x26,0xbd,0x01,0x43,0x20,0x83,0x24,0x7d,0xf2,0x5e,0xcf,0x75,0xbf,0x4a,
0xa1,0xb2,0xab,0xb2,0xbb,0xb2,0x87,0xb2,0x17,0xa9,0x4f,0x1a,0x2a,0x2d,0x94,0x56,
0x4a,0x5b,0x65,0x7f,0xd2,0x9e,0x1c,0x48,0xba,0x92,0xc3,0xc8,0x11,0xa4,0x9b,0xd2,
0x5d,0xe9,0xa9,0x1c,0xa9,0x1c,0x4d,0x8e,0x23,0xbd,0x48,0x6f,0x72,0x22,0xe9,0x43,
0x4e,0x56,0xfa,0x29,0xa7,0x92,0x33,0x94,0xfe,0xca,0x39,0xca,0x20,0x65,0x88,0x72,
0x91,0x72,0x89,0x72,0xb9,0x32,0x94,0x0c,0x53,0x46,0x29,0xd7,0x2b,0x77,0x2a,0xf7,
0x2a,0xf7,0x29,0xf7,0x2b,0x63,0x95,0x47,0x94,0x29,0xca,0xca,0x75,0xfa,0x77,0x0d,
0xe2,0x76,0x22,0x95,0x58,0xf8,0x40,0x2a,0x91,0x78,0x30,0x95,0xa8,0x37,0x29,0x95,
0xd8,0x4d,0x19,0x37,0x27,0x95,0x28,0x57,0x16,0x2d,0x4b,0x25,0x56,0x2a,0x27,0x86,
0x85,0xe0,0x6f,0x52,0x89,0x5d,0xd6,0x46,0x8b,0xc1,0x87,0x6f,0x5d,0xa0,0xef,0x8d,
0x0a,0x12,0x97,0xb4,0x0a,0x32,0x62,0x41,0xa2,0xd3,0x77,0x05,0xb9,0x05,0x9b,0x15,
0x8a,0xed,0x37,0xe7,0xdb,0x6b,0xfe,0x57,0xed,0x33,0xff,0xdc,0x3d,0xe6,0x4d,0xdd,
0x5f,0xde,0xd4,0xbd,0xe5,0xf8,0x3e,0x72,0xbe,0x3d,0x64,0xdb,0x3b,0x8e,0xef,0x1b,
0xdb,0x7e,0xb1,0xed,0x13,0xe7,0xdb,0x23,0xb6,0xfd,0x61,0xdb,0x1b,0xb6,0x7d,0x61,
0xdb,0x13,0x8e,0xef,0x07,0xdb,0x5e,0xb0,0xed,0x03,0xdb,0x1e,0xb0,0xed,0xff,0xda,
0xde,0x6f,0xbe,0x7d,0xdf,0xf8,0x9e,0xaf,0xed,0xf3,0xda,0xde,0xae,0xed,0xe3,0xda,
0x1e,0x6e,0x7c,0xef,0x76,0x73,0xf7,0x6c,0x6d,0xbf,0xd6,0xf6,0x66,0xe3,0xfb,0xb2,
0xf1,0xfd,0xd8,0x9f,0xbb,0x07,0x1b,0xdf,0x6b,0xb5,0x3d,0xd6,0xcd,0xdd,0x57,0xb5,
0x3d,0xd5,0xf8,0xde,0xa9,0xed,0x99,0x6e,0xee,0x3e,0xa9,0xed,0x91,0xc6,0xf7,0x3f,
0x6d,0xdf,0xf3,0x97,0xde,0xf3,0xb4,0xbd,0xcd,0x8d,0xed,0x63,0xda,0x1e,0x66,0xbe,
0xfd,0x4a,0xdb,0xa7,0xdc,0xd4,0xfd,0x49,0xdb,0x9b,0x8c,0xef,0x3d,0xda,0x9e,0x63,
0xbe,0x7d,0x46,0xdb,0x63,0x8c,0xef,0x27,0xda,0x5e,0xa2,0xed,0x21,0x6e,0xea,0xde,
0xa1,0xed,0x0f,0xda,0xde,0x60,0x7c,0x5f,0x70,0x73,0xf7,0x03,0x6d,0x2f,0x30,0xdf,
0x3e,0x60,0x7c,0xff,0x2f,0xbe,0xcf,0x67,0xfb,0x7a,0xb6,0x97,0x67,0x7b,0x75,0xb6,
0x4f,0x67,0xfb,0x73,0xb6,0x37,0x67,0xfb,0x72,0xb6,0x27,0x67,0xfb,0x71,0xb6,0xf7,
0xf6,0xef,0xb6,0xd7,0xf6,0x4b,0xef,0xb1,0xd9,0xde,0x9a,0xed,0xa9,0xc5,0xf7,0xd3,
0x6c,0x2f,0x2d,0xbe,0x5f,0xb6,0xb9,0x7b,0x63,0xf9,0xf6,0xc5,0x36,0xb6,0xe7,0x65,
0x7b,0x5d,0xb6,0xbf,0x65,0xfb,0x54,0xb6,0x2f,0x65,0xfb,0x4e,0xb6,0xcf,0x64,0xfb,
0x49,0xb6,0x97,0x64,0x7b,0x45,0xb6,0x2f,0xb4,0xa9,0x7b,0x42,0xb6,0x07,0x64,0xfb,
0x3f,0xb6,0xf7,0xf3,0x73,0xf7,0x7c,0x7e,0xad,0xfb,0x3d,0xf9,0xf6,0x78,0xfe,0xdd,
0xf7,0x75,0x36,0x77,0x4f,0xe7,0x97,0xda,0xcf,0xd9,0xd8,0x5e,0xce,0xa6,0xee,0xe1,
0x6c,0x6c,0xff,0xe6,0x5f,0xb5,0x77,0x93,0x6f,0xdf,0x26,0xdf,0x7e,0x4d,0x7c,0xaf,
0xe6,0x5f,0xb5,0x4f,0x63,0x7b,0x34,0xb6,0x3f,0x63,0x7b,0x33,0xb6,0x17,0x63,0xfb,
0x30,0xf9,0xf6,0x5d,0x6c,0xbf,0xc5,0xf6,0x5a,0x6c,0x8f,0xc5,0xf6,0x56,0x6c,0x0f,
0xc5,0xf6,0x4f,0xe2,0x7b,0x27,0xf1,0x7d,0x13,0xdb,0x23,0xb1,0xfd,0x91,0x8d,0xed,
0x89,0xd8,0x3e,0x88,0xed,0x81,0xd8,0xfe,0x87,0xed,0x7d,0xd8,0xbe,0xc7,0xc6,0xf6,
0x3c,0xe2,0xfb,0x1c,0xff,0xec,0xfd,0x8d,0x7f,0x74,0xff,0xe2,0x9f,0xb5,0x77,0x11,
0xdf,0xab,0xb0,0x7d,0x0a,0xdb,0xa3,0xf8,0xb5,0xec,0x4f,0xc4,0xf7,0x26,0x36,0x77,
0x5f,0x62,0x73,0xf7,0x24,0xfe,0xb3,0x1f,0x51,0xfd,0x7e,0x44,0xbe,0x3d,0x88,0x8d,
0xed,0x3d,0xfc,0xa3,0xfb,0x0e,0x1b,0xdb,0x6b,0xc8,0xb7,0xcf,0xb0,0xb1,0x3d,0x06,
0xdb,0x5f,0xc8,0xb7,0xb7,0x60,0xfb,0x0a,0xf1,0x3d,0x05,0xdb,0x47,0xb0,0xbd,0x03,
0xdb,0x37,0xb0,0xfd,0x02,0xdb,0x1b,0xb0,0x3d,0x01,0xdb,0x03,0x88,0xf3,0x7f,0xe3,
0xfe,0xc6,0xf9,0x8d,0xe7,0x6f,0x8c,0xd7,0x1b,0x77,0xdf,0x5c,0xde,0xbe,0xb9,0xfc,
0xdc,0xb8,0xb9,0xf1,0x70,0xe3,0xe0,0x9b,0xca,0xbb,0x8d,0x53,0x1b,0x9f,0x36,0x2e,
0x6d,0x9c,0x39,0xce,0x95,0xe3,0x5c,0xd8,0x78,0xb0,0xf1,0x5d,0xe3,0xba,0xc6,0x69,
0x8d,0xcf,0x1a,0x67,0x35,0xae,0x1a,0xe7,0xa2,0xc6,0x3d,0x37,0x95,0x77,0x1a,0xc7,
0x34,0x7e,0x19,0xe7,0x94,0x71,0xfe,0x68,0xdc,0xd1,0x78,0xa3,0xf1,0x45,0xe3,0x89,
0xc6,0x0d,0xf3,0xf1,0x41,0xe3,0x7d,0x71,0xce,0x67,0xfc,0xce,0xb8,0x5d,0x3e,0xfe,
0x66,0x7c,0x2d,0x1f,0x4f,0x33,0x3e,0x96,0x8f,0x8b,0xc5,0x39,0x98,0xf1,0xae,0x38,
0xe7,0xfa,0x47,0x39,0x95,0xf1,0xa9,0x7c,0x5c,0x2a,0xce,0x9d,0x8c,0x37,0x19,0x67,
0x32,0xbe,0x64,0x5c,0x69,0x53,0x79,0xd2,0xc6,0x38,0x92,0xf1,0xa3,0x7c,0xbc,0xe8,
0xd7,0xce,0x87,0xfe,0xbf,0xf1,0x99,0xcd,0xe5,0x2c,0xc6,0x4f,0x8c,0x9b,0x18,0x2f,
0x89,0x73,0x12,0xe3,0x23,0x71,0x1e,0x62,0xfc,0xc3,0xb8,0x47,0x9c,0x77,0x18,0xe7,
0x30,0xbe,0x61,0x5c,0xe3,0xe7,0xf2,0x0c,0xe3,0x18,0xc6,0x2f,0xfe,0xc3,0x2d,0x22,
0x6e,0xf1,0x8b,0xf1,0x8a,0xd0,0x0d,0xac,0x14,0x2b,0xa6,0x9f,0x6f,0xa1,0xd4,0x8a,
0x8e,0x4a,0x42,0x05,0x66,0x42,0xdf,0xfe,0x27,0xc2,0xb7,0xd8,0x7b,0x2a,0xfb,0x28,
0x8d,0xa3,0x6f,0xb7,0xc3,0xb7,0xd2,0x89,0x66,0x4a,0xe8,0x74,0x69,0xa7,0xb4,0xa7,
0xd7,0xa5,0x37,0xdc,0xe3,0x32,0xe5,0x0a,0x65,0xa4,0x72,0xb5,0xa2,0x6f,0x2d,0x13,
0xf7,0x2a,0x7f,0x51,0x1e,0x80,0x87,0x84,0x6f,0x09,0xc6,0x29,0xe3,0x95,0x72,0xe5,
0x09,0x65,0x22,0x8c,0xe4,0x29,0x65,0x32,0x9c,0x64,0x0a,0xac,0xe4,0x2d,0x58,0xc9,
0xd7,0xb0,0x92,0xc9,0x7a,0xd3,0xa6,0x28,0xcf,0x2a,0xf3,0x94,0xf9,0xb0,0x8f,0x8f,
0xe0,0x1d,0x2b,0xe8,0x70,0x19,0xe8,0x78,0x47,0xe0,0x1c,0x43,0xe1,0x1b,0x57,0xb9,
0x9e,0x96,0x6b,0x1d,0xdb,0x08,0x5c,0xe3,0x2b,0xb8,0xc6,0x08,0xb8,0xc6,0xbe,0xf0,
0x8c,0xeb,0xe0,0x18,0x37,0x2a,0x37,0xd3,0xc1,0x32,0x8d,0xfe,0x95,0x0a,0x3a,0x58,
0x66,0xd2,0xc1,0xf2,0x02,0x1d,0x2c,0xf3,0x60,0x1d,0x89,0x8c,0xfe,0xa7,0x64,0x95,
0x22,0xa5,0x44,0xa9,0xa9,0x6c,0xa1,0xd4,0xca,0x44,0xbd,0x2c,0x3b,0xd1,0xbf,0x12,
0xba,0x57,0xfa,0x2b,0x67,0x2b,0xe7,0xba,0xde,0x95,0xd0,0xb5,0xf2,0xbe,0xf2,0x01,
0x7d,0x2b,0x1f,0xd1,0xb3,0xf2,0x09,0x3d,0x2b,0x9f,0xd3,0xaf,0x12,0x98,0x48,0x6d,
0xd7,0xa3,0x52,0x0a,0x07,0x79,0xc0,0x75,0xa6,0x2c,0x83,0x81,0x7c,0xe5,0xfa,0x51,
0x7e,0xa8,0x11,0xf5,0xa2,0x58,0x1f,0x8a,0xf5,0xa0,0x58,0xff,0x49,0x29,0x1c,0x24,
0x74,0x9f,0x9c,0x04,0x0b,0x09,0x1c,0x64,0x34,0x7d,0x27,0x63,0xe8,0x37,0x59,0x42,
0xbf,0x49,0x81,0xeb,0x32,0xb1,0x0e,0x93,0xce,0x74,0x96,0x58,0x57,0x49,0x4f,0x98,
0x48,0xe8,0x25,0x39,0xd5,0x75,0x8f,0x8c,0x84,0x85,0xfc,0x01,0x06,0x62,0xec,0xc3,
0xba,0x45,0x66,0xd0,0x25,0xf2,0xaa,0xeb,0x0f,0xb1,0xde,0x90,0x85,0xf4,0x85,0x84,
0xae,0x90,0xd5,0xca,0x17,0xca,0x3a,0xd7,0x13,0x92,0x74,0xdd,0x20,0xb5,0x61,0x21,
0x8d,0x60,0x20,0xad,0x61,0x1f,0xd6,0xfd,0xd1,0x99,0xce,0x8f,0x23,0x5c,0xcf,0x87,
0xf5,0x7b,0x0c,0x84,0x87,0x84,0x3e,0x8f,0x0b,0xe9,0xf4,0xb0,0x2e,0x8f,0x9b,0x61,
0x22,0x0f,0xc3,0x42,0x9e,0x74,0x7d,0x1d,0x33,0xe8,0xe7,0xb0,0x5e,0x8e,0xd9,0x8e,
0x89,0x2c,0xa1,0x83,0x63,0x95,0xeb,0xdf,0xb0,0xde,0x8d,0x42,0xf8,0xc8,0xd6,0x70,
0x91,0x16,0xf0,0x10,0xeb,0xd5,0xe8,0xe4,0x3a,0x34,0xba,0xd2,0x9d,0x61,0x9d,0x19,
0xd6,0x95,0xd1,0x87,0x8e,0x8c,0xd3,0x5d,0x1f,0xc6,0x48,0xf8,0xc8,0xef,0xe1,0x22,
0xc6,0x43,0xee,0x83,0x83,0x8c,0xa7,0xe7,0xc2,0xfa,0x2d,0x5e,0xa0,0xd7,0x62,0xb6,
0xeb,0xb2,0x08,0x3d,0x16,0x6b,0x94,0x6f,0x95,0xb5,0x25,0x55,0x5d,0x16,0xd6,0x61,
0x51,0x0b,0x56,0xd2,0xc8,0xf5,0x55,0x74,0xa4,0xa7,0xe2,0x10,0xfa,0x29,0x8e,0x81,
0x9b,0xfc,0x16,0x5e,0xd2,0x8f,0x1e,0x8a,0x8b,0x94,0x8b,0x95,0x2b,0x5c,0x07,0xc5,
0x4d,0x30,0x93,0x87,0x61,0x25,0xd6,0x31,0xf1,0x02,0xdd,0x11,0xb3,0xe8,0x8c,0x78,
0x0f,0x66,0xb2,0x84,0x8e,0x88,0x55,0x7c,0xa1,0x4b,0xc1,0x4c,0xb6,0xa2,0xfb,0xe1,
0x00,0xba,0x1e,0x0e,0xa1,0xe3,0xa1,0x9b,0xe3,0x26,0xfd,0xe8,0x6f,0xb0,0xbe,0x86,
0x91,0xf0,0x92,0x09,0x8e,0x91,0x58,0x27,0xc3,0x7c,0xd7,0xc3,0xf0,0x31,0xfd,0x0b,
0x49,0xd7,0xb9,0x10,0xfa,0x16,0x3a,0xc1,0x4f,0x42,0xc7,0x42,0x77,0xd8,0x89,0x31,
0x93,0x1b,0x1c,0x27,0xb1,0xfe,0x84,0x89,0x8e,0x91,0x58,0x57,0xc2,0x3c,0x18,0x89,
0x75,0x23,0xec,0x48,0x1f,0x42,0x1b,0xfa,0x10,0xf6,0xa3,0x0f,0xa1,0x1d,0x9d,0x08,
0x87,0xd1,0x81,0x60,0xdd,0x07,0x23,0xe9,0x3e,0xb8,0x96,0xce,0x83,0xd0,0x77,0x30,
0x8d,0xae,0x83,0x17,0x95,0x39,0xb0,0x95,0xa6,0xae,0xdf,0xc0,0x7a,0x0d,0xda,0xd3,
0x67,0xd0,0x89,0xbe,0x82,0x13,0xe8,0x29,0x38,0x99,0xfe,0x81,0x0b,0x5c,0xe7,0xc0,
0x48,0xba,0x06,0xac,0x63,0x20,0x74,0x08,0xdc,0xed,0x18,0x4b,0xe0,0x2b,0x87,0xc3,
0x4f,0x8c,0x9b,0xf4,0x85,0x97,0x8c,0x86,0x93,0x4c,0x72,0x6c,0xe4,0x25,0x98,0xc8,
0x56,0xb0,0x90,0xe0,0xf7,0xf7,0x85,0x87,0x8c,0x86,0x87,0x04,0x16,0x92,0xd8,0x26,
0x62,0x21,0xc3,0x60,0x20,0x77,0xc2,0x40,0x12,0x38,0xfb,0xe6,0xea,0xb7,0x70,0x7e,
0xfe,0x91,0x70,0x8f,0xf3,0xf0,0xf1,0x87,0xe1,0xe1,0x9b,0x7f,0x3f,0xcd,0x39,0xf7,
0xc1,0xb7,0x7f,0x5d,0x79,0xd7,0x79,0xf6,0xc1,0xb1,0x5f,0xa9,0x24,0xb6,0x8f,0x3c,
0xfb,0x5a,0xce,0xb1,0xdf,0x0d,0x26,0x32,0x12,0x16,0x32,0xd6,0x71,0x90,0x04,0xbe,
0xfc,0x9e,0x78,0xf2,0x0d,0xf1,0xe3,0xcd,0x8b,0x0f,0x4e,0x7c,0x99,0xd2,0x05,0x2f,
0x7e,0x20,0x7c,0xa4,0x1c,0xff,0xfd,0x03,0xf8,0xc8,0x76,0xf8,0xee,0xc1,0x73,0xaf,
0xe7,0xbc,0xf6,0xe3,0x9d,0xcb,0x6e,0x0e,0xfb,0x69,0xb8,0xeb,0x83,0x9d,0xaf,0x1e,
0x5c,0xf5,0x31,0x38,0xea,0x09,0x7c,0xf4,0x56,0x31,0xff,0xfc,0x37,0xb8,0xe4,0x43,
0x70,0xc9,0x87,0xe3,0x8c,0x3f,0x80,0x2b,0x6e,0x8e,0xf8,0x78,0xe7,0x81,0x2f,0xc5,
0xff,0x5e,0xee,0x9c,0xef,0xe0,0x7b,0x7f,0xb7,0x53,0xe4,0x77,0xb7,0xc2,0xeb,0x6e,
0x0f,0x9f,0x19,0x0d,0x7f,0x09,0x8e,0xf6,0x02,0x1c,0x6d,0x73,0xb3,0x3f,0x71,0x3e,
0xb6,0x79,0xd8,0xdf,0x38,0x16,0x53,0x01,0x63,0xd9,0x1e,0xb6,0x72,0x28,0x4c,0xa5,
0x97,0xe3,0x28,0x7d,0xe0,0x27,0x81,0x9d,0x3c,0x03,0x37,0x99,0x0e,0x3b,0x09,0xdc,
0x64,0x36,0xdc,0x24,0x30,0x93,0xf7,0x61,0x26,0xcb,0x61,0x26,0x81,0x97,0x7c,0xcf,
0x70,0x54,0xa2,0xd4,0x52,0x6a,0x2b,0x75,0x94,0x06,0x4a,0x43,0xa5,0x91,0xd2,0x58,
0x69,0xa2,0x34,0x55,0x9a,0x29,0xcd,0x95,0x52,0xa5,0xb5,0xd2,0x45,0x39,0x58,0xe9,
0xa3,0xf4,0x55,0x4e,0x57,0xce,0x50,0xce,0x54,0xce,0x52,0xfa,0x2b,0x03,0xe1,0x31,
0x43,0x94,0x4b,0x95,0xcb,0xe1,0x32,0xc3,0x94,0xeb,0x94,0x1b,0x94,0xd1,0xca,0x18,
0x5c,0xeb,0x04,0x9c,0xa6,0x00,0x4e,0x93,0x85,0xd5,0x6c,0x03,0xa7,0xd9,0x16,0x46,
0x53,0x0f,0x3e,0xb3,0x37,0x7c,0xa6,0x3e,0x7c,0xa6,0x21,0x8c,0xc6,0xd8,0x4c,0x3b,
0x58,0x4c,0x19,0x2c,0xe6,0x70,0x38,0x4c,0x0f,0x58,0xcc,0x28,0x65,0xb4,0xb2,0xd5,
0x1e,0xfa,0xff,0x23,0x65,0x1b,0xa5,0x8d,0x06,0xc5,0xcb,0x94,0x5b,0x95,0xdb,0x94,
0xb2,0xbd,0xf4,0xbc,0xca,0xb5,0xca,0x5d,0xca,0xa7,0xca,0xa3,0x1a,0x24,0xc7,0x85,
0x61,0xb2,0x81,0xd2,0x50,0xff,0xbf,0xc9,0x50,0xf9,0x11,0xcc,0x66,0x05,0xcc,0xe6,
0x5b,0x06,0xcd,0xfa,0x8e,0xd3,0x0c,0x70,0x0e,0xf5,0x18,0xd8,0x4c,0x39,0x4c,0xa6,
0x02,0x16,0x33,0x0f,0x06,0xb3,0x88,0x21,0xb5,0xaf,0x32,0x4c,0xb9,0x33,0x0c,0xac,
0xcd,0xf5,0xf9,0xd9,0x3c,0x1a,0x5c,0x93,0xf0,0x99,0x2c,0x4c,0xa6,0x11,0x8e,0x74,
0x29,0x6c,0xa6,0x0d,0x6c,0xe6,0x00,0x58,0xcc,0xed,0xb0,0x98,0xc0,0x61,0xc6,0xc0,
0x5f,0xcc,0x7b,0x2e,0x84,0xb7,0x8c,0x56,0x2a,0x94,0x15,0xf0,0x96,0x5d,0x5a,0xe8,
0xc3,0x44,0xe9,0xa1,0xf4,0x55,0x2e,0x57,0xae,0x50,0x1e,0x57,0x2a,0x94,0x59,0xca,
0x3c,0xe5,0xa2,0x96,0x7a,0xbf,0x29,0x1f,0x28,0x8b,0x94,0xca,0x96,0x11,0xa7,0xa9,
0x80,0xd3,0x8c,0x86,0xcb,0x6c,0x01,0x7f,0x29,0xc3,0x69,0x1e,0x8c,0xd7,0x3c,0x14,
0xde,0x72,0x37,0x9c,0x25,0x38,0xcb,0xab,0xc3,0xa0,0x0d,0x5f,0x09,0x1c,0x65,0x94,
0xe3,0x25,0xe6,0x13,0x9b,0x47,0x6c,0xfe,0xf0,0xde,0xb8,0xc2,0x0d,0x70,0x85,0x4b,
0x95,0xfd,0x60,0x23,0x43,0x70,0x86,0x83,0x1f,0x3c,0x07,0x2f,0x78,0xb5,0x73,0x7f,
0x83,0xef,0xdb,0x0c,0xcf,0x37,0x38,0xbe,0x7d,0x70,0x7b,0x47,0x38,0x8f,0xf7,0x29,
0xfc,0xdd,0xa9,0x78,0xbb,0x81,0x93,0x7c,0xe0,0xfc,0xdc,0x04,0xfe,0x6d,0x73,0xbc,
0xdb,0x96,0xf8,0xb6,0x65,0xce,0xb1,0xfd,0x2f,0xe7,0xd5,0xfe,0xd6,0xb9,0xb2,0xe5,
0xce,0x8b,0x7d,0x12,0x1f,0x76,0x32,0x1e,0x6c,0x85,0x73,0x5f,0xdf,0xc5,0x6d,0xfd,
0xdc,0x79,0xab,0x45,0xf0,0x8e,0xdd,0xe0,0x1c,0x81,0x71,0xf4,0x87,0x65,0x0c,0x74,
0xbe,0xa9,0x79,0xa6,0xe6,0x95,0x06,0xa6,0x51,0x0e,0xcb,0x08,0xdf,0x9c,0x0c,0x84,
0x5f,0x6c,0xed,0x9c,0xd1,0xc0,0x2d,0x1a,0xc2,0x2d,0xf6,0x73,0xac,0xe2,0x20,0x18,
0x45,0x0f,0x65,0x26,0x9c,0xa2,0x23,0x9c,0x62,0x34,0x9c,0xe2,0x25,0x38,0xc5,0xf7,
0xf8,0xa1,0x75,0xf0,0x43,0x4b,0x95,0x1e,0x4a,0x4f,0xe5,0x48,0xe5,0x68,0xe5,0x18,
0xe5,0x58,0xa5,0x8f,0xd2,0x57,0xe9,0xa7,0x9c,0xaa,0x9c,0xa9,0x9c,0xa5,0x9c,0x8d,
0x43,0x1a,0x38,0x47,0xa5,0x92,0xac,0xd4,0xc7,0x80,0x92,0x51,0x4a,0x94,0x9a,0xca,
0x16,0x4a,0xad,0xca,0xc8,0x2d,0xdd,0x51,0xd9,0x09,0xbf,0xb4,0x3d,0x3c,0xa4,0x37,
0x3c,0xe4,0x59,0x38,0xc7,0x7c,0xf8,0xc6,0x22,0x65,0x89,0xf2,0x91,0xb2,0x54,0xf9,
0x16,0xde,0xb1,0x05,0x9c,0xa3,0x03,0x7c,0xa3,0x07,0x5c,0x23,0x5c,0x08,0x96,0x54,
0x52,0x4a,0x0d,0xa5,0x6d,0x32,0xe2,0x1c,0x37,0x2a,0xa3,0x95,0x31,0xca,0x3c,0xe7,
0x8b,0x8e,0xc1,0x11,0x5d,0x0c,0xf7,0x68,0x0a,0xd7,0xb8,0x10,0xae,0x71,0x0f,0x3c,
0x23,0x81,0xdf,0x59,0x0e,0xb7,0x48,0xc0,0x2b,0x06,0xc0,0x29,0x6e,0x80,0x4f,0xfc,
0x09,0x2e,0x31,0x01,0x1e,0x51,0x01,0x87,0x28,0x83,0x3f,0x0c,0x83,0x3b,0x3c,0x01,
0x6f,0x30,0xce,0xd0,0xd6,0xb1,0x85,0xe3,0x94,0x07,0xe1,0x09,0x81,0x25,0xac,0x53,
0x76,0x85,0x23,0x74,0x82,0x1f,0x4c,0x55,0xe6,0x17,0x45,0x4e,0x65,0x21,0x2e,0x65,
0x1d,0xd8,0xc1,0x0e,0xb8,0x93,0xc1,0x99,0x2c,0x53,0x7a,0xc0,0x10,0x2a,0x70,0x24,
0x97,0xc1,0x0c,0xf6,0x87,0x19,0x1c,0xaf,0x5c,0xac,0xdc,0xae,0x8c,0x85,0x17,0x0c,
0x83,0x13,0xac,0x85,0x13,0xec,0x85,0x0f,0x59,0x06,0x2f,0x08,0xae,0xe3,0x79,0x70,
0x81,0x9b,0x94,0xbe,0xb5,0x22,0x2e,0x10,0x1c,0xc7,0x71,0xb0,0x81,0xc0,0x05,0x5e,
0xc6,0x67,0x9c,0x07,0x0f,0x58,0x09,0x0f,0x28,0xc5,0x5b,0xec,0x09,0x07,0x08,0xce,
0xe2,0xd5,0xb0,0x80,0x45,0xb5,0xab,0x3c,0xc5,0x14,0x5e,0x62,0x57,0xe5,0x48,0xdc,
0x44,0x73,0x12,0x07,0x3b,0x0f,0x71,0x38,0xbe,0xe1,0x5f,0xf1,0x0c,0xa7,0xe0,0x18,
0xce,0x86,0x17,0xac,0xc4,0x2f,0x2c,0xc0,0x2b,0x34,0x9f,0xb0,0x0d,0xbc,0x20,0x78,
0x82,0x43,0x70,0x04,0x87,0xe3,0x02,0x4e,0xc7,0xfd,0x9b,0xed,0x7c,0xbf,0xc5,0xf0,
0x82,0xad,0xf1,0xf9,0x5a,0x38,0x87,0x2f,0xf8,0x7b,0xfb,0x39,0x77,0xcf,0x9c,0x3d,
0x63,0x07,0x37,0xc3,0x0c,0xca,0x9d,0x97,0xf7,0x21,0x3e,0x5e,0x02,0x0f,0xaf,0x10,
0x7e,0xb0,0x35,0xdc,0xa0,0x05,0xbc,0xa0,0x3d,0xac,0xc0,0xbc,0xba,0xae,0xf8,0x74,
0x3d,0x9c,0x43,0x77,0x3a,0xce,0xdc,0x30,0xc7,0x0d,0x46,0xc3,0x0a,0xa6,0x38,0x17,
0xee,0x45,0x1c,0xb8,0x39,0xce,0x7b,0x7b,0xcd,0xb9,0x6e,0x6f,0xe1,0xba,0x25,0x70,
0xdb,0xca,0x70,0xda,0x0e,0x76,0x1e,0xdb,0x89,0xce,0x5d,0x1b,0x86,0xab,0x36,0xd9,
0xf9,0x69,0xd3,0x9d,0x93,0xf6,0x1c,0x0e,0xda,0x30,0x9c,0xb3,0x49,0xb8,0x66,0xe6,
0x98,0xcd,0xc0,0x2d,0x4b,0xe0,0x92,0xb5,0x77,0xfe,0x58,0x70,0xc7,0x3a,0xe3,0x8c,
0xf5,0x85,0x49,0x3c,0xe2,0x3c,0xb1,0xf1,0xf8,0x61,0x4f,0x39,0x27,0xac,0x02,0x17,
0x2c,0xe1,0xfc,0x2f,0xf3,0xbe,0xf6,0x70,0xae,0x57,0x29,0x0c,0xa3,0xb9,0xf3,0xb8,
0xda,0xc3,0x33,0x02,0xcb,0x30,0x86,0x51,0x17,0x76,0xd1,0x16,0x37,0xeb,0x00,0xe7,
0x63,0x05,0xdf,0xaa,0x0b,0xce,0xd5,0x18,0x18,0xc6,0xeb,0xb8,0x55,0xef,0x39,0x9f,
0xca,0xbc,0xa9,0x1a,0x4a,0x11,0x2c,0xa3,0x25,0xbe,0x54,0xf0,0xa4,0x3a,0x39,0x47,
0xaa,0x27,0x6e,0x54,0x2f,0xd8,0xc6,0x75,0xce,0x83,0xba,0x03,0xbe,0x91,0x70,0xce,
0x53,0x3f,0xe7,0x39,0x99,0xdf,0xb4,0x12,0xde,0x51,0x8c,0xc7,0xb4,0x1f,0xee,0x52,
0x70,0x95,0x06,0xe2,0x28,0x99,0x9b,0x64,0x4e,0x92,0xb9,0x48,0x09,0x18,0x48,0x09,
0xee,0x91,0x39,0x47,0x9d,0x9c,0x67,0xd4,0x03,0x1e,0x72,0x06,0x1c,0x64,0x34,0x1e,
0xd1,0xad,0xce,0x1d,0x32,0x67,0xa8,0x1c,0x37,0x68,0xa5,0xe3,0x20,0x6b,0xf0,0x80,
0x12,0xb0,0x90,0xad,0xf0,0x7b,0x3a,0x3a,0xa7,0x27,0xb8,0x3c,0x07,0x39,0x87,0xa7,
0x42,0x79,0x43,0x79,0x5f,0x59,0xac,0x54,0xee,0x1a,0x31,0x92,0xc0,0x43,0x46,0xc3,
0x41,0xcc,0xd3,0xe9,0x0a,0x07,0xc9,0x5d,0xa8,0x87,0x93,0xd3,0x08,0x17,0xa7,0x14,
0x16,0x52,0x86,0x7b,0x73,0x1e,0xce,0xcd,0x3c,0x5c,0x9b,0x2f,0x61,0x21,0xc1,0xb3,
0x69,0x8b,0x5f,0xd3,0x1b,0x1e,0xf2,0x3b,0x38,0x48,0x19,0xbc,0x63,0x0a,0x9c,0xc3,
0x3c,0x99,0x9b,0xe1,0x1c,0x81,0x71,0x2c,0x71,0x3e,0xcc,0x4a,0xb8,0x46,0x60,0x1a,
0xc3,0x60,0x19,0x63,0x60,0x18,0x5f,0xc2,0x2e,0x02,0xb7,0x30,0x5e,0x61,0x9c,0x22,
0x30,0x8a,0x04,0x6c,0x62,0x18,0x4c,0xe2,0x2e,0x9c,0x95,0x7b,0x94,0x31,0x81,0x4f,
0xcc,0x4a,0x26,0xde,0x9c,0x15,0xf9,0x2b,0x6b,0x83,0xbf,0x32,0x5b,0x9f,0x87,0x73,
0xf4,0xf9,0xac,0xbc,0x3f,0x27,0xf2,0x59,0x82,0xcb,0xd2,0x23,0x5c,0x6e,0x1b,0x2e,
0x46,0x7c,0x2d,0x72,0x5a,0x1a,0xe2,0xb2,0xf4,0x57,0x06,0xe3,0xb1,0x8c,0xc0,0x63,
0xb9,0x01,0x8f,0x65,0xbc,0xf2,0x89,0xb2,0x2c,0x5c,0xec,0x3a,0x3f,0x72,0x5a,0x0e,
0xc6,0x69,0x09,0x3e,0xcb,0x89,0x4a,0x85,0xb2,0x28,0x78,0x2c,0x0b,0xf4,0xfe,0x5c,
0x10,0xf1,0x92,0x63,0xe1,0x24,0xc6,0x47,0xc6,0xc2,0x45,0x8c,0x87,0x04,0x16,0x52,
0x03,0x06,0xb2,0x2d,0xec,0xa3,0x3d,0xcc,0xc3,0x58,0x47,0xe0,0x1c,0x81,0x71,0xcc,
0x80,0x71,0xbc,0x0b,0xe3,0x58,0x07,0xe3,0xa8,0x0b,0xe3,0x68,0x0d,0xe3,0xe8,0x0e,
0xe3,0x18,0x00,0xe3,0x18,0x05,0xe3,0x18,0x0b,0xe3,0x98,0x09,0xe3,0x08,0xfe,0x49,
0xee,0x02,0xb3,0x77,0xf4,0xef,0x8b,0x7f,0x72,0x2e,0xee,0xc9,0x85,0xb8,0x27,0x23,
0xf1,0x4f,0x82,0x7b,0x92,0xbb,0xcc,0x0d,0xee,0x31,0x1b,0xaf,0x24,0x8b,0x4f,0xb2,
0x27,0x1e,0x49,0xa9,0x73,0x47,0x4a,0x61,0x20,0x65,0x8e,0x7f,0x98,0x1f,0xf2,0x19,
0x5e,0x48,0x25,0x1c,0xe4,0x33,0x3c,0x90,0x79,0xf8,0x1f,0x81,0x7f,0x54,0xc2,0x40,
0x16,0x39,0xcf,0xc3,0xfc,0x8e,0xcf,0xe1,0x1f,0xe6,0x73,0x2c,0x82,0x77,0x2c,0x87,
0x73,0x04,0xc6,0xf1,0x22,0xce,0x46,0x02,0x57,0xc3,0x1c,0x8d,0x93,0x94,0xf3,0x3f,
0xd3,0xd7,0xa1,0xe5,0x11,0xf3,0x28,0x84,0x75,0xec,0xe5,0xf8,0x46,0x2b,0xc7,0x34,
0x0e,0x74,0x1c,0xc3,0xf8,0x45,0x4f,0xc7,0x2c,0x7a,0x39,0x4e,0x61,0x7c,0xc2,0xb8,
0xc4,0x39,0xf0,0x88,0x4b,0x1c,0x83,0xb8,0x1e,0xf6,0x70,0x3f,0xcc,0x61,0x65,0x60,
0x0e,0x2b,0xf5,0xfe,0x52,0xc6,0x28,0x8f,0x2b,0x33,0x94,0xd7,0xc2,0x25,0x9c,0xab,
0xf4,0xf5,0x47,0xa9,0xa3,0x34,0x57,0x4a,0x95,0xfe,0xca,0x40,0x65,0x9c,0x32,0x5e,
0xf9,0x38,0xfc,0xfe,0x6a,0xbd,0x9f,0x95,0x1e,0x4a,0x5f,0x25,0xb1,0x46,0x1f,0x23,
0x5f,0xe9,0xef,0x56,0x12,0x5f,0xeb,0xeb,0xb0,0xf2,0xae,0xb2,0x48,0x59,0xa9,0xd4,
0xf9,0x46,0xcf,0xab,0xf4,0x55,0x46,0x2b,0xe5,0x4a,0x85,0x32,0x2f,0x5c,0xa8,0xfc,
0xad,0x9e,0xbe,0x56,0x2f,0x43,0x19,0xa6,0xbc,0xa4,0xcc,0x52,0x16,0x2a,0x2b,0xc2,
0x05,0x83,0xeb,0x34,0xe3,0xad,0x8b,0xfc,0x8e,0xb5,0xf8,0x1d,0x81,0x95,0x04,0x4e,
0x12,0x18,0x49,0xe0,0x23,0x81,0x8d,0x04,0x38,0x10,0x98,0x48,0xe0,0x21,0xc9,0x44,
0x2d,0x7d,0x3b,0x5f,0x2b,0x3a,0xa8,0x4b,0x44,0x07,0x5f,0xd9,0x3c,0x7c,0x64,0xa7,
0xe8,0x78,0x61,0x3d,0x1f,0x09,0x57,0x99,0xef,0xad,0x34,0x8a,0xf1,0x91,0xe6,0xf4,
0xdd,0x07,0x3e,0x52,0x86,0x13,0xd2,0x17,0x27,0x64,0xa8,0x72,0x15,0x7c,0xe4,0x1e,
0xc7,0x47,0xee,0x8f,0xbe,0x95,0xca,0xf1,0x91,0x47,0xe1,0x23,0x8f,0x29,0x8f,0x2b,
0x13,0x1c,0x1f,0x99,0xe4,0xf8,0xc8,0x74,0x3c,0x92,0xb7,0xf0,0x48,0x02,0x1f,0xd1,
0x9b,0x9a,0x78,0x1a,0x2f,0x64,0x2e,0x5e,0xc8,0x42,0xbc,0x90,0xe5,0xf0,0x91,0xca,
0x54,0xd4,0x6f,0x1f,0x9c,0x90,0x0b,0x70,0x41,0x7e,0xe7,0xf8,0xc8,0x48,0xc7,0x47,
0xcc,0xff,0xb8,0x17,0xe7,0x23,0xf0,0x91,0xe1,0x69,0x7d,0x4f,0x89,0xf3,0x11,0x7c,
0x8f,0x51,0xf0,0x91,0xe0,0x78,0xdc,0x04,0x1f,0x79,0x26,0xc6,0x47,0x9e,0x85,0x8f,
0x3c,0x0f,0x1f,0x79,0x19,0x17,0xe4,0x0b,0xa5,0x30,0xa3,0xef,0x45,0xe1,0x23,0xc5,
0x31,0x3e,0x52,0x9b,0xce,0xfa,0xc3,0xe9,0xa6,0x3f,0x0b,0x3e,0x72,0x8e,0xeb,0xa6,
0x7f,0x83,0x1e,0x7a,0xe3,0x23,0x7f,0xc7,0x13,0x59,0x0a,0x1f,0x59,0x8e,0x2f,0x12,
0xba,0xe7,0xb7,0x70,0x5d,0xf3,0xcd,0xe9,0x97,0xbf,0xdf,0xf5,0xca,0x7f,0x4a,0x87,
0x7c,0xf0,0x43,0xbe,0x75,0x7c,0xa4,0xae,0xeb,0x8c,0xb7,0xae,0x78,0xeb,0x88,0x0f,
0xdd,0xf0,0x1d,0x71,0x44,0x7a,0xc3,0x47,0xfa,0xe3,0x86,0xdc,0x42,0x17,0xfc,0xcb,
0x74,0xbf,0x2f,0xa1,0xfb,0x7d,0xff,0x18,0x1f,0x29,0xa3,0xd3,0xdd,0xfa,0xdc,0x7b,
0xd0,0xdd,0x7e,0x32,0x9d,0xed,0xd6,0xcf,0x3e,0x02,0x57,0x64,0x34,0x8e,0x88,0xf9,
0x21,0xd6,0xbf,0x5e,0x41,0xd7,0xfa,0x4b,0xae,0x63,0xdd,0xf8,0xc8,0xfb,0xf8,0x21,
0x1f,0xe2,0x87,0xac,0x51,0xd6,0xc2,0x47,0xbe,0x87,0x8f,0x58,0x7f,0x7a,0x31,0xae,
0x48,0x03,0x1c,0x91,0x96,0xb8,0x21,0xd6,0x8f,0x5e,0x46,0x27,0xfa,0xa1,0xae,0x0b,
0xdd,0x5c,0x91,0x01,0xf4,0x9e,0x0f,0x71,0x7c,0xc4,0xfa,0xce,0x6f,0xc4,0x19,0x79,
0x08,0x57,0x64,0x82,0xeb,0x34,0xaf,0xa0,0xbf,0xdc,0xba,0xcb,0x67,0x39,0x3e,0xb2,
0x98,0x8e,0xf2,0x95,0x8e,0x8f,0x58,0x37,0x79,0x01,0xfe,0x48,0x1d,0xbc,0x91,0x52,
0x7c,0x11,0xeb,0x1e,0xef,0xe8,0xf8,0x48,0x17,0xba,0xc5,0xad,0x57,0xdc,0xfa,0xc4,
0x4f,0xc4,0x21,0x09,0xfd,0xe1,0x17,0x39,0x3e,0x72,0x1d,0xee,0xc8,0xad,0xce,0x19,
0xb9,0x07,0x4f,0xe4,0x61,0xfc,0x10,0xeb,0x00,0x7f,0x96,0xde,0xef,0x59,0x31,0x3e,
0xb2,0x5a,0xf9,0x26,0xc6,0x47,0xac,0xe7,0xbb,0x26,0x2e,0x49,0x03,0xd7,0xe9,0x7d,
0x00,0x3d,0xde,0x5d,0xe8,0xef,0xee,0x46,0x6f,0xf7,0x09,0xf8,0x24,0x27,0xd3,0xd3,
0x3d,0x00,0x3e,0x32,0xd4,0xf5,0x74,0xdf,0x80,0x53,0xf2,0x10,0x2e,0x89,0xf5,0x70,
0x3f,0x47,0xb7,0xf6,0xab,0x74,0x6a,0xbf,0x89,0x53,0xb2,0x98,0x0e,0xed,0x15,0x74,
0x66,0x27,0x71,0x4a,0xea,0xe0,0x92,0x74,0xa0,0x0b,0xbb,0x0b,0x1d,0xd8,0xd6,0x7f,
0xdd,0x1d,0x97,0xe4,0x14,0xd7,0x69,0x3d,0x02,0x9f,0xe4,0x71,0xe7,0x91,0x58,0x6f,
0xf5,0x6b,0xae,0xab,0x7a,0x21,0xfd,0xd4,0x5f,0x6c,0x51,0xd5,0x4b,0xdd,0x92,0x2e,
0xea,0x4e,0x38,0x25,0xa1,0x7f,0xba,0xb7,0xf3,0x4a,0xae,0x73,0x2e,0x89,0x75,0x4c,
0x4f,0x70,0xbd,0xd2,0xe6,0x8f,0xcc,0xa1,0x43,0x3a,0xf8,0x23,0xdb,0xd1,0x1b,0xdd,
0x2a,0x0f,0x1f,0x39,0x00,0xaf,0xe4,0x1c,0xd7,0x0f,0x7d,0x15,0x7c,0xe4,0x1a,0x1c,
0x93,0x3f,0xd1,0x05,0xfd,0x3c,0x7c,0x64,0x96,0xf2,0x4e,0xed,0xa8,0x07,0xda,0x3a,
0xa0,0xad,0xfb,0xb9,0x1d,0x7d,0xcf,0x1d,0xe9,0x73,0xee,0x85,0x87,0xd2,0x17,0xef,
0x64,0x88,0xeb,0x65,0xbe,0x8a,0x2e,0x66,0xeb,0x61,0xb6,0x9e,0xe5,0xe7,0x1d,0x1f,
0x39,0x14,0xbf,0xc4,0xdc,0x92,0x13,0xf1,0x49,0x6e,0xc4,0x23,0x79,0xd2,0xf9,0x23,
0xcf,0xe3,0x8c,0xd4,0xc1,0x15,0x39,0x81,0xee,0xe3,0xcb,0x71,0x45,0x6e,0xc7,0x15,
0xf9,0x1e,0x3e,0x12,0xfc,0x90,0x61,0xf8,0x21,0x77,0xe1,0x83,0x6c,0xe9,0xfa,0x8c,
0xf7,0xa5,0xc3,0xb8,0x0d,0x4e,0xc8,0x51,0x38,0x21,0x03,0xe9,0x2a,0x9e,0xe0,0x3a,
0x8a,0x9f,0x71,0xbd,0xc4,0x2f,0xd1,0x45,0xfc,0x4e,0x8c,0x8f,0x84,0xfe,0xe1,0x6f,
0x95,0x62,0x3a,0x88,0x8d,0x8f,0xec,0x80,0x33,0x72,0x15,0xae,0xc8,0x43,0x8e,0x8f,
0x04,0x47,0xa4,0x1e,0x5d,0xc2,0xfb,0xd0,0x21,0xdc,0xd8,0x75,0x07,0xef,0x47,0x5f,
0x70,0xe0,0x23,0x07,0xe3,0x90,0x0c,0xc1,0x1d,0x79,0x99,0x4e,0xe0,0xca,0x1d,0x22,
0x77,0x64,0x7b,0xd7,0x05,0x7c,0x8c,0xe3,0x23,0x27,0xc5,0xf8,0xc8,0xa9,0x74,0xfb,
0x0e,0x72,0x9d,0xbe,0xa3,0xe8,0xf1,0x1d,0x47,0x6f,0x6f,0x81,0xeb,0xe9,0x0d,0x7c,
0x64,0x7f,0xfc,0x93,0xfe,0xf4,0xec,0x5e,0x41,0xcf,0xee,0xbd,0xf4,0xe9,0x3e,0xe8,
0x7a,0x74,0xc7,0xb9,0xae,0xdc,0xff,0xa5,0x1f,0xf7,0x33,0xc7,0x47,0x56,0xd1,0x85,
0xdb,0x98,0xee,0xdb,0xd6,0x74,0xde,0x1e,0x86,0xa3,0x12,0xfc,0x94,0x17,0xe9,0xaf,
0x5d,0xe0,0xfa,0x6b,0x97,0xba,0xce,0x5a,0xeb,0xaa,0xfd,0xda,0xf5,0xd2,0x4e,0xa7,
0x63,0xb6,0x2e,0xee,0xc9,0xc1,0x38,0x27,0xc7,0xc5,0xf8,0xc8,0xef,0x70,0x4b,0xa6,
0x3a,0x3e,0x32,0x03,0xaf,0x24,0x38,0x25,0x73,0x71,0x4a,0x82,0x4f,0xb2,0x10,0x9f,
0x64,0x05,0x3e,0x49,0x70,0x49,0x7e,0x50,0x8a,0xe9,0x8b,0x35,0x3e,0x52,0x7f,0x13,
0xf8,0x48,0x2b,0xe5,0x20,0xf8,0xc8,0x49,0xf0,0x91,0x53,0xab,0xe1,0x23,0x03,0x1c,
0x1f,0xb9,0x44,0xb9,0x4c,0x19,0x0a,0x1f,0x19,0xa5,0x5c,0xef,0xfc,0x95,0xe7,0xe8,
0x9d,0x4d,0xc2,0x47,0x32,0xf0,0x91,0x22,0x3c,0x96,0x6d,0x9c,0xc7,0x12,0xfc,0x95,
0x3d,0x7f,0x82,0x8f,0x98,0xbf,0x12,0x3c,0x95,0xf6,0x78,0x2a,0x5d,0xf0,0x54,0xba,
0x29,0xdd,0x95,0x3e,0x78,0x29,0xd7,0x2b,0x5b,0xee,0x51,0xc5,0x47,0x5a,0xef,0xa9,
0xd9,0x4f,0xf9,0x23,0x7c,0xa4,0xe1,0x5e,0x9a,0x3b,0x94,0x6b,0x94,0x3b,0x95,0x4f,
0x94,0x47,0xf6,0x89,0xf8,0x48,0x65,0x7d,0xa5,0x81,0x3e,0x8e,0x34,0x50,0x56,0x36,
0x8e,0x7c,0x96,0x4f,0xf1,0x59,0x56,0xe1,0xb3,0x54,0x36,0xa9,0xf2,0x59,0x9a,0xe2,
0xb0,0x0c,0x84,0x8f,0xdc,0x86,0xbb,0x32,0x1e,0x67,0x65,0x1a,0xae,0xca,0x1c,0x1c,
0x95,0x0f,0xe8,0x8e,0x3d,0xb1,0x99,0xbe,0x76,0x2b,0xb7,0x2b,0x6b,0x94,0x37,0x34,
0xb4,0x56,0xc2,0x47,0xd2,0xf8,0x2a,0xbb,0xe1,0xab,0x34,0xa5,0x3f,0xb6,0x14,0x6f,
0xa5,0x2d,0x9e,0x4a,0x27,0x3c,0x95,0x3b,0xf0,0x54,0xee,0x81,0x8f,0x58,0x37,0x6c,
0x70,0x52,0x9a,0xe3,0xa2,0x04,0x0f,0xe5,0x23,0xf8,0xc8,0xce,0x2d,0xf4,0x79,0xad,
0x74,0x57,0xfa,0x28,0x97,0x29,0x43,0x95,0x72,0x65,0xba,0xf2,0xaa,0x32,0x57,0xb9,
0xb0,0xa5,0xde,0x6f,0xca,0xfb,0xca,0x42,0xe5,0x07,0xf8,0x48,0x70,0x58,0x2a,0xbb,
0x45,0xce,0xca,0x0b,0xff,0x13,0xb9,0x29,0xb5,0x71,0x52,0x82,0x87,0x32,0x08,0x3e,
0x62,0x9d,0xaf,0x7f,0xa6,0xdf,0x75,0x05,0x7d,0xae,0x5f,0x2b,0xbb,0x3b,0xd7,0xc4,
0x9c,0x12,0xeb,0x5c,0xb5,0xae,0x55,0xeb,0x58,0xdd,0xcb,0xf5,0xa9,0x36,0x86,0x8f,
0xb4,0x55,0xf6,0xc7,0x1b,0xb9,0x88,0xfe,0xd4,0xe7,0xe9,0x4d,0x5d,0xe5,0xfa,0x51,
0xf7,0xa6,0x0b,0xf5,0x10,0x3a,0x50,0x8f,0xc2,0x19,0x19,0xee,0xba,0x4e,0x9f,0xa4,
0xdf,0x74,0x0a,0xbd,0xa6,0xb3,0xe9,0x31,0xb5,0x0e,0xd3,0xe0,0x8c,0x34,0xa0,0x9b,
0xb4,0x94,0x4e,0xd2,0x56,0x74,0x91,0x5a,0x0f,0xe9,0x11,0x8e,0x8f,0xf4,0x72,0x7d,
0xa2,0x8f,0x39,0x3e,0x32,0x11,0x5f,0x64,0x12,0xbe,0xc8,0xf4,0x18,0x1f,0x59,0x46,
0xef,0xa7,0x75,0x7b,0x66,0xf0,0x41,0xb6,0xc5,0x03,0x69,0x86,0xe7,0x71,0x36,0x9e,
0x87,0x75,0x72,0x5a,0x17,0xa7,0x75,0x6f,0x86,0xce,0xcd,0xfb,0x70,0x3d,0x82,0xe7,
0x71,0x2e,0x7e,0x47,0xc6,0x79,0x1d,0xf5,0x70,0x3a,0x1a,0xe2,0x74,0x98,0xcf,0xd1,
0x19,0x87,0xa3,0xbb,0xf2,0xac,0x32,0x1f,0x87,0xa3,0x3b,0x0e,0xc7,0x2d,0x38,0x1c,
0x73,0x95,0xef,0x94,0xca,0xef,0xa3,0xee,0xcc,0x1d,0xe8,0xce,0xec,0x9e,0x87,0x8f,
0x9c,0x04,0x1f,0x39,0x59,0x39,0x45,0x39,0x1d,0x3e,0xd2,0x1f,0x3e,0x32,0x04,0x07,
0x24,0xf0,0x91,0x54,0xa5,0x3e,0x06,0x94,0xe2,0x18,0x1f,0xa9,0x4d,0xef,0x66,0xe0,
0x23,0xbb,0xe1,0x8a,0x94,0xb9,0xce,0xcd,0x69,0x78,0x20,0x73,0xf1,0x3f,0x82,0xfb,
0xb1,0x58,0xf9,0xbb,0xf2,0xb1,0xf2,0xb9,0xf2,0x7d,0xf8,0x3b,0xf1,0x40,0xda,0xe1,
0x7f,0x74,0xc3,0xfb,0x58,0x1b,0xe3,0x23,0x2d,0x95,0x4e,0xca,0x0d,0xca,0x4d,0xca,
0x5d,0xf0,0x91,0xef,0xe0,0x23,0x77,0xb9,0x1e,0xcd,0x75,0xca,0x9e,0x78,0x1f,0x17,
0xd0,0x8f,0xf9,0x67,0x7c,0x8f,0xe0,0x78,0xfc,0x99,0xee,0xcb,0x05,0x38,0x1d,0xf5,
0x71,0x39,0x2e,0xc5,0xe1,0xf8,0x3d,0xee,0xc6,0xbd,0x38,0x1b,0x93,0x71,0x35,0x82,
0xa7,0xd1,0x06,0x3f,0xe3,0x0c,0xbc,0x8c,0x72,0x7c,0x0c,0x73,0x31,0x5a,0x3b,0xff,
0xe2,0x18,0x5c,0x8b,0xc7,0x70,0x2d,0x82,0x67,0xb1,0x53,0x51,0xc4,0x47,0xf6,0xc7,
0xaf,0x08,0x6e,0xc5,0x5c,0xbc,0x8a,0x02,0xba,0x26,0x6b,0xe3,0x56,0x6c,0x87,0x53,
0x61,0xbd,0x92,0x87,0x2a,0xc7,0x2b,0xf7,0xe0,0x52,0x84,0xfe,0xc8,0xaf,0x8a,0x23,
0x9f,0xa2,0x13,0x3e,0xc5,0x20,0x3c,0x8a,0xbb,0x94,0xc7,0x4a,0x22,0x97,0xe2,0x09,
0x1c,0x8a,0xca,0x9a,0x91,0x43,0x51,0x9f,0xae,0xc8,0xc3,0x70,0x26,0xce,0x85,0x8f,
0x04,0x5f,0xe2,0x66,0x65,0x28,0xce,0xc4,0xa3,0xf0,0x91,0xc7,0x71,0x24,0x5e,0xa1,
0xeb,0xf1,0x6d,0x5c,0x89,0xd0,0xf3,0x58,0x1f,0x3f,0x22,0x74,0x3a,0xf6,0xc2,0x91,
0x08,0x7d,0x8e,0xa3,0x94,0x57,0x5d,0x97,0x63,0x12,0x4f,0x22,0x74,0x36,0x76,0x53,
0x4e,0x73,0xbd,0x8d,0x83,0x5c,0x57,0xe3,0x95,0xf4,0x31,0x3e,0x45,0x0f,0x63,0xe8,
0x60,0x9c,0xe1,0xf8,0xc8,0x52,0xfa,0x17,0x53,0xf8,0x14,0xd6,0xb9,0xd8,0x0a,0x9f,
0x62,0x90,0xeb,0x51,0xbc,0x92,0xae,0xc4,0xd0,0x93,0xf8,0x92,0xeb,0x45,0x0c,0x7c,
0x64,0xa1,0xf2,0xc5,0x96,0x91,0x4b,0xd1,0x8c,0xae,0xc3,0x96,0x8e,0x8f,0x84,0x6e,
0xc3,0x03,0xe0,0x23,0xd6,0x6b,0x68,0x7e,0xc5,0x8d,0x38,0x15,0x63,0x5d,0x77,0xe1,
0x12,0xfa,0x0a,0x43,0x57,0x61,0x92,0x8e,0xc2,0x9a,0xb8,0x15,0x0d,0x70,0x2a,0x5a,
0xe2,0x52,0x74,0x70,0xdd,0x83,0x5d,0xe8,0x1b,0xec,0xe6,0xf8,0xc8,0x29,0x74,0x0a,
0x0e,0x71,0x6e,0xc5,0x4d,0xf8,0x14,0x4f,0xbb,0xbe,0xc0,0xe7,0xe9,0x08,0x9c,0x9d,
0x87,0x8f,0xbc,0xa1,0xbc,0x4d,0x0f,0x60,0x5b,0x7a,0xff,0x3a,0xbb,0xbe,0xbf,0xc0,
0x47,0x7a,0x3b,0x3e,0x72,0x32,0x5d,0x7e,0x93,0x1c,0x1f,0x99,0xe6,0x7a,0xfb,0x66,
0xe2,0x62,0x84,0x7e,0xbe,0xc7,0xe9,0xe3,0x9b,0xe2,0x7a,0xf8,0x2a,0x70,0x33,0x42,
0xef,0x5e,0x0b,0x7a,0xf6,0x3a,0x38,0x3e,0x62,0xbd,0x7a,0xa1,0x4f,0xef,0x1c,0xd7,
0xa7,0x67,0x7c,0xe4,0x31,0xd7,0x9d,0x17,0xf8,0xc8,0x64,0xba,0xf2,0x42,0x4f,0xde,
0x8e,0x31,0x3e,0xb2,0xbb,0xeb,0xc3,0x6b,0x8c,0xe3,0xd1,0xcc,0x75,0xdd,0xb5,0x83,
0x8f,0xac,0x76,0x9e,0xc7,0xd6,0xb8,0x1d,0xad,0xe9,0xae,0xeb,0xe0,0xf8,0x88,0x75,
0xd2,0x1d,0x42,0x1f,0xdd,0x83,0xf4,0xcf,0xbd,0x45,0xef,0x9c,0x75,0xce,0x59,0xb7,
0x5c,0x46,0xc9,0xd2,0x2d,0xd7,0x82,0x4e,0xb9,0x76,0x74,0xc8,0x1d,0xe2,0xf8,0xc8,
0xb1,0xf4,0xc6,0xf5,0xc6,0xfb,0xb0,0xae,0xb8,0xd0,0x11,0xf7,0x17,0xe7,0x7e,0x18,
0x1f,0x39,0x35,0xc6,0x47,0x16,0xd3,0xfb,0x96,0xa5,0xe7,0xad,0x0d,0xfd,0x6e,0x07,
0x2b,0xe7,0xe0,0x82,0x58,0x7f,0x9b,0xf5,0xb6,0x59,0x5f,0x5b,0xe8,0x69,0xcb,0xe0,
0x87,0x94,0xba,0x5e,0xb6,0x03,0x5c,0x17,0x5b,0x57,0xfa,0xd7,0x4e,0xc3,0x13,0xb9,
0x89,0x9e,0xb5,0x3f,0x56,0xc3,0x47,0xc6,0xe2,0x88,0x7c,0xe2,0xf8,0xc8,0x6a,0x7a,
0xd2,0xbe,0xa9,0x17,0xf5,0xa3,0xd5,0xa1,0xff,0xac,0x9d,0xeb,0x3d,0x33,0x3e,0xd2,
0xcb,0xf1,0x91,0xd7,0x95,0xf7,0x94,0x45,0xca,0xaa,0x5d,0x23,0x87,0xe4,0x20,0x5c,
0x91,0xd5,0xcd,0xf5,0x67,0xe9,0x31,0x3b,0x84,0xfe,0xb2,0xe0,0x88,0x04,0x3f,0x64,
0x17,0xfa,0xca,0x9a,0xd0,0x53,0x16,0x3a,0xca,0xf6,0xc3,0x11,0x39,0x0b,0x47,0xe4,
0x65,0x1c,0x91,0x2f,0xe0,0x23,0xcd,0xe9,0x20,0x3b,0x98,0xee,0xb1,0x93,0x71,0x45,
0x82,0x27,0x12,0xba,0xc5,0xee,0xc0,0x05,0x09,0x1e,0x88,0x75,0x89,0x5d,0x43,0x6f,
0xd8,0x3d,0xf8,0x1f,0x9e,0x8f,0x04,0xef,0xe3,0x1d,0x7c,0x8f,0xe0,0x7a,0xdc,0x82,
0xe3,0xb1,0x06,0xb7,0x23,0x78,0x1d,0xe6,0x74,0x98,0xcb,0x71,0x26,0xfe,0x46,0x7f,
0xbc,0x8d,0x6b,0xf1,0x35,0xee,0xa2,0xcf,0x2b,0xf0,0x91,0xfb,0x94,0x37,0x66,0x25,
0x13,0x2b,0xe8,0xf6,0xfa,0x4e,0x99,0x30,0x47,0x9f,0xd3,0xca,0xeb,0xca,0xf7,0x73,
0xa2,0xae,0xaf,0xd0,0xf3,0x35,0x53,0xf9,0x72,0x9e,0x3e,0xfe,0xe9,0xfb,0x3a,0x9d,
0x9e,0xaf,0xd0,0xf1,0x75,0x29,0x1d,0x5f,0x57,0xd1,0xf1,0x35,0x96,0x8e,0xaf,0xa5,
0xca,0xa7,0x4a,0xa5,0xd2,0x99,0xbe,0xaf,0xc0,0x47,0x4e,0xa0,0xeb,0x2b,0xf4,0x7b,
0x2d,0x50,0xd6,0x28,0xc7,0x2e,0x48,0x26,0x2e,0x5e,0x10,0xb9,0x24,0x77,0x39,0x87,
0xe4,0x01,0xbc,0x11,0x73,0x46,0x66,0xe2,0x89,0x14,0xe3,0x87,0xec,0x8c,0x17,0xd2,
0xd1,0xf9,0x20,0x3d,0x70,0x40,0x2a,0xe0,0x23,0xef,0xc0,0x47,0xd6,0xc2,0x47,0x82,
0xff,0x51,0x17,0xff,0xa3,0x35,0xfe,0x47,0x77,0xfc,0x8f,0x01,0xf8,0x1f,0xa3,0xf0,
0x3f,0xc6,0xe2,0x7f,0xcc,0xc4,0xff,0x08,0xdd,0x5c,0x95,0x7f,0x8b,0xba,0xb9,0xda,
0xd1,0xcd,0x35,0x04,0x3e,0x32,0x02,0x3e,0x72,0x3d,0xdd,0x5c,0xa1,0x97,0x6b,0xe7,
0x77,0x23,0x2f,0xe4,0x36,0x7c,0x90,0x0c,0x7d,0x5b,0xbb,0xd3,0xb3,0xd5,0xc8,0xf5,
0x6b,0x35,0xa1,0x53,0xeb,0x00,0xba,0xb4,0xba,0x2f,0xae,0xea,0xd0,0x5a,0x46,0x6f,
0xd6,0xb7,0xf0,0x91,0x65,0xf4,0x64,0x85,0x8e,0xac,0xe5,0x74,0x63,0xad,0x85,0x8f,
0x7c,0xe0,0xba,0xb0,0xac,0x03,0x6b,0x39,0xbd,0x57,0xd6,0x79,0x15,0x9c,0x90,0x8f,
0x71,0x41,0x3e,0xc7,0x01,0x09,0xfe,0xc7,0x5c,0xfa,0xac,0x0e,0x72,0x3d,0x56,0xa1,
0xbf,0xaa,0x8f,0x32,0xf1,0x33,0xbd,0x6e,0xcb,0x23,0x1f,0x64,0x57,0xe7,0x81,0xd4,
0xc7,0xfd,0x68,0xfb,0x13,0x7c,0xa4,0xbb,0xf3,0x3a,0xaa,0xe3,0x23,0xe6,0x6e,0xf4,
0xc7,0xd7,0xb8,0xc8,0x79,0x1a,0xa3,0x70,0x33,0xee,0xc3,0xc9,0x08,0x3e,0xc6,0x2a,
0xa5,0xf1,0xca,0x64,0xe2,0x0f,0xca,0x78,0x65,0xba,0x32,0x57,0xf9,0x52,0x29,0x5e,
0xa5,0x99,0x46,0x69,0x06,0x1f,0x39,0x4b,0x19,0xa0,0x3c,0xea,0xf8,0x48,0x6a,0xb5,
0x5e,0x4f,0xe5,0x50,0xa5,0xa7,0x72,0x9a,0xf2,0xb7,0xaf,0x92,0x89,0xcf,0x94,0xef,
0x94,0xbf,0x39,0x3e,0xb2,0x4c,0x29,0xf9,0x46,0x6f,0x8f,0xd2,0x4b,0xb9,0x46,0x19,
0xa7,0x4c,0x51,0x66,0x28,0x6f,0x2b,0xc7,0xad,0xd5,0xbf,0xa3,0x72,0xb9,0xf2,0x02,
0x7c,0xe4,0x7d,0x65,0x99,0xb2,0x56,0xf9,0xfd,0x3a,0xbd,0xff,0xe9,0xbe,0x0a,0x7c,
0x24,0xb8,0x24,0xf5,0x70,0x48,0x16,0xe1,0x8e,0x04,0x6f,0xe4,0x70,0x7c,0x91,0xe0,
0x8a,0x04,0x3e,0x72,0x45,0x22,0xea,0xb7,0xfa,0xbe,0xb2,0xb6,0x52,0x27,0x91,0xdc,
0xb6,0xee,0xb6,0x35,0xeb,0x26,0xf5,0x43,0xba,0x24,0x5d,0x90,0x2a,0x48,0x15,0xa6,
0xd2,0x19,0x3d,0x26,0xeb,0x26,0x53,0x7a,0x8a,0x7e,0x91,0x2e,0x29,0xd4,0x4f,0x85,
0x99,0xf4,0x86,0x8f,0x59,0xfd,0xc0,0xaf,0x33,0xe1,0x17,0xd9,0xdc,0x8f,0xe9,0x92,
0x6c,0x0d,0x7b,0xac,0x51,0x9c,0x2e,0x2a,0x29,0x4a,0x15,0xa5,0xb3,0x45,0xd9,0xe2,
0x92,0xe2,0xa2,0xf0,0x53,0xf8,0xb5,0x52,0x58,0x14,0xfe,0x4b,0x8f,0x7a,0xb6,0x74,
0x0d,0xf7,0x47,0xb2,0x35,0x8a,0x8a,0x8a,0xc3,0x33,0x66,0x33,0x1b,0x3e,0x46,0x0f,
0xb9,0x5f,0x65,0xa3,0x5f,0x95,0xe8,0x31,0x6b,0xbf,0x11,0x7e,0x27,0x9b,0xfb,0xaf,
0xd8,0xb3,0x47,0xcf,0x9f,0xf5,0xcf,0xcb,0x73,0xac,0x7f,0xee,0xaa,0x87,0x2c,0xd1,
0x1b,0x9e,0xb5,0x17,0x93,0xfb,0x8b,0xa3,0xa7,0xa7,0x79,0xe6,0x6c,0x55,0xb2,0xee,
0x95,0x5a,0xff,0x77,0x65,0x79,0x59,0xfa,0xb9,0x64,0xc3,0x57,0x3d,0x53,0xf5,0x1a,
0x66,0xd3,0xeb,0x7f,0x95,0xf5,0x4f,0xae,0xf6,0xed,0xce,0x6c,0xf8,0x4a,0xe6,0xde,
0xf3,0x35,0x33,0xe9,0xcc,0xfa,0x97,0xec,0xfe,0x44,0x78,0x91,0xe9,0x74,0x36,0x99,
0x75,0x2f,0x34,0x7a,0x86,0x74,0xee,0x9f,0x2a,0xf7,0x66,0xac,0x7f,0xb9,0xbc,0xae,
0xd9,0xec,0xfa,0xe7,0x8a,0xbf,0x02,0xfe,0x3d,0x51,0xf5,0xb4,0xaa,0x87,0x74,0xf4,
0xea,0xf0,0x73,0xcd,0x64,0xa6,0x46,0xba,0x66,0xdd,0xed,0xea,0xd4,0xae,0xb5,0x45,
0xaa,0x24,0x9d,0xd2,0x13,0xb6,0xd9,0x72,0xab,0xad,0x93,0x85,0x99,0xc2,0x82,0x74,
0x2e,0x25,0xd9,0x74,0xfc,0x63,0x49,0xaf,0xf3,0xfa,0x5f,0xa7,0x0b,0x4a,0xa2,0x9f,
0xed,0x43,0x2e,0x9d,0x7b,0x85,0xd3,0xeb,0xdf,0xf3,0xbc,0x17,0xd2,0xb9,0x87,0x9a,
0xf6,0xbb,0xb9,0x9f,0xab,0x3e,0x1c,0x7f,0xfc,0x22,0xf8,0x3d,0x7d,0xf4,0x45,0x6f,
0x7f,0xf4,0x9c,0xf6,0x16,0xa5,0xb3,0xb9,0xd7,0x21,0xf6,0x66,0x67,0xab,0xfe,0x99,
0xfd,0x7f,0xfe,0xf8,0x9d,0x93,0xc9,0xa4,0x37,0xfc,0xc8,0xcb,0xe8,0x23,0xb9,0xa0,
0x46,0xee,0xa1,0x28,0x6d,0x8f,0xe1,0x65,0xa7,0x72,0x8f,0xfa,0x54,0x4b,0xeb,0x87,
0xa2,0xa2,0xe4,0x86,0x9f,0x75,0xb9,0x3f,0x5a,0xa2,0xa7,0xa5,0xab,0xde,0xbb,0x99,
0xe8,0x9d,0x10,0x5e,0x58,0x61,0x26,0x53,0xed,0x87,0x44,0xf4,0x12,0xab,0x1e,0xd2,
0xb9,0x1f,0xf5,0x71,0x9b,0xfb,0x31,0xf7,0x6b,0x7b,0x62,0xee,0x35,0xca,0x16,0x17,
0xd7,0xc8,0xea,0xbf,0x8b,0xc3,0xd3,0xf5,0xa9,0x98,0x2e,0xd2,0xe7,0x5d,0xee,0x93,
0xb1,0x46,0x0d,0xde,0x39,0xd9,0x6a,0xde,0xe6,0x0d,0x3f,0x2c,0x63,0x1f,0xa3,0x3f,
0xfa,0x34,0xcd,0x64,0x32,0xf6,0x39,0x97,0xcd,0xfc,0xf8,0xef,0x88,0xbf,0x8f,0x37,
0x78,0x81,0xe9,0xea,0x5e,0x90,0x7f,0xf7,0x56,0xfd,0x66,0xbe,0x0f,0x5b,0xf7,0x0a,
0x65,0xfd,0x4b,0xc8,0x44,0x5f,0x28,0xb2,0x1b,0xfe,0x2d,0x99,0xd8,0x2b,0x17,0xbe,
0xf4,0x65,0x36,0xfc,0x04,0xca,0x64,0xaa,0x3e,0xe5,0xfd,0xdb,0x99,0xae,0xfe,0x9f,
0x24,0x9b,0x49,0xea,0xe3,0x3d,0xf7,0x41,0xba,0xfe,0xe5,0x27,0xb3,0xf6,0xa1,0x97,
0xb5,0x2f,0x98,0xd5,0x3d,0x54,0xf7,0x81,0x5b,0x58,0xf5,0xb6,0x65,0xd3,0xbc,0x11,
0x1b,0xbc,0x87,0x4a,0xdc,0x97,0xc6,0xaa,0x37,0xbd,0x46,0xf4,0x65,0x55,0xff,0xc8,
0x1b,0x7d,0x88,0x3e,0xa1,0xd2,0x85,0xe9,0xaa,0xaf,0xea,0x99,0xdc,0x53,0x32,0xe9,
0x6a,0x1e,0x0a,0xab,0x5e,0xf5,0x64,0xf8,0x52,0x63,0xf7,0xac,0x8f,0x80,0x27,0x6f,
0xea,0xbd,0xe6,0x76,0x8f,0xb9,0xdd,0x57,0x6e,0xf7,0x93,0xc7,0xef,0x23,0x8f,0xdf,
0x43,0x6e,0xf7,0x8b,0xdb,0xbd,0xe2,0x76,0x9f,0xb8,0xdd,0x1b,0x6e,0xf7,0x84,0xdb,
0xfd,0xe0,0x76,0x2f,0xb8,0xdd,0x07,0x6e,0xf7,0x80,0xdb,0xfd,0xdf,0x76,0xcf,0xb7,
0xbf,0xd7,0xdb,0xbc,0xb7,0x0e,0xdc,0xd7,0xdd,0xdd,0xdd,0xc3,0x6d,0xf7,0x6f,0x1b,
0xc7,0xb5,0xfb,0xb2,0xa7,0x55,0x73,0x3f,0xf6,0x6c,0x77,0x1f,0xb6,0xdd,0x7f,0xfd,
0x43,0xcc,0x61,0xf3,0xf7,0x54,0xff,0xd4,0xfd,0xd4,0x76,0x0f,0xb5,0xbf,0x7f,0x7a,
0x84,0xbb,0x47,0x7a,0x9a,0xbb,0x37,0xda,0x7b,0x69,0x76,0x2f,0xf4,0xda,0x18,0x6b,
0xed,0xe0,0xb8,0x6a,0xfc,0xbe,0x66,0xef,0x9c,0xd9,0x7d,0xcc,0x76,0xff,0xf2,0xb4,
0x6a,0xee,0x47,0x9e,0xed,0xee,0x43,0x4e,0xc0,0x44,0xed,0x5e,0xe3,0x8e,0x1b,0xb9,
0xc7,0xd8,0xee,0x2b,0xbe,0x92,0x7b,0x89,0xed,0xbe,0xe1,0x69,0xee,0x5e,0x61,0xbb,
0x4f,0xd8,0xdf,0x23,0x6c,0xf7,0x06,0xfb,0x7b,0x82,0x0b,0xdc,0x3d,0xc0,0x1d,0xab,
0xb9,0xf7,0xb7,0x9b,0xbb,0xdf,0xd7,0xee,0xf5,0x35,0xe6,0xe9,0xef,0xe5,0xad,0xee,
0x3e,0x5e,0xbb,0x87,0xd7,0xee,0xdf,0xb5,0x7b,0x77,0xed,0x9e,0x5d,0xbb,0x2f,0xd7,
0xee,0xc9,0xb5,0xfb,0x70,0xed,0xde,0xdb,0x8d,0xdd,0x77,0x7b,0x7e,0xec,0x3e,0xdb,
0x7c,0xf7,0xd8,0x36,0x86,0x4d,0x1e,0x0b,0x9b,0xb4,0xfb,0x65,0xed,0x5e,0x59,0xbb,
0x4f,0xd6,0xee,0x91,0x1d,0x0e,0x9b,0xb4,0x7b,0x61,0xef,0x80,0x51,0xda,0xbd,0xaa,
0xe6,0x52,0x99,0x47,0x65,0xf7,0x9b,0xda,0x7d,0xa6,0x13,0x61,0x81,0x76,0x0f,0x69,
0xfc,0xfe,0x51,0xeb,0x87,0xb3,0xfb,0x44,0x77,0x73,0xf7,0x83,0x06,0xae,0xb7,0x9d,
0xe3,0x75,0xc6,0xe9,0xfc,0x3d,0x9b,0xe5,0xee,0x1e,0x4d,0xf3,0x95,0xba,0xc4,0xee,
0xbb,0x1c,0x0e,0x87,0x1b,0x07,0x73,0x0b,0x6c,0x6d,0x2f,0x98,0x9a,0xbf,0x07,0x72,
0xa9,0xbb,0xef,0xf1,0x8b,0x18,0x3f,0xb3,0xfb,0x19,0xe7,0xc1,0x93,0xec,0x1e,0x40,
0xbb,0xd7,0xcf,0xee,0xe3,0x6b,0x04,0x27,0xb1,0xfb,0xf3,0x06,0xc0,0x22,0xec,0xfe,
0x39,0xbb,0x67,0xce,0xee,0x95,0xb3,0xfb,0xdd,0xec,0x5e,0x37,0xbb,0xcf,0x6d,0xcf,
0xd8,0xbd,0x6d,0x76,0x5f,0xdb,0x44,0x18,0x83,0xdd,0xcb,0x66,0xf7,0xaf,0xd9,0x7d,
0x6b,0x5d,0xe1,0x0b,0xde,0xbd,0xa8,0x70,0xf7,0xa0,0x35,0x84,0x19,0xd8,0xbd,0x65,
0xc6,0x0b,0x2e,0x73,0x1e,0x45,0xb9,0xbb,0x5f,0xcc,0xee,0x15,0xb3,0xfb,0xc4,0xec,
0x1e,0xb1,0x65,0xdc,0x0b,0x66,0x9c,0xe0,0x43,0x77,0xff,0x56,0x38,0xff,0xb7,0xfb,
0xb2,0xe2,0xf7,0x5a,0xd9,0x3d,0x50,0x76,0xef,0x93,0xdd,0xe3,0x94,0xef,0xde,0xa1,
0xf8,0xfd,0x42,0x76,0x7f,0x90,0xdd,0xff,0x63,0xf7,0xf9,0xd8,0xbd,0x3d,0x76,0x2f,
0x8f,0xdd,0xc7,0x63,0xf7,0xee,0xd8,0x7d,0x3b,0x09,0xb7,0xaf,0x7e,0x88,0xbb,0x3f,
0xc7,0xee,0xcd,0xb1,0x3d,0xf5,0xf2,0xd8,0x3d,0x38,0x76,0xef,0x4d,0x7d,0xce,0x5c,
0xed,0x3e,0x1b,0xbb,0xbf,0xc6,0x76,0xd2,0x27,0x70,0x2f,0xcd,0xcb,0xb1,0x73,0xd7,
0x26,0xb1,0x7b,0x63,0xec,0xbe,0x98,0x85,0x9c,0x9f,0x26,0x38,0x3b,0xb5,0xfb,0x5a,
0x3a,0xe6,0xb9,0x97,0xc5,0xee,0x63,0xc9,0x77,0x0f,0xcb,0xa4,0x4d,0xb8,0x57,0x65,
0x9e,0xbb,0x37,0xc5,0xee,0x4b,0x69,0xcd,0xb9,0xa8,0xdd,0x77,0x52,0xce,0xb9,0xe7,
0x63,0xee,0xfe,0x91,0x0a,0x77,0xbf,0x48,0x29,0xe7,0x9a,0x8f,0x70,0x66,0xb9,0x0b,
0xe7,0x91,0x4d,0x38,0x83,0xac,0xee,0xbe,0x8c,0x8e,0xee,0x5e,0x0c,0x3b,0x77,0x7c,
0xcd,0xdd,0x73,0xb1,0xc8,0xdd,0x63,0x61,0xf7,0x57,0xf8,0xfd,0x6b,0x7f,0x4f,0x45,
0x4f,0xce,0x16,0xaf,0xe3,0x4c,0xb1,0x2f,0xe7,0x86,0xcd,0xdd,0x7d,0x10,0x9d,0x62,
0xf7,0x3c,0x84,0x73,0xc1,0x8d,0xdd,0xd3,0x60,0xf7,0x33,0x54,0x77,0xff,0xc2,0x9f,
0xdc,0xbd,0x09,0x6b,0x62,0xf7,0x23,0xd8,0xbd,0x08,0xad,0xdc,0xfd,0x07,0x07,0xba,
0xfb,0x0d,0xec,0x7e,0x02,0xbb,0x97,0xa0,0x1e,0xe7,0x78,0x76,0x6f,0x80,0xdd,0x17,
0x60,0x7d,0xfe,0xf1,0x1e,0xff,0x78,0x5f,0xbf,0xf5,0xe1,0xff,0x54,0x0f,0xfe,0x2f,
0xda,0x7f,0xbf,0xb9,0x3d,0xf0,0x9b,0xd8,0xeb,0x6e,0x7d,0xee,0xd6,0xe3,0x6e,0x3d,
0xed,0xd6,0xcf,0x6e,0x3d,0xec,0xd6,0xbb,0x6e,0xbd,0xea,0xd6,0xa7,0x6e,0x3d,0xea,
0xd6,0x9f,0x6e,0x3d,0xe8,0xd6,0x7f,0x6e,0xbd,0xdc,0x61,0x97,0x32,0xc1,0x9c,0x79,
0x8b,0x9b,0x2d,0x9f,0x63,0xa6,0x0c,0xf3,0xe4,0xce,0x99,0xa8,0x8f,0x7a,0x0f,0x65,
0x1f,0xa5,0xbe,0xd2,0x40,0x69,0xa8,0x34,0x52,0x9a,0x2b,0x2d,0x5d,0x4f,0xf5,0xa1,
0xca,0x61,0xcc,0xa0,0xe7,0xb9,0x9e,0x86,0x0b,0x94,0x8b,0x95,0x6b,0x95,0x3b,0x94,
0x0a,0x65,0x86,0x32,0x53,0x99,0xa5,0xcc,0x56,0xe6,0x28,0x73,0x95,0x79,0xca,0x7c,
0xf6,0x17,0xdf,0x64,0x6e,0xfd,0x5f,0xd7,0xe7,0xb0,0x96,0x5e,0xeb,0xda,0x6e,0x67,
0x31,0x74,0x3a,0xd4,0x55,0x76,0x54,0xea,0x29,0xbb,0x2a,0x0d,0x94,0x86,0x4a,0x23,
0xa5,0xb1,0xd2,0x44,0x69,0xca,0x7e,0xa3,0xf5,0x3f,0xfc,0x46,0xe9,0xa5,0xfc,0x56,
0x39,0x5b,0x39,0x57,0x39,0x5f,0x19,0xa4,0x0c,0x56,0x2e,0x50,0x2e,0x56,0x2e,0x65,
0x2e,0x7e,0x85,0xb9,0x78,0xad,0x9b,0x89,0x77,0x62,0x16,0x6e,0x48,0x17,0x44,0x67,
0xe5,0x10,0xe5,0x50,0xe5,0x30,0xe5,0x70,0xe5,0x68,0xe5,0x18,0xe5,0x58,0xe6,0xe4,
0xd0,0x13,0xd1,0x4f,0x39,0x43,0x39,0x53,0x39,0x8b,0xde,0x88,0x11,0xca,0xd5,0x74,
0x68,0xdf,0xc4,0xae,0xa4,0xf5,0x48,0x3c,0xac,0x8c,0x57,0x1e,0x53,0x1e,0x57,0x26,
0x28,0x93,0x95,0xa7,0x99,0xb5,0xc3,0x9c,0x6d,0x33,0x76,0x67,0xf6,0x25,0x7b,0x32,
0x5f,0x5f,0xc9,0x4c,0x3d,0x83,0x19,0x7a,0x89,0x9b,0x99,0x3b,0x54,0xd3,0xe9,0x30,
0xd0,0xcd,0xc4,0x53,0x5d,0x3f,0x83,0xcd,0xbf,0xd6,0xc1,0xd0,0x81,0x1d,0xc2,0xce,
0x6e,0xc6,0xed,0xc7,0x5c,0x5b,0xc1,0x1c,0xeb,0xe7,0xd7,0x8e,0xb1,0x6e,0x83,0x7e,
0xcc,0xa9,0x61,0x3e,0x9d,0xce,0x6c,0x3a,0x8b,0x59,0x34,0xc1,0xec,0xd9,0x99,0x39,
0xb3,0x1f,0xb3,0xe5,0x2b,0xae,0x53,0xc0,0xe6,0xc6,0xae,0x6e,0x56,0x7c,0x89,0x19,
0xb1,0xb5,0x9b,0x0b,0xcf,0xc7,0xf1,0xbf,0xda,0xb9,0xfd,0x61,0xf6,0x6b,0x8a,0xc7,
0xbf,0x3f,0xfe,0xfe,0xf1,0xcc,0x7f,0xe7,0x33,0xe7,0x8d,0x64,0xd6,0xb3,0xf9,0x6e,
0x2b,0xe6,0xba,0x23,0x99,0xe7,0x26,0xe2,0xc1,0xbf,0x80,0xff,0x1e,0xe6,0xb9,0x1a,
0xdb,0x47,0xfb,0x5c,0x25,0xcc,0x73,0xbb,0x55,0xe3,0xb8,0xef,0x86,0xd7,0xde,0x02,
0x97,0xdd,0x66,0xba,0x63,0x9d,0x9b,0xde,0x0f,0x27,0x7d,0xb0,0x9b,0xeb,0x12,0xcc,
0x73,0x6d,0xb8,0xeb,0xfc,0x40,0xe6,0xba,0x61,0x38,0xe7,0x0f,0xe1,0x9a,0x7f,0x8c,
0x63,0xbe,0x1c,0xb7,0xbc,0x09,0x3e,0xf9,0x3c,0xe6,0xba,0x25,0x6e,0xa6,0xfb,0x86,
0x59,0xae,0xc4,0xed,0x27,0x35,0xc2,0xc3,0xee,0x8f,0x4b,0xbd,0xa2,0x49,0xd5,0x4c,
0xd7,0x88,0x59,0xce,0xee,0x10,0xbe,0x9b,0xd9,0x2d,0xe5,0xe6,0xb5,0xbd,0xdd,0xdd,
0xba,0x83,0x70,0x64,0x17,0xb9,0xb9,0xac,0x2b,0xf3,0xd8,0x04,0x1c,0xd8,0xa9,0x6e,
0x16,0xdb,0x17,0xc7,0xd5,0x66,0xb1,0xcb,0xdd,0xfc,0xf5,0x57,0xe6,0xae,0x19,0x38,
0xab,0x61,0xce,0xfa,0x88,0x3d,0x0b,0x9b,0xb1,0x12,0xcc,0x56,0x61,0x67,0x21,0x78,
0x97,0x36,0x5b,0x5d,0x58,0xb0,0xa1,0x77,0x68,0xae,0x61,0xf0,0x0b,0x9f,0x77,0xdd,
0x84,0xb3,0x95,0x39,0xca,0x02,0xe5,0x2d,0xe5,0x6d,0xe5,0x7d,0xe5,0x03,0x65,0xb1,
0xbb,0xb3,0x31,0xf8,0x88,0x2b,0x8a,0xa3,0xbe,0xc2,0x2b,0x95,0xe1,0xca,0x08,0xe5,
0x6a,0x65,0x94,0x72,0x9d,0x72,0x83,0x72,0xa3,0x72,0x93,0x32,0x1a,0x1e,0x1f,0x5c,
0xc5,0x71,0x25,0x91,0x9f,0x98,0x54,0xf6,0x70,0xf7,0x37,0x9e,0xc5,0xdc,0x16,0x1c,
0xc4,0x99,0x74,0x12,0xbe,0xea,0x1c,0xc4,0xe0,0x1f,0xb6,0x54,0x5a,0x39,0x0f,0xf1,
0x68,0x5c,0xc4,0x21,0xca,0x85,0xcc,0x75,0xc1,0x47,0x7c,0x42,0x99,0xa8,0x4c,0x52,
0x26,0x2b,0x53,0x94,0x67,0x94,0x69,0xca,0x0c,0xe5,0x59,0xfa,0x0b,0x5f,0x56,0x5e,
0x81,0xd1,0x27,0x99,0x03,0x6d,0xfe,0xbb,0x02,0x3f,0x71,0xb2,0x9b,0xf9,0xea,0xe3,
0x20,0xda,0x8c,0xf7,0x14,0xb3,0x5d,0x98,0xe9,0x9a,0xc3,0xcd,0xdb,0xb8,0x99,0x6e,
0x21,0xbe,0x60,0x82,0x59,0xae,0xcc,0x39,0x7f,0x53,0xe0,0xd5,0xf3,0xdc,0xec,0xb5,
0x1f,0xde,0x9e,0xcd,0x5e,0x13,0xe0,0xcf,0xd3,0xf1,0xf2,0x9e,0xc0,0xc3,0x9b,0xce,
0xec,0xd5,0x12,0xae,0xdc,0x89,0xd9,0x6b,0x1c,0x6e,0x9d,0xcd,0x60,0xbb,0xe2,0xcf,
0x05,0x77,0xae,0xb9,0xf9,0x72,0xcc,0x5e,0x07,0x39,0xef,0x6d,0x11,0x33,0x56,0x4b,
0x66,0x2b,0x9b,0xa9,0x7a,0x31,0x53,0xfd,0x37,0x33,0x55,0x3f,0x98,0x6c,0x69,0x6c,
0xa6,0x7a,0x18,0x1f,0xed,0xc9,0x9d,0x7f,0xec,0x9f,0x75,0x65,0x6e,0xba,0xd5,0xcd,
0x4c,0x6b,0x98,0x95,0xda,0xc0,0x46,0x6d,0x36,0x2a,0x65,0x26,0xaa,0x87,0xf7,0xb5,
0x92,0x59,0xa8,0x3b,0xb3,0xcf,0xdf,0x99,0x75,0xc6,0x4c,0xad,0x72,0xa4,0xea,0xe3,
0x44,0x0d,0x66,0x9e,0x79,0x98,0x39,0xa6,0x37,0x73,0x4a,0x7b,0x37,0x9b,0xac,0xf7,
0x83,0xaa,0xf1,0x81,0x6c,0xee,0xb0,0x79,0xe3,0x33,0xe6,0x8c,0x0f,0xdd,0x6c,0x61,
0x33,0x85,0x79,0x3a,0xde,0x15,0x09,0x33,0x45,0x38,0xbb,0x0a,0xe7,0x56,0x76,0x66,
0xf5,0x2c,0xe7,0x54,0xe1,0x8c,0x6a,0x47,0x37,0x53,0xec,0x5d,0xcd,0x4c,0xd1,0x4c,
0x69,0xe1,0xee,0xbf,0xe8,0xca,0x4c,0x61,0x9e,0x83,0xb9,0x0d,0x83,0x95,0x8b,0x94,
0x6b,0x94,0xdb,0x95,0xe9,0xcc,0x14,0xcf,0x2a,0xaf,0x56,0x33,0x53,0xbc,0xe6,0xee,
0xcc,0x78,0x8f,0x73,0xb0,0xa5,0xce,0x81,0xf8,0xae,0x9a,0x99,0x62,0x1b,0x65,0x07,
0x65,0x17,0x66,0x8a,0xfa,0x79,0x66,0x8a,0x66,0xce,0x99,0x08,0x33,0xc5,0xf1,0x4a,
0x6f,0xa5,0xbf,0x72,0x8e,0x32,0xd0,0xcd,0x14,0x43,0x94,0x8b,0x94,0x4b,0x94,0x2b,
0x38,0x67,0x33,0xb7,0xc2,0x66,0x8a,0x1d,0x38,0x5f,0xab,0xcf,0xb9,0x5a,0x98,0x29,
0x0e,0x56,0xba,0xba,0x99,0xe2,0x28,0x37,0x53,0x98,0x5f,0x11,0x66,0x8a,0xd3,0xdc,
0x4c,0x11,0x5c,0x8b,0xe1,0xca,0x48,0x66,0x8a,0x1b,0xdd,0x4c,0x11,0xce,0xe7,0xc6,
0x2a,0x8f,0x32,0x53,0x94,0x2b,0x4f,0x28,0x93,0x98,0x29,0x5e,0xe2,0xec,0x2e,0xe5,
0xce,0xed,0x0e,0x65,0xa6,0x38,0xce,0x9d,0xd7,0x4d,0xe5,0x8c,0x6e,0xb6,0x3b,0x8b,
0x4b,0x31,0x53,0xc4,0x3d,0x08,0x3b,0x6b,0x1b,0xce,0x4c,0x61,0x4e,0xc3,0x6c,0xce,
0xd3,0x2a,0x63,0x33,0x45,0x17,0xe7,0x22,0x9c,0xf2,0x13,0x33,0x45,0x59,0xcc,0x07,
0x38,0xa5,0x9a,0x99,0x62,0x36,0x67,0x5b,0x49,0xce,0xb2,0xba,0x30,0x53,0x9c,0xe2,
0x66,0x8a,0xd7,0xdd,0x4c,0xd1,0xce,0x9d,0x41,0x4d,0xe5,0xdc,0x69,0x87,0xd8,0x4c,
0x31,0x94,0xf3,0xa5,0x6b,0xdc,0x3e,0x7c,0x98,0x29,0x4a,0xd9,0x7d,0x6f,0xc7,0xb9,
0x52,0x2f,0xce,0x93,0xec,0xec,0xe8,0x6a,0x37,0x53,0x84,0xf3,0xa2,0x6d,0xd8,0x29,
0x3f,0x8a,0xf3,0xa1,0x27,0xd9,0x1d,0x7f,0xc1,0x9d,0x13,0xd9,0x4c,0x61,0xe7,0x44,
0x17,0x57,0xb3,0x17,0xbe,0x07,0xbb,0xe0,0x2d,0x38,0x27,0xda,0xde,0xcd,0x14,0x27,
0xb9,0x99,0xe2,0x1c,0x77,0x5e,0x64,0x7b,0xdb,0xad,0xe8,0xb2,0xb1,0x99,0x62,0x30,
0xbb,0xda,0xf7,0xb3,0xa3,0x6d,0xe7,0x44,0x9f,0x30,0x53,0x84,0x7d,0xec,0x96,0x9c,
0x17,0xcd,0x67,0xdf,0x7a,0xa9,0x9b,0x29,0xc2,0xf9,0x50,0xa5,0x9b,0x29,0x6a,0xb3,
0xd3,0x7c,0x2a,0xbb,0xca,0xe1,0xbc,0xc8,0xce,0x8a,0xc2,0x19,0x51,0x53,0xce,0x86,
0x06,0x71,0x26,0x74,0x8f,0x3b,0x0b,0xb2,0x99,0x62,0x1f,0x66,0x8a,0xf3,0x99,0x29,
0x9e,0x77,0xe7,0x3d,0x4d,0xd9,0x23,0x1d,0xce,0x4c,0x31,0x99,0x9d,0xd1,0x30,0x53,
0x34,0x63,0x37,0xb4,0x4d,0x35,0x33,0xc5,0x44,0xce,0x72,0xec,0x1c,0x67,0x79,0x9e,
0x99,0xa2,0x36,0x67,0x35,0x61,0xa6,0x58,0xe7,0x66,0x8a,0x70,0x4e,0xe3,0x77,0xf5,
0xec,0x5c,0xe6,0x39,0x37,0x53,0xbc,0xc2,0x4c,0x31,0x5f,0x79,0x93,0x99,0xe2,0x3d,
0x66,0x8a,0x45,0x6e,0xa6,0x08,0x67,0x38,0x9f,0x57,0x33,0x53,0x8c,0x54,0xae,0x65,
0xa6,0xb8,0xde,0xcd,0x14,0x37,0xbb,0x99,0xe2,0x51,0x65,0x3c,0x33,0xc5,0xee,0x6e,
0xa6,0xa8,0xcf,0x59,0xd0,0xa3,0xae,0xef,0xf8,0x45,0xce,0x83,0x6c,0x6f,0xaf,0x05,
0x33,0x45,0x17,0xce,0x85,0x8e,0x62,0xa6,0x18,0xac,0x5c,0xe0,0xf6,0xf8,0xc2,0x4c,
0x31,0x41,0x79,0x8a,0x99,0xe2,0x69,0x65,0x2a,0x33,0xc5,0x74,0x66,0x8a,0x99,0x79,
0x66,0x0a,0x3b,0x57,0x1a,0xc2,0x5e,0xdf,0x53,0xee,0x2c,0x29,0xc5,0xee,0x5e,0x2b,
0x66,0x8a,0x2b,0xd9,0xd3,0x9b,0xc5,0x4c,0xb1,0x2f,0x33,0x45,0xdb,0xd8,0x4c,0xf1,
0x29,0xfb,0x75,0x1d,0x98,0x29,0x6c,0x4f,0xae,0x22,0x36,0x53,0x84,0xb3,0x9c,0x4e,
0xec,0xba,0xd9,0x4c,0x31,0x89,0x99,0xa2,0x82,0x33,0x9d,0x27,0xd9,0x5d,0xab,0xe0,
0x2c,0xa7,0x1d,0x33,0x45,0x99,0x9b,0x29,0x9e,0x8c,0xcd,0x14,0x7b,0x73,0xbe,0xd3,
0x96,0xf3,0x9d,0x0e,0x6e,0xa6,0xb0,0x5d,0xb1,0x30,0x53,0x14,0xb3,0x13,0x66,0x67,
0x35,0xc7,0x72,0x4e,0x73,0x9b,0x3b,0xa7,0x39,0x95,0x99,0xc2,0x76,0xba,0x3a,0x71,
0x46,0x53,0xce,0x0e,0x57,0x38,0xa7,0x89,0xef,0x6c,0x75,0xe5,0x1c,0xc6,0xcf,0x14,
0x5f,0xb0,0x7b,0xd5,0x2e,0x36,0x53,0x94,0x71,0xc6,0xd2,0x90,0x33,0x96,0x70,0xbe,
0x62,0x67,0x2b,0x76,0x96,0x72,0x37,0x7b,0x47,0xb6,0x57,0xd4,0x80,0xf3,0x92,0xe1,
0x9c,0x8f,0x84,0xb3,0x91,0x2e,0x9c,0x85,0xb4,0x71,0x67,0x1e,0x57,0xb9,0x9d,0x9a,
0xea,0x76,0x68,0xc2,0x4c,0x61,0xe7,0x18,0xe1,0xfc,0x22,0x9c,0x5d,0xac,0x70,0x33,
0x85,0x9d,0x55,0xd8,0x6e,0xcb,0x11,0xcc,0x14,0xb6,0x5f,0x51,0xb8,0xfe,0x21,0x05,
0xf3,0x4d,0x25,0x95,0xc2,0x54,0x61,0x3a,0x9d,0x72,0x8f,0xe9,0xf0,0x2c,0xe9,0x94,
0x9e,0x5c,0xe8,0x9f,0x5c,0xe8,0x9f,0x49,0x7f,0x28,0x59,0x18,0x3d,0x9f,0xfd,0x76,
0x2a,0xf7,0x67,0x93,0xa9,0xdc,0xef,0xf2,0x37,0x16,0xfe,0xf3,0x1f,0x52,0x7a,0x3d,
0x52,0xb9,0xc7,0x4d,0x7a,0x48,0x56,0xf7,0x57,0x14,0x6c,0xea,0xcb,0x4a,0xa7,0xd3,
0x05,0xe9,0x54,0x41,0xf4,0x5e,0x4a,0x6d,0xf8,0x5e,0xcb,0x3d,0x99,0xf7,0x5c,0x41,
0x61,0xf4,0x5e,0xc8,0xfd,0xc8,0x73,0xe4,0x7e,0x28,0x28,0xfc,0xf5,0x3c,0xe4,0xde,
0x63,0xff,0x07,
};
}  // namespace ada::idna::table_blob
#endif
/* end file src/table_blob.inc */

#include <atomic>
#include <bit>
#include <cstdint>
#include <cstddef>
#include <new>

namespace ada::idna {

// table_blob.inc is packed little-endian (see scripts/pack_tables.py). After
// inflate the multi-byte sections must be converted to host endianness so
// big-endian platforms (s390x) can load uint16_t/uint32_t/uint64_t natively.
// CRC is checked on the raw little-endian payload before any conversion.
namespace detail {

template <typename T>
inline void bswap_inplace(T* data, size_t count) noexcept {
  if constexpr (std::endian::native == std::endian::little) {
    (void)data;
    (void)count;
    return;
  }
  for (size_t i = 0; i < count; ++i) {
    if constexpr (sizeof(T) == 2) {
#if defined(__GNUC__) || defined(__clang__)
      data[i] =
          static_cast<T>(__builtin_bswap16(static_cast<uint16_t>(data[i])));
#else
      const auto v = static_cast<uint16_t>(data[i]);
      data[i] = static_cast<T>(static_cast<uint16_t>((v >> 8) | (v << 8)));
#endif
    } else if constexpr (sizeof(T) == 4) {
#if defined(__GNUC__) || defined(__clang__)
      data[i] =
          static_cast<T>(__builtin_bswap32(static_cast<uint32_t>(data[i])));
#else
      auto v = static_cast<uint32_t>(data[i]);
      v = ((v & 0x000000FFu) << 24) | ((v & 0x0000FF00u) << 8) |
          ((v & 0x00FF0000u) >> 8) | ((v & 0xFF000000u) >> 24);
      data[i] = static_cast<T>(v);
#endif
    } else if constexpr (sizeof(T) == 8) {
#if defined(__GNUC__) || defined(__clang__)
      data[i] =
          static_cast<T>(__builtin_bswap64(static_cast<uint64_t>(data[i])));
#else
      auto v = static_cast<uint64_t>(data[i]);
      v = ((v & 0x00000000000000FFull) << 56) |
          ((v & 0x000000000000FF00ull) << 40) |
          ((v & 0x0000000000FF0000ull) << 24) |
          ((v & 0x00000000FF000000ull) << 8) |
          ((v & 0x000000FF00000000ull) >> 8) |
          ((v & 0x0000FF0000000000ull) >> 24) |
          ((v & 0x00FF000000000000ull) >> 40) |
          ((v & 0xFF00000000000000ull) >> 56);
      data[i] = static_cast<T>(v);
#endif
    } else {
      static_assert(sizeof(T) == 2 || sizeof(T) == 4 || sizeof(T) == 8);
    }
  }
}

// Convert every multi-byte section of the inflated little-endian blob to host
// order. Single-byte sections are left unchanged. Safe no-op on little-endian.
inline void convert_table_blob_to_host_endian(uint8_t* buffer) noexcept {
  if constexpr (std::endian::native == std::endian::little) {
    (void)buffer;
    return;
  }
  auto u16 = [&](size_t off, size_t count) {
    bswap_inplace(reinterpret_cast<uint16_t*>(buffer + off), count);
  };
  auto u32 = [&](size_t off, size_t count) {
    bswap_inplace(reinterpret_cast<uint32_t*>(buffer + off), count);
  };
  auto u64 = [&](size_t off, size_t count) {
    bswap_inplace(reinterpret_cast<uint64_t*>(buffer + off), count);
  };

  u16(table_blob::off_idna_stage1, table_blob::count_idna_stage1);
  u16(table_blob::off_idna_stage2, table_blob::count_idna_stage2);
  u64(table_blob::off_idna_bool_blocks, table_blob::count_idna_bool_blocks);
  u16(table_blob::off_decomposition_block,
      table_blob::count_decomposition_block);
  u32(table_blob::off_decomposition_data, table_blob::count_decomposition_data);
  u16(table_blob::off_composition_block, table_blob::count_composition_block);
  u32(table_blob::off_composition_data, table_blob::count_composition_data);
  u32(table_blob::off_id_continue_flat, table_blob::count_id_continue_flat);
  u32(table_blob::off_id_start_flat, table_blob::count_id_start_flat);
  u32(table_blob::off_dir_start, table_blob::count_dir_start);
  u32(table_blob::off_dir_final, table_blob::count_dir_final);
  u32(table_blob::off_combining_flat, table_blob::count_combining_flat);
  u32(table_blob::off_joining_start, table_blob::count_joining_start);
  u32(table_blob::off_joining_final, table_blob::count_joining_final);
}

}  // namespace detail

// --- Blob layout invariants --------------------------------------------------
static_assert(table_blob::count_decomposition_index == 4352);
static_assert(table_blob::count_ccc_index == 4352);
static_assert(table_blob::count_composition_index == 4352);
static_assert(table_blob::count_decomposition_block ==
              table_blob::decomposition_block_rows *
                  table_blob::decomposition_block_cols);
static_assert(table_blob::count_ccc_block ==
              table_blob::ccc_block_rows * table_blob::ccc_block_cols);
static_assert(table_blob::count_composition_block ==
              table_blob::composition_block_rows *
                  table_blob::composition_block_cols);
static_assert(table_blob::count_dir_start == table_blob::dir_table_count &&
              table_blob::count_dir_final == table_blob::dir_table_count &&
              table_blob::count_dir_value == table_blob::dir_table_count);
static_assert(
    table_blob::count_joining_start == table_blob::joining_table_count &&
    table_blob::count_joining_final == table_blob::joining_table_count &&
    table_blob::count_joining_value == table_blob::joining_table_count);
static_assert(table_blob::count_id_continue_flat ==
              table_blob::id_continue_count * 2);
static_assert(table_blob::count_id_start_flat ==
              table_blob::id_start_count * 2);
static_assert(table_blob::count_combining_flat ==
              table_blob::combining_range_count * 2);
static_assert(table_blob::off_idna_stage1 % alignof(uint16_t) == 0);
static_assert(table_blob::off_idna_stage2 % alignof(uint16_t) == 0);
static_assert(table_blob::off_idna_bool_blocks % alignof(uint64_t) == 0);
static_assert(table_blob::off_decomposition_block % alignof(uint16_t) == 0);
static_assert(table_blob::off_decomposition_data % alignof(char32_t) == 0);
static_assert(table_blob::off_composition_block % alignof(uint16_t) == 0);
static_assert(table_blob::off_composition_data % alignof(char32_t) == 0);
static_assert(table_blob::off_id_continue_flat % alignof(uint32_t) == 0);
static_assert(table_blob::off_id_start_flat % alignof(uint32_t) == 0);
static_assert(table_blob::off_dir_start % alignof(uint32_t) == 0);
static_assert(table_blob::off_dir_final % alignof(uint32_t) == 0);
static_assert(table_blob::off_combining_flat % alignof(uint32_t) == 0);
static_assert(table_blob::off_joining_start % alignof(uint32_t) == 0);
static_assert(table_blob::off_joining_final % alignof(uint32_t) == 0);
static_assert(table_blob::compressed_size == sizeof(table_blob::compressed));

// Every section must lie entirely inside the uncompressed buffer.
#define ADA_IDNA_SECTION_IN_BOUNDS(off, count, width)                       \
  static_assert((off) + (count) * (width) <= table_blob::uncompressed_size, \
                #off " overflows uncompressed buffer")
ADA_IDNA_SECTION_IN_BOUNDS(table_blob::off_idna_stage1,
                           table_blob::count_idna_stage1, 2);
ADA_IDNA_SECTION_IN_BOUNDS(table_blob::off_idna_stage2,
                           table_blob::count_idna_stage2, 2);
ADA_IDNA_SECTION_IN_BOUNDS(table_blob::off_idna_bool_blocks,
                           table_blob::count_idna_bool_blocks, 8);
ADA_IDNA_SECTION_IN_BOUNDS(table_blob::off_idna_utf8_mappings,
                           table_blob::count_idna_utf8_mappings, 1);
ADA_IDNA_SECTION_IN_BOUNDS(table_blob::off_decomposition_index,
                           table_blob::count_decomposition_index, 1);
ADA_IDNA_SECTION_IN_BOUNDS(table_blob::off_decomposition_block,
                           table_blob::count_decomposition_block, 2);
ADA_IDNA_SECTION_IN_BOUNDS(table_blob::off_decomposition_data,
                           table_blob::count_decomposition_data, 4);
ADA_IDNA_SECTION_IN_BOUNDS(table_blob::off_ccc_index,
                           table_blob::count_ccc_index, 1);
ADA_IDNA_SECTION_IN_BOUNDS(table_blob::off_ccc_block,
                           table_blob::count_ccc_block, 1);
ADA_IDNA_SECTION_IN_BOUNDS(table_blob::off_composition_index,
                           table_blob::count_composition_index, 1);
ADA_IDNA_SECTION_IN_BOUNDS(table_blob::off_composition_block,
                           table_blob::count_composition_block, 2);
ADA_IDNA_SECTION_IN_BOUNDS(table_blob::off_composition_data,
                           table_blob::count_composition_data, 4);
ADA_IDNA_SECTION_IN_BOUNDS(table_blob::off_id_continue_flat,
                           table_blob::count_id_continue_flat, 4);
ADA_IDNA_SECTION_IN_BOUNDS(table_blob::off_id_start_flat,
                           table_blob::count_id_start_flat, 4);
ADA_IDNA_SECTION_IN_BOUNDS(table_blob::off_dir_start,
                           table_blob::count_dir_start, 4);
ADA_IDNA_SECTION_IN_BOUNDS(table_blob::off_dir_final,
                           table_blob::count_dir_final, 4);
ADA_IDNA_SECTION_IN_BOUNDS(table_blob::off_dir_value,
                           table_blob::count_dir_value, 1);
ADA_IDNA_SECTION_IN_BOUNDS(table_blob::off_combining_flat,
                           table_blob::count_combining_flat, 4);
ADA_IDNA_SECTION_IN_BOUNDS(table_blob::off_joining_start,
                           table_blob::count_joining_start, 4);
ADA_IDNA_SECTION_IN_BOUNDS(table_blob::off_joining_final,
                           table_blob::count_joining_final, 4);
ADA_IDNA_SECTION_IN_BOUNDS(table_blob::off_joining_value,
                           table_blob::count_joining_value, 1);
#undef ADA_IDNA_SECTION_IN_BOUNDS

// --- Mapping -----------------------------------------------------------------
inline const uint16_t* idna_stage1 = nullptr;
inline const uint16_t* idna_stage2 = nullptr;
inline const uint64_t* idna_bool_blocks = nullptr;
inline const uint8_t* idna_utf8_mappings = nullptr;

// --- Normalization (O(1) multi-stage) ----------------------------------------
inline const uint8_t* decomposition_index = nullptr;
inline const uint16_t* decomposition_block_flat = nullptr;
inline const char32_t* decomposition_data = nullptr;
inline const uint8_t* ccc_index = nullptr;
inline const uint8_t* ccc_block_flat = nullptr;
inline const uint8_t* composition_index = nullptr;
inline const uint16_t* composition_block_flat = nullptr;
inline const char32_t* composition_data = nullptr;

// --- Identifier --------------------------------------------------------------
// Pointer-to-array alias. CF17 vs CF22 disagree on spacing inside (*)[2].
// clang-format off
using range_pair_ptr = const uint32_t(*)[2];
// clang-format on
inline range_pair_ptr id_continue = nullptr;
inline range_pair_ptr id_start = nullptr;

// --- Validity (const SoA) ----------------------------------------------------
inline const uint32_t* dir_start = nullptr;
inline const uint32_t* dir_final = nullptr;
inline const uint8_t* dir_value = nullptr;
inline range_pair_ptr combining_ranges = nullptr;
inline const uint32_t* joining_start = nullptr;
inline const uint32_t* joining_final = nullptr;
inline const uint8_t* joining_value = nullptr;

inline constexpr size_t id_continue_count = table_blob::id_continue_count;
inline constexpr size_t id_start_count = table_blob::id_start_count;
inline constexpr size_t dir_table_count = table_blob::dir_table_count;
inline constexpr size_t joining_table_count = table_blob::joining_table_count;
inline constexpr size_t combining_range_count =
    table_blob::combining_range_count;
inline constexpr size_t idna_utf8_mappings_size =
    table_blob::count_idna_utf8_mappings;
inline constexpr size_t decomposition_data_size =
    table_blob::count_decomposition_data;
inline constexpr size_t composition_data_size =
    table_blob::count_composition_data;

inline constexpr size_t kDecompBlockCols =
    table_blob::decomposition_block_cols;                            // 257
inline constexpr size_t kCccBlockCols = table_blob::ccc_block_cols;  // 256
inline constexpr size_t kCompBlockCols =
    table_blob::composition_block_cols;  // 257
inline constexpr size_t kDecompBlockRows = table_blob::decomposition_block_rows;
inline constexpr size_t kCccBlockRows = table_blob::ccc_block_rows;
inline constexpr size_t kCompBlockRows = table_blob::composition_block_rows;

// Init state: 0=uninit, 1=in progress, 2=ready, 3=failed.
inline constexpr uint8_t kTablesUninit = 0;
inline constexpr uint8_t kTablesInProgress = 1;
inline constexpr uint8_t kTablesReady = 2;
inline constexpr uint8_t kTablesFailed = 3;

inline std::atomic<uint8_t> tables_init_state{kTablesUninit};
// Process-lifetime allocation published only by the winning init thread.
// Never freed: shared read-only data for the process. Do not dlclose a DSO
// that owns this buffer while other code may still call into ada::idna.
inline uint8_t* tables_buffer = nullptr;

// Cap spin-wait so a stuck peer cannot hang the process forever.
inline constexpr uint64_t kTablesSpinLimit = 1'000'000'000ull;

// ISO HDLC / zlib CRC-32 of the uncompressed table payload.
[[nodiscard]] inline uint32_t crc32_ieee(const uint8_t* data,
                                         size_t len) noexcept {
  uint32_t c = 0xFFFFFFFFu;
  for (size_t i = 0; i < len; ++i) {
    c ^= data[i];
    for (int k = 0; k < 8; ++k) {
      const uint32_t mask = 0u - (c & 1u);
      c = (c >> 1) ^ (0xEDB88320u & mask);
    }
  }
  return ~c;
}

[[nodiscard]] inline bool tables_are_ready() noexcept {
  return tables_init_state.load(std::memory_order_acquire) == kTablesReady;
}

// Returns true only when all table pointers are safe to use.
[[nodiscard]] inline bool ensure_tables() noexcept {
  uint8_t state = tables_init_state.load(std::memory_order_acquire);
  if (state == kTablesReady) {
    return true;
  }
  if (state == kTablesFailed) {
    return false;
  }

  uint8_t expected = kTablesUninit;
  if (tables_init_state.compare_exchange_strong(expected, kTablesInProgress,
                                                std::memory_order_acq_rel,
                                                std::memory_order_acquire)) {
    uint8_t* buffer = new (std::nothrow) uint8_t[table_blob::uncompressed_size];
    if (buffer == nullptr) {
      tables_init_state.store(kTablesFailed, std::memory_order_release);
      return false;
    }

    const size_t n = deflate::inflate_raw(table_blob::compressed,
                                          table_blob::compressed_size, buffer,
                                          table_blob::uncompressed_size);
    if (n != table_blob::uncompressed_size ||
        crc32_ieee(buffer, n) != table_blob::uncompressed_crc32) {
      delete[] buffer;
      tables_init_state.store(kTablesFailed, std::memory_order_release);
      return false;
    }

    // LE payload verified; convert multi-byte fields for big-endian hosts.
    detail::convert_table_blob_to_host_endian(buffer);

    auto at = [&](size_t off) noexcept -> const uint8_t* {
      return buffer + off;
    };

    // Publish all non-atomic pointers before READY. Waiters synchronize via
    // acquire on tables_init_state and then observe these writes.
    idna_stage1 =
        reinterpret_cast<const uint16_t*>(at(table_blob::off_idna_stage1));
    idna_stage2 =
        reinterpret_cast<const uint16_t*>(at(table_blob::off_idna_stage2));
    idna_bool_blocks =
        reinterpret_cast<const uint64_t*>(at(table_blob::off_idna_bool_blocks));
    idna_utf8_mappings = at(table_blob::off_idna_utf8_mappings);

    decomposition_index = at(table_blob::off_decomposition_index);
    decomposition_block_flat = reinterpret_cast<const uint16_t*>(
        at(table_blob::off_decomposition_block));
    decomposition_data = reinterpret_cast<const char32_t*>(
        at(table_blob::off_decomposition_data));
    ccc_index = at(table_blob::off_ccc_index);
    ccc_block_flat = at(table_blob::off_ccc_block);
    composition_index = at(table_blob::off_composition_index);
    composition_block_flat = reinterpret_cast<const uint16_t*>(
        at(table_blob::off_composition_block));
    composition_data =
        reinterpret_cast<const char32_t*>(at(table_blob::off_composition_data));

    id_continue =
        reinterpret_cast<range_pair_ptr>(at(table_blob::off_id_continue_flat));
    id_start =
        reinterpret_cast<range_pair_ptr>(at(table_blob::off_id_start_flat));

    dir_start =
        reinterpret_cast<const uint32_t*>(at(table_blob::off_dir_start));
    dir_final =
        reinterpret_cast<const uint32_t*>(at(table_blob::off_dir_final));
    dir_value = at(table_blob::off_dir_value);
    combining_ranges =
        reinterpret_cast<range_pair_ptr>(at(table_blob::off_combining_flat));
    joining_start =
        reinterpret_cast<const uint32_t*>(at(table_blob::off_joining_start));
    joining_final =
        reinterpret_cast<const uint32_t*>(at(table_blob::off_joining_final));
    joining_value = at(table_blob::off_joining_value);

    tables_buffer = buffer;
    tables_init_state.store(kTablesReady, std::memory_order_release);
    return true;
  }

  // Another thread owns init (or finished between our loads).
  for (uint64_t spins = 0; spins < kTablesSpinLimit; ++spins) {
    state = tables_init_state.load(std::memory_order_acquire);
    if (state == kTablesReady) {
      return true;
    }
    if (state == kTablesFailed) {
      return false;
    }
#if defined(__x86_64__) || defined(_M_X64) || defined(__i386__) || \
    defined(_M_IX86)
#if defined(__GNUC__) || defined(__clang__)
    __builtin_ia32_pause();
#endif
#elif defined(__aarch64__) || defined(_M_ARM64)
#if defined(__GNUC__) || defined(__clang__)
    asm volatile("yield" ::: "memory");
#endif
#endif
  }
  // Timed out waiting for a peer - treat as failure rather than hang.
  return false;
}

// O(1) multi-stage accessors. Block indices from the tables are uint8_t and
// theoretically can be out of range if the blob is corrupt; clamp to a valid
// empty/default row (index 0) instead of reading OOB.
inline const uint16_t* decomposition_block_row(uint8_t bi) noexcept {
  if (bi >= kDecompBlockRows) {
    bi = 0;
  }
  return decomposition_block_flat + static_cast<size_t>(bi) * kDecompBlockCols;
}

inline const uint8_t* ccc_block_row(uint8_t bi) noexcept {
  if (bi >= kCccBlockRows) {
    bi = 0;
  }
  return ccc_block_flat + static_cast<size_t>(bi) * kCccBlockCols;
}

inline const uint16_t* composition_block_row(uint8_t bi) noexcept {
  if (bi >= kCompBlockRows) {
    bi = 0;
  }
  return composition_block_flat + static_cast<size_t>(bi) * kCompBlockCols;
}

}  // namespace ada::idna
/* end file src/table_store.hpp */
/* begin file src/mapping_tables.cpp */
// IDNA 18.0.0
// Two-level compressed mapping table (constants only).
// Array payloads are stored in the DEFLATE blob (see table_store.hpp /
// scripts/pack_tables.py).
// Regenerate with: python3 scripts/idna_table.py --write
// Logical table size: 51037 bytes (49.8 KB)
//   stage1:        8162 bytes  (4081 uint16_t entries)
//   stage2:       23424 bytes  (183 mixed blocks x 64)
//   bool_blocks:   1800 bytes  (225 uint64_t words)
//   utf8 maps:    17651 bytes

// clang-format off
#ifndef ADA_IDNA_MAPPING_TABLE_H
#define ADA_IDNA_MAPPING_TABLE_H
#include <cstdint>

namespace ada::idna {

// Block size for two-level table (2^6 = 64 code points per block).
constexpr uint32_t IDNA_BLOCK_BITS = 6u;
constexpr uint32_t IDNA_BLOCK_SIZE = 64u;
constexpr uint32_t IDNA_BLOCK_MASK = 63u;

// Sentinel values stored in stage2 / returned by lookup.
constexpr uint16_t IDNA_VALID      = 0xFFFF;  // code point is valid as-is
constexpr uint16_t IDNA_DISALLOWED = 0xFFFE;  // code point is disallowed
constexpr uint16_t IDNA_IGNORED    = 0x0000;    // ignored (index into empty UTF-8 entry)

// Bit 15 of a stage1 entry: set = boolean block, clear = mixed block.
constexpr uint16_t IDNA_BOOL_FLAG  = 0x8000;

// Two-level table covers code points [0, IDNA_LOW_RANGE_END).
// Derived from the highest non-disallowed code point below the high-ignored range,
// rounded up to the next 64-code-point block boundary.
constexpr uint32_t IDNA_LOW_RANGE_END    = 0x0003FC40;

// Variation selectors supplement: U+E0100..U+E01EF are all ignored.
// These are handled with a simple range check; everything else above
// IDNA_LOW_RANGE_END is disallowed.
constexpr uint32_t IDNA_HIGH_IGNORED_START = 0x000E0100;
constexpr uint32_t IDNA_HIGH_IGNORED_END   = 0x000E01F0;  // exclusive

// Large arrays (idna_stage1/stage2/bool_blocks/utf8_mappings) live in table_blob.

}  // namespace ada::idna
#endif  // ADA_IDNA_MAPPING_TABLE_H
/* end file src/mapping_tables.cpp */

namespace ada::idna {

// --- O(1) two-level table lookup ---------------------------------------------
//
// Returns one of:
//   IDNA_VALID      - keep code point in output unchanged
//   IDNA_DISALLOWED - code point is not allowed (map() returns error)
//   IDNA_IGNORED    - code point is ignored (index 0 = empty UTF-8 entry)
//   other           - byte offset into idna_utf8_mappings[] (null-terminated)
//
// Assumes ensure_tables() has already been called by the public entry point.
static uint16_t idna_lookup(uint32_t cp) noexcept {
  if (cp < IDNA_LOW_RANGE_END) {
    uint16_t ref = idna_stage1[cp >> IDNA_BLOCK_BITS];
    if (ref & IDNA_BOOL_FLAG) {
      uint32_t bit_idx =
          static_cast<uint32_t>(ref & ~IDNA_BOOL_FLAG) * IDNA_BLOCK_SIZE +
          (cp & IDNA_BLOCK_MASK);
      bool is_valid = (idna_bool_blocks[bit_idx >> 6] >> (bit_idx & 63u)) & 1u;
      return is_valid ? IDNA_VALID : IDNA_DISALLOWED;
    }
    return idna_stage2[ref + (cp & IDNA_BLOCK_MASK)];
  }

  if (cp >= IDNA_HIGH_IGNORED_START && cp < IDNA_HIGH_IGNORED_END) {
    return IDNA_IGNORED;
  }

  return IDNA_DISALLOWED;
}

// Advances *ptr past one well-formed UTF-8 code point from the mapping table.
static char32_t utf8_next(const uint8_t*& ptr) noexcept {
  uint8_t b0 = *ptr++;
  if (b0 < 0x80u) return static_cast<char32_t>(b0);
  if (b0 < 0xE0u) {
    uint32_t cp = (b0 & 0x1Fu) << 6;
    cp |= (*ptr++ & 0x3Fu);
    return static_cast<char32_t>(cp);
  }
  if (b0 < 0xF0u) {
    uint32_t cp = (b0 & 0x0Fu) << 12;
    cp |= ((*ptr++ & 0x3Fu) << 6);
    cp |= (*ptr++ & 0x3Fu);
    return static_cast<char32_t>(cp);
  }
  uint32_t cp = (b0 & 0x07u) << 18;
  cp |= ((*ptr++ & 0x3Fu) << 12);
  cp |= ((*ptr++ & 0x3Fu) << 6);
  cp |= (*ptr++ & 0x3Fu);
  return static_cast<char32_t>(cp);
}

// Count UTF-8 code points in a null-terminated mapping string (trusted table).
static size_t utf8_count_codepoints(const uint8_t* ptr) noexcept {
  size_t n = 0;
  while (*ptr != 0) {
    ++n;
    if (*ptr < 0x80u) {
      ++ptr;
    } else if (*ptr < 0xE0u) {
      ptr += 2;
    } else if (*ptr < 0xF0u) {
      ptr += 3;
    } else {
      ptr += 4;
    }
  }
  return n;
}

// --- ASCII fast path ---------------------------------------------------------
void ascii_map(char* input, size_t length) {
  auto broadcast = [](uint8_t v) -> uint64_t {
    return 0x101010101010101ull * v;
  };
  uint64_t broadcast_80 = broadcast(0x80);
  uint64_t broadcast_Ap = broadcast(128 - 'A');
  uint64_t broadcast_Zp = broadcast(128 - 'Z' - 1);
  size_t i = 0;

  for (; i + 7 < length; i += 8) {
    uint64_t word{};
    std::memcpy(&word, input + i, sizeof(word));
    word ^=
        (((word + broadcast_Ap) ^ (word + broadcast_Zp)) & broadcast_80) >> 2;
    std::memcpy(input + i, &word, sizeof(word));
  }
  if (i < length) {
    uint64_t word{};
    std::memcpy(&word, input + i, length - i);
    word ^=
        (((word + broadcast_Ap) ^ (word + broadcast_Zp)) & broadcast_80) >> 2;
    std::memcpy(input + i, &word, length - i);
  }
}

// Two-pass map: first validate + exact size, then write once (no growth
// realloc).
bool map(std::u32string_view input, std::u32string& out) {
  //  [Map](https://www.unicode.org/reports/tr46/#ProcessingStepMap).
  out.clear();
  if (!ensure_tables()) {
    return false;
  }

  // Pass 1: validate and compute exact output length.
  size_t out_size = 0;
  for (char32_t x : input) {
    uint16_t status = idna_lookup(static_cast<uint32_t>(x));
    if (status == IDNA_DISALLOWED) {
      return false;
    }
    if (status == IDNA_VALID) {
      ++out_size;
      continue;
    }
    if (static_cast<size_t>(status) >= idna_utf8_mappings_size) {
      return false;
    }
    out_size += utf8_count_codepoints(idna_utf8_mappings + status);
  }

  // Pass 2: write into a single allocation.
  out.resize(out_size);
  size_t w = 0;
  for (char32_t x : input) {
    uint16_t status = idna_lookup(static_cast<uint32_t>(x));
    if (status == IDNA_VALID) {
      out[w++] = x;
      continue;
    }
    // IGNORED or mapped (status already validated in pass 1).
    const uint8_t* ptr = idna_utf8_mappings + status;
    while (*ptr != 0) {
      out[w++] = utf8_next(ptr);
    }
  }
  return true;
}

std::u32string map(std::u32string_view input) {
  std::u32string answer;
  if (!map(input, answer)) {
    return {};
  }
  return answer;
}

}  // namespace ada::idna
/* end file src/mapping.cpp */
/* begin file src/normalization.cpp */
/* begin file include/ada/idna/normalization.h */
#ifndef ADA_IDNA_NORMALIZATION_H
#define ADA_IDNA_NORMALIZATION_H

#include <string>
#include <string_view>

namespace ada::idna {

// Returns true if `input` is already in Unicode Normalization Form C.
// Requires that internal tables have been loaded (call ensure via normalize
// or map first, or this returns false if tables are unavailable).
[[nodiscard]] bool is_already_nfc(std::u32string_view input) noexcept;

// Normalize the characters according to IDNA (Unicode Normalization Form C).
// Returns false if the internal Unicode tables could not be loaded; in that
// case `input` is left unchanged. Skips work when the string is already NFC.
[[nodiscard]] bool normalize(std::u32string& input);

}  // namespace ada::idna
#endif
/* end file include/ada/idna/normalization.h */
/* begin file src/normalization_tables.cpp */
// Normalization table helpers.
// Array payloads live in the DEFLATE blob (table_store.hpp).
// Regenerate with: python3 scripts/unicode_data_table.py --write
// clang-format off
#ifndef ADA_IDNA_NORMALIZATION_TABLES_H
#define ADA_IDNA_NORMALIZATION_TABLES_H

namespace ada::idna {

// Accessors and multi-stage tables are provided by table_store.hpp after
// ensure_tables(). Lookup code matches the classic O(1) uni-algo layout.

}  // namespace ada::idna
#endif  // ADA_IDNA_NORMALIZATION_TABLES_H
/* end file src/normalization_tables.cpp */

#include <cstdint>

namespace ada::idna {

// See
// https://github.com/uni-algo/uni-algo/blob/c612968c5ed3ace39bde4c894c24286c5f2c7fe2/include/uni_algo/impl/impl_norm.h#L467
constexpr char32_t hangul_sbase = 0xAC00;
constexpr char32_t hangul_tbase = 0x11A7;
constexpr char32_t hangul_vbase = 0x1161;
constexpr char32_t hangul_lbase = 0x1100;
constexpr char32_t hangul_lcount = 19;
constexpr char32_t hangul_vcount = 21;
constexpr char32_t hangul_tcount = 28;
constexpr char32_t hangul_ncount = hangul_vcount * hangul_tcount;
constexpr char32_t hangul_scount =
    hangul_lcount * hangul_vcount * hangul_tcount;

// Canonical decomposition length (0 if none / compatibility-only / Hangul
// syllable). Length 1 means a singleton mapping (character is not NFC form).
// Length >= 2 means a primary composite that is already the NFC form of its
// decomposition (e.g. U+00E9 LATIN SMALL LETTER E WITH ACUTE).
static size_t canonical_decomp_length(char32_t current_character) noexcept {
  if (current_character >= hangul_sbase &&
      current_character < hangul_sbase + hangul_scount) {
    // Hangul precomposed syllables are NFC.
    return 0;
  }
  if (current_character >= 0x110000) {
    return 0;
  }
  const uint8_t di = decomposition_index[current_character >> 8];
  const uint16_t* const decomposition =
      decomposition_block_row(di) + (current_character % 256);
  size_t decomposition_length =
      (decomposition[1] >> 2) - (decomposition[0] >> 2);
  if ((decomposition_length > 0) && (decomposition[0] & 1)) {
    decomposition_length = 0;  // compatibility-only: ignored for NFC
  }
  return decomposition_length;
}

std::pair<bool, size_t> compute_decomposition_length(
    const std::u32string_view input) noexcept {
  bool decomposition_needed{false};
  size_t additional_elements{0};
  for (char32_t current_character : input) {
    size_t decomposition_length{0};

    if (current_character >= hangul_sbase &&
        current_character < hangul_sbase + hangul_scount) {
      // Full NFD-style Hangul decomp for the decompose() step.
      decomposition_length = 2;
      if ((current_character - hangul_sbase) % hangul_tcount) {
        decomposition_length = 3;
      }
    } else if (current_character < 0x110000) {
      const uint8_t di = decomposition_index[current_character >> 8];
      const uint16_t* const decomposition =
          decomposition_block_row(di) + (current_character % 256);
      decomposition_length = (decomposition[1] >> 2) - (decomposition[0] >> 2);
      if ((decomposition_length > 0) && (decomposition[0] & 1)) {
        decomposition_length = 0;
      }
    }
    if (decomposition_length != 0) {
      decomposition_needed = true;
      additional_elements += decomposition_length - 1;
    }
  }
  return {decomposition_needed, additional_elements};
}

void decompose(std::u32string& input, size_t additional_elements) {
  input.resize(input.size() + additional_elements);
  for (size_t descending_idx = input.size(),
              input_count = descending_idx - additional_elements;
       input_count--;) {
    if (input[input_count] >= hangul_sbase &&
        input[input_count] < hangul_sbase + hangul_scount) {
      // Hangul decomposition.
      char32_t s_index = input[input_count] - hangul_sbase;
      if (s_index % hangul_tcount != 0) {
        input[--descending_idx] = hangul_tbase + s_index % hangul_tcount;
      }
      input[--descending_idx] =
          hangul_vbase + (s_index % hangul_ncount) / hangul_tcount;
      input[--descending_idx] = hangul_lbase + s_index / hangul_ncount;
    } else if (input[input_count] < 0x110000) {
      const uint16_t* decomposition =
          decomposition_block_row(
              decomposition_index[input[input_count] >> 8]) +
          (input[input_count] % 256);
      uint16_t decomposition_length =
          (decomposition[1] >> 2) - (decomposition[0] >> 2);
      if (decomposition_length > 0 && (decomposition[0] & 1)) {
        decomposition_length = 0;
      }
      if (decomposition_length > 0) {
        const size_t base = static_cast<size_t>(decomposition[0] >> 2);
        if (base + decomposition_length > decomposition_data_size) {
          input[--descending_idx] = input[input_count];
        } else {
          while (decomposition_length-- > 0) {
            input[--descending_idx] =
                decomposition_data[base + decomposition_length];
          }
        }
      } else {
        input[--descending_idx] = input[input_count];
      }
    } else {
      input[--descending_idx] = input[input_count];
    }
  }
}

uint8_t get_ccc(char32_t c) noexcept {
  if (c >= 0x110000) {
    return 0;
  }
  return ccc_block_row(ccc_index[c >> 8])[c % 256];
}

void sort_marks(std::u32string& input) {
  for (size_t idx = 1; idx < input.size(); idx++) {
    uint8_t ccc = get_ccc(input[idx]);
    if (ccc == 0) {
      continue;
    }
    auto current_character = input[idx];
    size_t back_idx = idx;
    while (back_idx != 0 && get_ccc(input[back_idx - 1]) > ccc) {
      input[back_idx] = input[back_idx - 1];
      back_idx--;
    }
    input[back_idx] = current_character;
  }
}

void decompose_nfc(std::u32string& input) {
  /**
   * Decompose the domain_name string to Unicode Normalization Form C.
   * @see https://www.unicode.org/reports/tr46/#ProcessingStepDecompose
   */
  auto [decomposition_needed, additional_elements] =
      compute_decomposition_length(input);
  if (decomposition_needed) {
    decompose(input, additional_elements);
  }
  sort_marks(input);
}

// Returns true if the composition row of a starter has a pair with `second`.
static bool has_composition(const uint16_t* composition,
                            char32_t second) noexcept {
  int left = composition[0];
  int right = composition[1];
  if (left < 0 || right <= left ||
      static_cast<size_t>(right) > composition_data_size) {
    return false;
  }
  while (left + 2 < right) {
    int middle = left + (((right - left) >> 1) & ~1);
    if (composition_data[static_cast<size_t>(middle)] <= second) {
      left = middle;
    }
    if (composition_data[static_cast<size_t>(middle)] >= second) {
      right = middle;
    }
  }
  return static_cast<size_t>(left + 1) < composition_data_size &&
         composition_data[static_cast<size_t>(left)] == second;
}

// Returns true if a composition step would change the string.
static bool would_compose(std::u32string_view input) noexcept {
  for (size_t input_count = 0; input_count < input.size();) {
    const char32_t current = input[input_count];
    if (current >= hangul_lbase && current < hangul_lbase + hangul_lcount) {
      if (input_count + 1 < input.size() &&
          input[input_count + 1] >= hangul_vbase &&
          input[input_count + 1] < hangul_vbase + hangul_vcount) {
        return true;
      }
      ++input_count;
      continue;
    }
    if (current >= hangul_sbase && current < hangul_sbase + hangul_scount) {
      if ((current - hangul_sbase) % hangul_tcount == 0 &&
          input_count + 1 < input.size() &&
          input[input_count + 1] > hangul_tbase &&
          input[input_count + 1] < hangul_tbase + hangul_tcount) {
        return true;
      }
      ++input_count;
      continue;
    }
    if (current < 0x110000) {
      const uint16_t* composition =
          composition_block_row(composition_index[current >> 8]) +
          (current % 256);
      int32_t previous_ccc = -1;
      size_t j = input_count;
      for (; j + 1 < input.size(); ++j) {
        uint8_t ccc = get_ccc(input[j + 1]);
        if (composition[1] != composition[0] && previous_ccc < ccc &&
            has_composition(composition, input[j + 1])) {
          return true;
        }
        if (ccc == 0) {
          break;
        }
        previous_ccc = ccc;
      }
      input_count = j + 1;
      continue;
    }
    ++input_count;
  }
  return false;
}

// Trailing canonical combining class of a character: the combining class of the
// last code point of its canonical decomposition, or the character's own class
// when it has none. A precomposed starter such as U+00E1 (a + U+0301, class
// 230) has class 0 but a nonzero trailing class, so a following mark of lower
// class reorders past the hidden mark during normalization.
static uint8_t trailing_ccc(char32_t c) noexcept {
  const size_t length = canonical_decomp_length(c);
  if (length == 0) {
    return get_ccc(c);
  }
  const uint16_t* const decomposition =
      decomposition_block_row(decomposition_index[c >> 8]) + (c % 256);
  const size_t base = decomposition[0] >> 2;
  return get_ccc(decomposition_data[base + length - 1]);
}

void compose(std::u32string& input);

// A character that has a canonical decomposition is in NFC form only if that
// decomposition composes back to exactly it. Singletons never do (e.g. U+212B
// ANGSTROM SIGN). Composition exclusions do not either: their decomposition
// composes to a different primary composite (e.g. U+1F71 -> U+03B1 U+0301 ->
// U+03AC) or does not compose at all (e.g. U+0958 DEVANAGARI LETTER QA ->
// U+0915 U+093C), and non-starter decompositions such as U+0344 -> U+0308
// U+0301 stay decomposed. All are NFC_Quick_Check=No and must be normalized.
// Since Unicode 16 the first code point of a decomposition can also compose
// with the preceding character: U+16121 is U+1611E U+1611E, so U+1611E U+16121
// normalizes to U+16121 U+1611E.
static bool decomposition_is_not_nfc(char32_t previous, char32_t c) noexcept {
  if (c >= hangul_sbase && c < hangul_sbase + hangul_scount) {
    return false;
  }
  if (c >= 0x110000) {
    return false;
  }
  const uint16_t* const decomposition =
      decomposition_block_row(decomposition_index[c >> 8]) + (c % 256);
  const size_t length = (decomposition[1] >> 2) - (decomposition[0] >> 2);
  if (length == 0 || (decomposition[0] & 1)) {
    return false;  // no canonical decomposition (or compatibility-only)
  }
  if (length == 1) {
    return true;  // singleton
  }
  const size_t base = decomposition[0] >> 2;
  if (base + length > decomposition_data_size) {
    return false;
  }
  // Recompose the canonical decomposition; if it does not collapse back to c,
  // then c is an exclusion / non-starter decomposition and is not NFC.
  std::u32string decomposed(decomposition_data + base,
                            decomposition_data + base + length);
  compose(decomposed);
  if (!(decomposed.size() == 1 && decomposed[0] == c)) {
    return true;
  }
  return previous < 0x110000 &&
         has_composition(
             composition_block_row(composition_index[previous >> 8]) +
                 (previous % 256),
             decomposition_data[base]);
}

bool is_already_nfc(std::u32string_view input) noexcept {
  if (input.empty()) {
    return true;
  }
  if (!tables_are_ready() && !ensure_tables()) {
    return false;
  }
  // 1) A character whose canonical decomposition does not compose back to it is
  //    not NFC: singletons (e.g. U+212B), composition exclusions (e.g. U+0958)
  //    and non-starter decompositions (e.g. U+0344), or one whose
  //    decomposition starts with a code point that composes with the previous
  //    character (e.g. U+1611E U+16121).
  char32_t previous = 0x110000;  // none
  for (char32_t c : input) {
    if (decomposition_is_not_nfc(previous, c)) {
      return false;
    }
    previous = c;
  }
  // 2) Combining marks already in canonical order. prev_ccc carries the
  //    trailing class of the previous character's canonical decomposition so a
  //    composite starter followed by a lower-class mark is caught.
  uint8_t prev_ccc = 0;
  for (char32_t c : input) {
    uint8_t ccc = get_ccc(c);
    if (ccc != 0 && prev_ccc > ccc) {
      return false;
    }
    prev_ccc = trailing_ccc(c);
  }
  // 3) No pairwise composition would apply (including Hangul L+V / LV+T).
  return !would_compose(input);
}

void compose(std::u32string& input) {
  /**
   * Compose the domain_name string to Unicode Normalization Form C.
   * @see https://www.unicode.org/reports/tr46/#ProcessingStepCompose
   */
  size_t input_count{0};
  size_t composition_count{0};
  for (; input_count < input.size(); input_count++, composition_count++) {
    input[composition_count] = input[input_count];
    if (input[input_count] >= hangul_lbase &&
        input[input_count] < hangul_lbase + hangul_lcount) {
      if (input_count + 1 < input.size() &&
          input[input_count + 1] >= hangul_vbase &&
          input[input_count + 1] < hangul_vbase + hangul_vcount) {
        input[composition_count] =
            hangul_sbase +
            ((input[input_count] - hangul_lbase) * hangul_vcount +
             input[input_count + 1] - hangul_vbase) *
                hangul_tcount;
        input_count++;
        if (input_count + 1 < input.size() &&
            input[input_count + 1] > hangul_tbase &&
            input[input_count + 1] < hangul_tbase + hangul_tcount) {
          input[composition_count] += input[++input_count] - hangul_tbase;
        }
      }
    } else if (input[input_count] >= hangul_sbase &&
               input[input_count] < hangul_sbase + hangul_scount) {
      if ((input[input_count] - hangul_sbase) % hangul_tcount == 0 &&
          input_count + 1 < input.size() &&
          input[input_count + 1] > hangul_tbase &&
          input[input_count + 1] < hangul_tbase + hangul_tcount) {
        input[composition_count] += input[++input_count] - hangul_tbase;
      }
    } else if (input[input_count] < 0x110000) {
      const uint16_t* composition =
          composition_block_row(composition_index[input[input_count] >> 8]) +
          (input[input_count] % 256);
      size_t initial_composition_count = composition_count;
      for (int32_t previous_ccc = -1; input_count + 1 < input.size();
           input_count++) {
        uint8_t ccc = get_ccc(input[input_count + 1]);

        if (composition[1] != composition[0] && previous_ccc < ccc) {
          int left = composition[0];
          int right = composition[1];
          if (left < 0 || right < left ||
              static_cast<size_t>(right) > composition_data_size) {
            break;
          }
          while (left + 2 < right) {
            int middle = left + (((right - left) >> 1) & ~1);
            if (composition_data[static_cast<size_t>(middle)] <=
                input[input_count + 1]) {
              left = middle;
            }
            if (composition_data[static_cast<size_t>(middle)] >=
                input[input_count + 1]) {
              right = middle;
            }
          }
          if (static_cast<size_t>(left + 1) < composition_data_size &&
              composition_data[static_cast<size_t>(left)] ==
                  input[input_count + 1]) {
            char32_t composed = composition_data[static_cast<size_t>(left + 1)];
            input[initial_composition_count] = composed;
            composition =
                composition_block_row(composition_index[composed >> 8]) +
                (composed % 256);
            continue;
          }
        }

        if (ccc == 0) {
          break;
        }
        previous_ccc = ccc;
        input[++composition_count] = input[input_count + 1];
      }
    }
  }

  if (composition_count < input_count) {
    input.resize(composition_count);
  }
}

bool normalize(std::u32string& input) {
  /**
   * Normalize the characters according to IDNA (Unicode Normalization Form C).
   * @see https://www.unicode.org/reports/tr46/#ProcessingStepNormalize
   */
  if (!ensure_tables() || decomposition_index == nullptr ||
      composition_index == nullptr) {
    return false;
  }
  if (is_already_nfc(input)) {
    return true;
  }
  decompose_nfc(input);
  compose(input);
  return true;
}

}  // namespace ada::idna
/* end file src/normalization.cpp */
/* begin file src/punycode.cpp */
/* begin file include/ada/idna/punycode.h */
#ifndef ADA_IDNA_PUNYCODE_H
#define ADA_IDNA_PUNYCODE_H

#include <string>
#include <string_view>

namespace ada::idna {

bool punycode_to_utf32(std::string_view input, std::u32string& out);
bool verify_punycode(std::string_view input);
bool utf32_to_punycode(std::u32string_view input, std::string& out);

}  // namespace ada::idna

#endif  // ADA_IDNA_PUNYCODE_H
/* end file include/ada/idna/punycode.h */

#include <cstdint>

namespace ada::idna {

constexpr int32_t base = 36;
constexpr int32_t tmin = 1;
constexpr int32_t tmax = 26;
constexpr int32_t skew = 38;
constexpr int32_t damp = 700;
constexpr int32_t initial_bias = 72;
constexpr uint32_t initial_n = 128;

static constexpr int32_t char_to_digit_value(char value) {
  if (value >= 'a' && value <= 'z') return value - 'a';
  if (value >= '0' && value <= '9') return value - '0' + 26;
  return -1;
}

static constexpr char digit_to_char(int32_t digit) {
  return digit < 26 ? char(digit + 97) : char(digit + 22);
}

static constexpr int32_t adapt(int32_t d, int32_t n, bool firsttime) {
  if (firsttime) {
    d = d / damp;
  } else {
    d = d / 2;
  }
  d += d / n;
  int32_t k = 0;
  while (d > ((base - tmin) * tmax) / 2) {
    d /= base - tmin;
    k += base;
  }
  return k + (((base - tmin + 1) * d) / (d + skew));
}

bool punycode_to_utf32(std::string_view input, std::u32string &out) {
  int32_t written_out{0};
  out.reserve(out.size() + input.size());
  uint32_t n = initial_n;
  int32_t i = 0;
  int32_t bias = initial_bias;
  // grab ascii content
  // RFC 3492 section 6.2: copy the code points before the last delimiter,
  // then consume the delimiter only "if more than zero code points were
  // consumed". With a leading delimiter, b == 0, decoding starts at the
  // delimiter itself, which is not a digit, and fails. This matches the
  // reference implementation in appendix C (`in = b > 0 ? b + 1 : 0`).
  size_t end_of_ascii = input.find_last_of('-');
  if (end_of_ascii != std::string_view::npos && end_of_ascii > 0) {
    for (uint8_t c : input.substr(0, end_of_ascii)) {
      if (c >= 0x80) {
        return false;
      }
      out.push_back(c);
      written_out++;
    }
    input.remove_prefix(end_of_ascii + 1);
  }
  while (!input.empty()) {
    int32_t oldi = i;
    int32_t w = 1;
    for (int32_t k = base;; k += base) {
      if (input.empty()) {
        return false;
      }
      uint8_t code_point = input.front();
      input.remove_prefix(1);
      int32_t digit = char_to_digit_value(code_point);
      if (digit < 0) {
        return false;
      }
      if (digit > (0x7fffffff - i) / w) {
        return false;
      }
      i = i + digit * w;
      int32_t t = k <= bias ? tmin : k >= bias + tmax ? tmax : k - bias;
      if (digit < t) {
        break;
      }
      if (w > 0x7fffffff / (base - t)) {
        return false;
      }
      w = w * (base - t);
    }
    bias = adapt(i - oldi, written_out + 1, oldi == 0);
    if (i / (written_out + 1) > int32_t(0x7fffffff - n)) {
      return false;
    }
    n = n + i / (written_out + 1);
    i = i % (written_out + 1);
    if (n < 0x80) {
      return false;
    }
    out.insert(out.begin() + i, n);
    written_out++;
    ++i;
  }
  // See https://github.com/whatwg/url/issues/803
  // Reject labels whose decoded form begins with "xn--" (double-encoded ACE).
  if (out.size() >= 4 && out[0] == U'x' && out[1] == U'n' && out[2] == U'-' &&
      out[3] == U'-') {
    return false;
  }
  return true;
}

bool verify_punycode(std::string_view input) {
  // Track only the first 4 decoded code points to check for the "xn--" prefix.
  // This avoids heap allocation while still detecting double-encoded ACE
  // labels.
  uint32_t first4[4]{};
  size_t written_out{0};
  uint32_t n = initial_n;
  int32_t i = 0;
  int32_t bias = initial_bias;
  // grab ascii content
  size_t end_of_ascii = input.find_last_of('-');
  if (end_of_ascii != std::string_view::npos) {
    for (uint8_t c : input.substr(0, end_of_ascii)) {
      if (c >= 0x80) {
        return false;
      }
      if (written_out < 4) {
        first4[written_out] = c;
      }
      written_out++;
    }
    input.remove_prefix(end_of_ascii + 1);
  }
  while (!input.empty()) {
    int32_t oldi = i;
    int32_t w = 1;
    for (int32_t k = base;; k += base) {
      if (input.empty()) {
        return false;
      }
      uint8_t code_point = input.front();
      input.remove_prefix(1);
      int32_t digit = char_to_digit_value(code_point);
      if (digit < 0) {
        return false;
      }
      if (digit > (0x7fffffff - i) / w) {
        return false;
      }
      i = i + digit * w;
      int32_t t = k <= bias ? tmin : k >= bias + tmax ? tmax : k - bias;
      if (digit < t) {
        break;
      }
      if (w > 0x7fffffff / (base - t)) {
        return false;
      }
      w = w * (base - t);
    }
    bias = adapt(i - oldi, int32_t(written_out + 1), oldi == 0);
    if (i / (written_out + 1) > 0x7fffffff - n) {
      return false;
    }
    n = n + i / int32_t(written_out + 1);
    i = i % int32_t(written_out + 1);
    if (n < 0x80) {
      return false;
    }
    // Simulate insert at position i, maintaining only the first 4 slots.
    size_t insert_pos = size_t(i);
    if (insert_pos < 4) {
      for (size_t j = 3; j > insert_pos; j--) {
        first4[j] = first4[j - 1];
      }
      first4[insert_pos] = n;
    }
    written_out++;
    ++i;
  }
  // See https://github.com/whatwg/url/issues/803
  // Reject labels whose decoded form begins with "xn--" (double-encoded ACE).
  if (written_out >= 4 && first4[0] == U'x' && first4[1] == U'n' &&
      first4[2] == U'-' && first4[3] == U'-') {
    return false;
  }
  return true;
}

bool utf32_to_punycode(std::u32string_view input, std::string &out) {
  out.reserve(input.size() + out.size());
  uint32_t n = initial_n;
  int32_t d = 0;
  int32_t bias = initial_bias;
  size_t h = 0;
  // first push the ascii content
  for (uint32_t c : input) {
    if (c < 0x80) {
      ++h;
      out.push_back(char(c));
    }
    if (c > 0x10ffff || (c >= 0xd800 && c < 0xe000)) {
      return false;
    }
  }
  size_t b = h;
  if (b > 0) {
    out.push_back('-');
  }
  while (h < input.size()) {
    uint32_t m = 0x10FFFF;
    for (auto code_point : input) {
      if (code_point >= n && code_point < m) m = code_point;
    }

    if ((m - n) > (0x7fffffff - d) / (h + 1)) {
      return false;
    }
    d = d + int32_t((m - n) * (h + 1));
    n = m;
    for (auto c : input) {
      if (c < n) {
        if (d == 0x7fffffff) {
          return false;
        }
        ++d;
      }
      if (c == n) {
        int32_t q = d;
        for (int32_t k = base;; k += base) {
          int32_t t = k <= bias ? tmin : k >= bias + tmax ? tmax : k - bias;

          if (q < t) {
            break;
          }
          out.push_back(digit_to_char(t + ((q - t) % (base - t))));
          q = (q - t) / (base - t);
        }
        out.push_back(digit_to_char(q));
        bias = adapt(d, int32_t(h + 1), h == b);
        d = 0;
        ++h;
      }
    }
    ++d;
    ++n;
  }
  return true;
}

}  // namespace ada::idna
/* end file src/punycode.cpp */
/* begin file src/validity.cpp */

#include <algorithm>
#include <span>
#include <string_view>

namespace ada::idna {

// Values stored in dir_value; keep in sync with BIDI_CLASSES in
// scripts/unicode_data_table.py.
enum direction : uint8_t {
  NONE,
  BN,
  CS,
  ES,
  ON,
  EN,
  L,
  R,
  NSM,
  AL,
  AN,
  ET,
  WS,
  RLO,
  LRO,
  PDF,
  RLE,
  RLI,
  FSI,
  PDI,
  LRI,
  B,
  S,
  LRE
};

// Values stored in joining_value; keep in sync with JOINING_TYPES in
// scripts/unicode_data_table.py. Code points without a range are U.
enum class joining_type : uint8_t { U, C, D, L, R, T };

// Bidi direction and Joining_Type ranges live in the compressed blob as const
// SoA arrays (dir_* and joining_*). See table_store.hpp layout asserts.
// Regenerate with: python3 scripts/unicode_data_table.py --write

// Defined in normalization.cpp.
uint8_t get_ccc(char32_t c) noexcept;

// CheckJoiners and CheckBidi are true for URL specification.

// Returns the index of the range [start[i], last[i]] that contains code_point,
// or count if there is none. `last` must be sorted.
inline static size_t find_range(const uint32_t* start, const uint32_t* last,
                                size_t count, uint32_t code_point) noexcept {
  size_t lo = 0, hi = count;
  while (lo < hi) {
    size_t mid = lo + (hi - lo) / 2;
    if (last[mid] < code_point) {
      lo = mid + 1;
    } else {
      hi = mid;
    }
  }
  return lo < count && code_point >= start[lo] ? lo : count;
}

// Assumes ensure_tables() has already been called by is_label_valid().
inline static direction find_direction(uint32_t code_point) noexcept {
  size_t i = find_range(dir_start, dir_final, dir_table_count, code_point);
  return i == dir_table_count ? direction::NONE
                              : static_cast<direction>(dir_value[i]);
}

// Assumes ensure_tables() has already been called by is_label_valid().
inline static joining_type find_joining_type(uint32_t code_point) noexcept {
  size_t i =
      find_range(joining_start, joining_final, joining_table_count, code_point);
  return i == joining_table_count ? joining_type::U
                                  : static_cast<joining_type>(joining_value[i]);
}

// The ContextJ rules for U+200C and U+200D from RFC 5892 Appendix A.
inline static bool is_contextj_valid(std::u32string_view label) noexcept {
  constexpr uint8_t virama_ccc = 9;
  for (size_t i = 0; i < label.size(); i++) {
    if (label[i] != 0x200C && label[i] != 0x200D) {
      continue;
    }
    // If Canonical_Combining_Class(Before(cp)) .eq. Virama Then True;
    if (i > 0 && get_ccc(label[i - 1]) == virama_ccc) {
      continue;
    }
    if (label[i] == 0x200D) {
      return false;
    }
    // If RegExpMatch((Joining_Type:{L,D})(Joining_Type:T)*\u200C
    //    (Joining_Type:T)*(Joining_Type:{R,D})) Then True;
    joining_type before = joining_type::U;
    for (size_t j = i; j > 0;) {
      before = find_joining_type(label[--j]);
      if (before != joining_type::T) {
        break;
      }
    }
    if (before != joining_type::L && before != joining_type::D) {
      return false;
    }
    joining_type after = joining_type::U;
    for (size_t j = i + 1; j < label.size(); j++) {
      after = find_joining_type(label[j]);
      if (after != joining_type::T) {
        break;
      }
    }
    if (after != joining_type::R && after != joining_type::D) {
      return false;
    }
  }
  return true;
}

inline static size_t find_last_not_of_nsm(
    const std::u32string_view label) noexcept {
  for (int i = static_cast<int>(label.size() - 1); i >= 0; i--)
    if (find_direction(label[i]) != direction::NSM) return i;

  return std::u32string_view::npos;
}

// An RTL label is a label that contains at least one character of type R, AL,
// or AN. https://www.rfc-editor.org/rfc/rfc5893#section-2
inline static bool is_rtl_label(const std::u32string_view label) noexcept {
  const size_t mask =
      (1u << direction::R) | (1u << direction::AL) | (1u << direction::AN);

  size_t directions = 0;
  for (size_t i = 0; i < label.size(); i++) {
    directions |= 1u << find_direction(label[i]);
  }
  return (directions & mask) != 0;
}

bool is_label_valid(const std::u32string_view label) {
  if (label.empty()) {
    return true;
  }
  if (!ensure_tables() || combining_ranges == nullptr || dir_start == nullptr ||
      dir_final == nullptr || dir_value == nullptr ||
      joining_start == nullptr || joining_final == nullptr ||
      joining_value == nullptr) {
    return false;
  }

  ///////////////
  // We have a normalization step which ensures that we are in NFC.
  // If we receive punycode, we normalize and check that the normalized
  // version matches the original.
  // --------------------------------------
  // The label must be in Unicode Normalization Form NFC.

  // Current URL standard indicatest that CheckHyphens is set to false.
  // ---------------------------------------
  // If CheckHyphens, the label must not contain a U+002D HYPHEN-MINUS character
  // in both the third and fourth positions. If CheckHyphens, the label must
  // neither begin nor end with a U+002D HYPHEN-MINUS character.

  // This is not necessary because we segment the
  // labels by '.'.
  // ---------------------------------------
  // The label must not contain a U+002E ( . ) FULL STOP.
  // if (label.find('.') != std::string_view::npos) return false;

  // The label must not begin with a combining mark.
  // Range membership via lower_bound on range end.
  const std::span<const uint32_t[2]> comb_span{combining_ranges,
                                               combining_range_count};
  const auto comb_it = std::ranges::lower_bound(
      comb_span, label.front(), {}, [](const auto& range) { return range[1]; });
  if (comb_it != comb_span.end() && label.front() >= (*comb_it)[0]) {
    return false;
  }
  // We verify this next step as part of the mapping:
  // ---------------------------------------------
  // Each code point in the label must only have certain status values
  // according to Section 5, IDNA Mapping Table:
  // - For Transitional Processing, each value must be valid.
  // - For Nontransitional Processing, each value must be either valid or
  // deviation.

  // If CheckJoiners, the label must satisfy the ContextJ rules from Appendix
  // A, in The Unicode Code Points and Internationalized Domain Names for
  // Applications (IDNA) [IDNA2008].
  if (!is_contextj_valid(label)) {
    return false;
  }

  // If CheckBidi, and if the domain name is a  Bidi domain name, then the label
  // must satisfy all six of the numbered conditions in [IDNA2008] RFC 5893,
  // Section 2.

  // The following rule, consisting of six conditions, applies to labels
  // in Bidi domain names.  The requirements that this rule satisfies are
  // described in Section 3.  All of the conditions must be satisfied for
  // the rule to be satisfied.
  //
  //  1.  The first character must be a character with Bidi property L, R,
  //     or AL.  If it has the R or AL property, it is an RTL label; if it
  //     has the L property, it is an LTR label.
  //
  //  2.  In an RTL label, only characters with the Bidi properties R, AL,
  //      AN, EN, ES, CS, ET, ON, BN, or NSM are allowed.
  //
  //   3.  In an RTL label, the end of the label must be a character with
  //       Bidi property R, AL, EN, or AN, followed by zero or more
  //       characters with Bidi property NSM.
  //
  //   4.  In an RTL label, if an EN is present, no AN may be present, and
  //       vice versa.
  //
  //  5.  In an LTR label, only characters with the Bidi properties L, EN,
  //       ES, CS, ET, ON, BN, or NSM are allowed.
  //
  //   6.  In an LTR label, the end of the label must be a character with
  //       Bidi property L or EN, followed by zero or more characters with
  //       Bidi property NSM.

  size_t last_non_nsm_char = find_last_not_of_nsm(label);
  if (last_non_nsm_char == std::u32string_view::npos) {
    return false;
  }

  // A "Bidi domain name" is a domain name that contains at least one RTL label.
  // The following rule, consisting of six conditions, applies to labels in Bidi
  // domain names.
  if (is_rtl_label(label)) {
    // The first character must be a character with Bidi property L, R,
    // or AL. If it has the R or AL property, it is an RTL label; if it
    // has the L property, it is an LTR label.

    if (find_direction(label[0]) == direction::L) {
      // Eval as LTR

      // In an LTR label, only characters with the Bidi properties L, EN,
      // ES, CS, ET, ON, BN, or NSM are allowed.
      for (size_t i = 0; i <= last_non_nsm_char; i++) {
        const direction d = find_direction(label[i]);
        if (!(d == direction::L || d == direction::EN || d == direction::ES ||
              d == direction::CS || d == direction::ET || d == direction::ON ||
              d == direction::BN || d == direction::NSM)) {
          return false;
        }
      }

      const direction last_dir = find_direction(label[last_non_nsm_char]);
      if (!(last_dir == direction::L || last_dir == direction::EN)) {
        return false;
      }

      return true;

    } else {
      // Eval as RTL

      // The first character must be R or AL; a leading AN (or any other
      // direction) does not start a valid RTL label.
      const direction first_dir = find_direction(label[0]);
      if (first_dir != direction::R && first_dir != direction::AL) {
        return false;
      }

      bool has_an = false;
      bool has_en = false;
      for (size_t i = 0; i <= last_non_nsm_char; i++) {
        const direction d = find_direction(label[i]);

        // In an RTL label, if an EN is present, no AN may be present, and vice
        // versa.
        if ((d == direction::EN && ((has_en = true) && has_an)) ||
            (d == direction::AN && ((has_an = true) && has_en))) {
          return false;
        }

        if (!(d == direction::R || d == direction::AL || d == direction::AN ||
              d == direction::EN || d == direction::ES || d == direction::CS ||
              d == direction::ET || d == direction::ON || d == direction::BN ||
              d == direction::NSM)) {
          return false;
        }

        if (i == last_non_nsm_char &&
            !(d == direction::R || d == direction::AL || d == direction::AN ||
              d == direction::EN)) {
          return false;
        }
      }

      return true;
    }
  }

  return true;
}

}  // namespace ada::idna
/* end file src/validity.cpp */
/* begin file src/to_ascii.cpp */
/* begin file include/ada/idna/to_ascii.h */
#ifndef ADA_IDNA_TO_ASCII_H
#define ADA_IDNA_TO_ASCII_H

#include <string>
#include <string_view>

/* begin file include/ada/idna/limits.h */
#ifndef ADA_IDNA_LIMITS_H
#define ADA_IDNA_LIMITS_H

#include <cstddef>

namespace ada::idna {

// Maximum accepted UTF-8 domain length for non-ASCII to_ascii input and for
// to_unicode input.
// Bounds heap growth under untrusted input (DoS resistance). DNS wire limits
// are smaller; this allows long Unicode labels used in URL tests/fixtures.
inline constexpr size_t max_domain_input_bytes = 16384;

}  // namespace ada::idna

#endif  // ADA_IDNA_LIMITS_H
/* end file include/ada/idna/limits.h */

namespace ada::idna {

// Converts a domain (e.g., www.google.com) possibly containing international
// characters to an ascii domain (with punycode). It will not do percent
// decoding: percent decoding should be done prior to calling this function. We
// do not remove tabs and spaces, they should have been removed prior to calling
// this function. We also do not trim control characters. We also assume that
// the input is not empty. We return "" on error. Non-ASCII inputs longer than
// max_domain_input_bytes are rejected; ASCII inputs of any length are accepted
// (they are only lowercased).
//
// This function may accept or even produce invalid domains (WHATWG carve-outs).
std::string to_ascii(std::string_view ut8_string);

// Same as to_ascii, but writes into `out` and returns false on error without
// relying on empty-string ambiguity.
[[nodiscard]] bool to_ascii(std::string_view ut8_string, std::string& out);

// Returns true if the string contains a forbidden code point according to the
// WHATGL URL specification:
// https://url.spec.whatwg.org/#forbidden-domain-code-point
bool contains_forbidden_domain_code_point(std::string_view ascii_string);

bool constexpr is_ascii(std::u32string_view view);
bool constexpr is_ascii(std::string_view view);

}  // namespace ada::idna

#endif  // ADA_IDNA_TO_ASCII_H
/* end file include/ada/idna/to_ascii.h */

#include <algorithm>
#include <cstdint>
#include <cstring>
#include <ranges>

/* begin file include/ada/idna/validity.h */
#ifndef ADA_IDNA_VALIDITY_H
#define ADA_IDNA_VALIDITY_H

#include <string>
#include <string_view>

namespace ada::idna {

/**
 * @see https://www.unicode.org/reports/tr46/#Validity_Criteria
 */
bool is_label_valid(std::u32string_view label);

}  // namespace ada::idna

#endif  // ADA_IDNA_VALIDITY_H
/* end file include/ada/idna/validity.h */

#ifdef ADA_USE_SIMDUTF
#include "simdutf.h"
#endif

namespace ada::idna {

bool constexpr is_ascii(std::u32string_view view) {
  for (uint32_t c : view) {
    if (c >= 0x80) {
      return false;
    }
  }
  return true;
}

bool constexpr is_ascii(std::string_view view) {
  for (uint8_t c : view) {
    if (c >= 0x80) {
      return false;
    }
  }
  return true;
}

constexpr static uint8_t is_forbidden_domain_code_point_table[] = {
    1, 1, 1, 1, 1, 1, 1, 1, 1, 1, 1, 1, 1, 1, 1, 1, 1, 1, 1, 1, 1, 1, 1, 1,
    1, 1, 1, 1, 1, 1, 1, 1, 1, 0, 0, 1, 0, 1, 0, 0, 0, 0, 0, 0, 0, 0, 0, 1,
    0, 0, 0, 0, 0, 0, 0, 0, 0, 0, 1, 0, 1, 0, 1, 1, 1, 0, 0, 0, 0, 0, 0, 0,
    0, 0, 0, 0, 0, 0, 0, 0, 0, 0, 0, 0, 0, 0, 0, 0, 0, 0, 0, 1, 1, 1, 1, 0,
    0, 0, 0, 0, 0, 0, 0, 0, 0, 0, 0, 0, 0, 0, 0, 0, 0, 0, 0, 0, 0, 0, 0, 0,
    0, 0, 0, 0, 1, 0, 0, 1, 1, 1, 1, 1, 1, 1, 1, 1, 1, 1, 1, 1, 1, 1, 1, 1,
    1, 1, 1, 1, 1, 1, 1, 1, 1, 1, 1, 1, 1, 1, 1, 1, 1, 1, 1, 1, 1, 1, 1, 1,
    1, 1, 1, 1, 1, 1, 1, 1, 1, 1, 1, 1, 1, 1, 1, 1, 1, 1, 1, 1, 1, 1, 1, 1,
    1, 1, 1, 1, 1, 1, 1, 1, 1, 1, 1, 1, 1, 1, 1, 1, 1, 1, 1, 1, 1, 1, 1, 1,
    1, 1, 1, 1, 1, 1, 1, 1, 1, 1, 1, 1, 1, 1, 1, 1, 1, 1, 1, 1, 1, 1, 1, 1,
    1, 1, 1, 1, 1, 1, 1, 1, 1, 1, 1, 1, 1, 1, 1, 1};

static_assert(sizeof(is_forbidden_domain_code_point_table) == 256);

inline bool is_forbidden_domain_code_point(const char c) noexcept {
  return is_forbidden_domain_code_point_table[uint8_t(c)];
}

bool contains_forbidden_domain_code_point(std::string_view view) {
  return std::ranges::any_of(view, is_forbidden_domain_code_point);
}

// Per the WHATWG URL "domain to ASCII" algorithm, when beStrict is false and
// the input domain is an ASCII string, the result is the input lowercased,
// regardless of the outcome of Unicode ToASCII.
//
// See https://url.spec.whatwg.org/#concept-domain-to-ascii
static void from_ascii_to_ascii(std::string_view ut8_string, std::string& out) {
  out.assign(ut8_string);
  ascii_map(out.data(), out.size());
}

// Append ASCII code units from a UTF-32 label (all values < 0x80).
static void append_ascii_label(std::string& out, std::u32string_view label) {
  const size_t old = out.size();
  out.resize(old + label.size());
  char* dest = out.data() + old;
  for (char32_t c : label) {
    *dest++ = static_cast<char>(c);
  }
}

// True if label begins with "xn--" (already lowercased by mapping).
static bool is_ace_prefix(std::u32string_view label) noexcept {
  return label.size() >= 4 && label[0] == U'x' && label[1] == U'n' &&
         label[2] == U'-' && label[3] == U'-';
}

[[nodiscard]] bool to_ascii(std::string_view ut8_string, std::string& out) {
  out.clear();
  // The ASCII path is a single same-size copy, so it needs no length bound.
  // Checking first would reject the (longer) ASCII output of a non-ASCII input
  // that was accepted, breaking to_ascii(to_ascii(x)) == to_ascii(x).
  if (is_ascii(ut8_string)) {
    from_ascii_to_ascii(ut8_string, out);
    return true;
  }
  if (ut8_string.size() > max_domain_input_bytes) {
    return false;
  }

#ifdef ADA_USE_SIMDUTF
  size_t utf32_length =
      simdutf::utf32_length_from_utf8(ut8_string.data(), ut8_string.size());
  if (utf32_length == 0 && !ut8_string.empty()) {
    return false;
  }
  std::u32string working(utf32_length, U'\0');
  size_t actual_utf32_length = simdutf::convert_utf8_to_utf32(
      ut8_string.data(), ut8_string.size(), working.data());
#else
  size_t utf32_length =
      ada::idna::utf32_length_from_utf8(ut8_string.data(), ut8_string.size());
  if (utf32_length == 0 && !ut8_string.empty()) {
    return false;
  }
  std::u32string working(utf32_length, U'\0');
  size_t actual_utf32_length = ada::idna::utf8_to_utf32(
      ut8_string.data(), ut8_string.size(), working.data());
#endif
  if (actual_utf32_length == 0 || actual_utf32_length != utf32_length) {
    return false;
  }
  working.resize(actual_utf32_length);

  // Map into a second buffer with exact sizing (no growth reallocs).
  std::u32string mapped;
  if (!ada::idna::map(working, mapped)) {
    return false;
  }
  // Drop UTF-32 input; reuse `working` as scratch for ACE validation below.
  working.clear();

  // Skip NFC when already normalized (ASCII is a fast subset of this check).
  if (!is_ascii(mapped) && !is_already_nfc(mapped)) {
    if (!normalize(mapped)) {
      return false;
    }
  }

  // Estimate ASCII output size (punycode may expand non-ASCII labels).
  out.reserve(mapped.size() + 8);

  // Walk labels with a single pointer scan (no repeated string::find).
  const char32_t* p = mapped.data();
  const char32_t* const end = p + mapped.size();
  std::u32string post_map;

  while (p < end) {
    const char32_t* label_begin = p;
    while (p < end && *p != U'.') {
      ++p;
    }
    const size_t label_size = static_cast<size_t>(p - label_begin);
    std::u32string_view label_view(label_begin, label_size);
    const bool is_last_label = (p == end);
    if (p < end) {
      ++p;  // skip dot
    }

    if (label_size == 0) {
      // empty label
    } else if (is_ace_prefix(label_view)) {
      for (char32_t c : label_view) {
        if (c >= 0x80) {
          out.clear();
          return false;
        }
      }
      append_ascii_label(out, label_view);
      std::string_view puny_segment_ascii(
          out.data() + (out.size() - label_size) + 4, label_size - 4);
      working.clear();
      if (!ada::idna::punycode_to_utf32(puny_segment_ascii, working)) {
        out.clear();
        return false;
      }
      if (is_ascii(working)) {
        out.clear();
        return false;
      }
      if (!ada::idna::map(working, post_map) || working != post_map) {
        out.clear();
        return false;
      }
      // Mapping must be stable; NFC must not change the mapped form either.
      if (!is_ascii(post_map) && !is_already_nfc(post_map)) {
        if (!normalize(post_map) || post_map != working) {
          out.clear();
          return false;
        }
      }
      if (post_map.empty() || !is_label_valid(post_map)) {
        out.clear();
        return false;
      }
    } else if (is_ascii(label_view)) {
      append_ascii_label(out, label_view);
    } else {
      if (!is_label_valid(label_view)) {
        out.clear();
        return false;
      }
      out.append("xn--");
      if (!ada::idna::utf32_to_punycode(label_view, out)) {
        out.clear();
        return false;
      }
    }
    if (!is_last_label) {
      out.push_back('.');
    }
  }
  return true;
}

std::string to_ascii(std::string_view ut8_string) {
  std::string out;
  if (!to_ascii(ut8_string, out)) {
    return {};
  }
  return out;
}
}  // namespace ada::idna
/* end file src/to_ascii.cpp */
/* begin file src/to_unicode.cpp */
/* begin file include/ada/idna/to_unicode.h */
#ifndef ADA_IDNA_TO_UNICODE_H
#define ADA_IDNA_TO_UNICODE_H

#include <string>
#include <string_view>


namespace ada::idna {

// UTS #46 ToUnicode. Never fails per the standard: on step failure the original
// label is kept. Inputs longer than max_domain_input_bytes are returned
// unchanged as a safety measure under untrusted input.
std::string to_unicode(std::string_view input);

// Writes into `out`. Returns false only if the input exceeds
// max_domain_input_bytes (out is left empty). Otherwise always returns true
// (ToUnicode does not fail).
[[nodiscard]] bool to_unicode(std::string_view input, std::string& out);

}  // namespace ada::idna

#endif  // ADA_IDNA_TO_UNICODE_H
/* end file include/ada/idna/to_unicode.h */

#include <algorithm>
#include <string>

/* begin file include/idna.h */
#ifndef ADA_IDNA_H
#define ADA_IDNA_H

/* begin file include/ada/idna/identifier.h */
#ifndef ADA_IDNA_IDENTIFIER_H
#define ADA_IDNA_IDENTIFIER_H

#include <string>
#include <string_view>

namespace ada::idna {

// Verify if it is valid name code point given a Unicode code point and a
// boolean first: If first is true return the result of checking if code point
// is contained in the IdentifierStart set of code points. Otherwise return the
// result of checking if code point is contained in the IdentifierPart set of
// code points. Returns false if the input is empty or the code point is not
// valid. There is minimal Unicode error handling: the input should be valid
// UTF-8. https://urlpattern.spec.whatwg.org/#is-a-valid-name-code-point
bool valid_name_code_point(char32_t code_point, bool first);

}  // namespace ada::idna

#endif
/* end file include/ada/idna/identifier.h */

#endif
/* end file include/idna.h */

#ifdef ADA_USE_SIMDUTF
#include "simdutf.h"
#endif

namespace ada::idna {

[[nodiscard]] bool to_unicode(std::string_view input, std::string& output) {
  output.clear();
  if (input.size() > max_domain_input_bytes) {
    return false;
  }
  output.reserve(input.size());

  size_t label_start = 0;
  std::u32string tmp_buffer;
  std::u32string post_map;
  while (label_start < input.size()) {
    size_t loc_dot = input.find('.', label_start);
    bool is_last_label = (loc_dot == std::string_view::npos);
    size_t label_size =
        is_last_label ? input.size() - label_start : loc_dot - label_start;
    auto label_view = std::string_view(input.data() + label_start, label_size);

    if (label_view.starts_with("xn--") && ada::idna::is_ascii(label_view)) {
      label_view.remove_prefix(4);
      tmp_buffer.clear();
      if (ada::idna::punycode_to_utf32(label_view, tmp_buffer)) {
        // Per UTS #46, the decoded label must be re-validated. Reject decodings
        // that are pure ASCII (xn-- encoding of an ASCII-only label), or whose
        // mapping/normalization is not stable, or that fail label validity.
        bool accept_decoded = true;
        if (ada::idna::is_ascii(tmp_buffer)) {
          accept_decoded = false;
        } else {
          post_map.clear();
          if (!ada::idna::map(tmp_buffer, post_map) || post_map != tmp_buffer) {
            accept_decoded = false;
          } else if (!ada::idna::normalize(post_map) ||
                     post_map != tmp_buffer || post_map.empty() ||
                     !ada::idna::is_label_valid(post_map)) {
            accept_decoded = false;
          }
        }

        if (accept_decoded) {
#ifdef ADA_USE_SIMDUTF
          auto utf8_size = simdutf::utf8_length_from_utf32(tmp_buffer.data(),
                                                           tmp_buffer.size());
          size_t old_size = output.size();
          output.resize(old_size + utf8_size);
          size_t written = simdutf::convert_utf32_to_utf8(
              tmp_buffer.data(), tmp_buffer.size(), output.data() + old_size);
          if (written != utf8_size) {
            output.resize(old_size);
            output.append(
                std::string_view(input.data() + label_start, label_size));
          }
#else
          auto utf8_size = ada::idna::utf8_length_from_utf32(tmp_buffer.data(),
                                                             tmp_buffer.size());
          size_t old_size = output.size();
          output.resize(old_size + utf8_size);
          size_t written = ada::idna::utf32_to_utf8(
              tmp_buffer.data(), tmp_buffer.size(), output.data() + old_size);
          if (written != utf8_size) {
            output.resize(old_size);
            output.append(
                std::string_view(input.data() + label_start, label_size));
          }
#endif
        } else {
          // ToUnicode never fails. If any step fails, return the original
          // input sequence for the label.
          output.append(
              std::string_view(input.data() + label_start, label_size));
        }
      } else {
        output.append(std::string_view(input.data() + label_start, label_size));
      }
    } else {
      output.append(label_view);
    }

    if (!is_last_label) {
      output.push_back('.');
    }

    label_start += label_size + 1;
  }

  return true;
}

std::string to_unicode(std::string_view input) {
  std::string output;
  if (!to_unicode(input, output)) {
    // Over-limit input: return original (ToUnicode never fails in the sense of
    // producing no answer for valid-length inputs).
    return std::string(input);
  }
  return output;
}
}  // namespace ada::idna
/* end file src/to_unicode.cpp */
/* begin file src/identifier.cpp */

#include <algorithm>
#include <array>
#include <span>
#include <string>

/* begin file src/id_tables.cpp */
// IDNA  18.0.0
// Identifier range tables are stored in the compressed blob (table_store.hpp).
// Regenerate with: python3 scripts/derived_table.py --write
//   id_continue: 1437 ranges
//   id_start:    789 ranges

// clang-format off
#ifndef ADA_IDNA_IDENTIFIER_TABLES_H
#define ADA_IDNA_IDENTIFIER_TABLES_H
#include <cstdint>

namespace ada::idna {

// id_continue / id_start pointers and counts are provided by table_store.hpp.

}  // namespace ada::idna
#endif  // ADA_IDNA_IDENTIFIER_TABLES_H
/* end file src/id_tables.cpp */

namespace ada::idna {
constexpr bool is_ascii_letter(char32_t c) noexcept {
  return (c >= 'A' && c <= 'Z') || (c >= 'a' && c <= 'z');
}

constexpr bool is_ascii_letter_or_digit(char32_t c) noexcept {
  return (c >= 'A' && c <= 'Z') || (c >= 'a' && c <= 'z') ||
         (c >= '0' && c <= '9');
}

bool valid_name_code_point(char32_t code_point, bool first) {
  // https://tc39.es/ecma262/#prod-IdentifierStart

  // Fast paths (no table needed)
  if (first && (code_point == U'$' || code_point == U'_' ||
                is_ascii_letter(code_point))) {
    return true;
  }
  if (!first && (code_point == U'$' || is_ascii_letter_or_digit(code_point))) {
    return true;
  }

  // Minimal error handling for invalid code point
  if (code_point > 0x10FFFF) {
    return false;
  }
  if (code_point >= 0xD800 && code_point <= 0xDFFF) {
    return false;
  }

  if (!ensure_tables() || id_start == nullptr || id_continue == nullptr) {
    return false;
  }

  // Slow path: binary search through the appropriate Unicode range table.
  // Each entry is a [low, high] inclusive range.
  const std::span<const uint32_t[2]> ranges =
      first ? std::span<const uint32_t[2]>{ada::idna::id_start,
                                           ada::idna::id_start_count}
            : std::span<const uint32_t[2]>{ada::idna::id_continue,
                                           ada::idna::id_continue_count};

  const auto iter = std::ranges::lower_bound(
      ranges, code_point, {},
      [](const auto& range) { return range[1]; });  // project to range-high

  return iter != ranges.end() && code_point >= (*iter)[0];
}
}  // namespace ada::idna
/* end file src/identifier.cpp */
/* end file src/idna.cpp */
